,ALL.1,ALL.2,ALL.3,ALL.4,ALL.5,ALL.6,ALL.7,ALL.8,ALL.9,ALL.10,ALL.11,ALL.12,ALL.13,ALL.14,ALL.15,ALL.16,ALL.17,ALL.18,ALL.19,ALL.20,AML.1,AML.2,AML.3,AML.4,AML.5,AML.6,AML.7,AML.8,AML.9,AML.10,AML.11,AML.12,AML.13,AML.14,AML.15,AML.16,AML.17,AML.18,AML.19,AML.20,CLL.1,CLL.2,CLL.3,CLL.4,CLL.5,CLL.6,CLL.7,CLL.8,CLL.9,CLL.10,CLL.11,CLL.12,CLL.13,CLL.14,CLL.15,CLL.16,CLL.17,CLL.18,CLL.19,CLL.20
g0,9.638624296069267,9.214783668068712,9.916347740103237,8.742269500287264,8.372759126094184,9.857444565131425,9.070904986452277,10.467382080889774,8.55919493264351,8.646450470958465,9.638855763709746,10.021486211186636,8.790874135391945,7.425216066525706,10.390318695805558,7.574449762216869,9.462010982680969,9.111341252153444,8.282840987216655,8.27245582457353,8.561922881920403,8.016668340576777,9.400369364729338,9.718678002206476,8.460134602135879,8.659874211115836,10.038120883593763,9.296247384904904,10.024179441806666,8.41733412641073,8.090090991404193,12.41795553474865,11.232284330251325,8.517594984196409,6.691434405009669,9.330153069589839,10.194737448135292,8.191025815922357,7.769868971259109,11.504042317758561,5.057833641459582,6.410652604284599,5.982967111331145,6.160256037555175,4.65097901660536,5.405563229387423,5.684257334753252,6.011607960005047,4.657710501990818,7.089385429008847,5.967780822861114,5.330885630100915,5.184594267849078,4.543522956018222,5.150972126804673,5.753104064318387,6.1654196248356845,5.750684232831291,4.812424872721637,6.235014760357755
g1,5.813672140805712,7.114072221947224,5.993751393793501,5.379630049131605,4.828356109488746,6.415048576007318,7.193006453475329,6.519342831598228,4.115298940468365,5.281346296344704,6.171323022852664,3.822468149431006,6.36826761004409,6.624807531126482,6.190951787190124,5.5306529513156,5.886319735489525,7.372342756658605,5.6997007087211085,6.016721358778868,6.934027077182162,6.82860857295217,4.7154025357631255,5.407789822019805,6.018668769863196,6.205241168508267,6.203525237034016,6.6098114907019605,5.034330560330004,5.668419089058978,6.007721239191065,4.588644357239031,6.48329826121706,5.107150189141603,6.158203381729844,5.25435015466303,5.270225731189967,6.089737968718298,5.934417658568665,6.8172936851938255,6.12607484884049,5.98152748847436,5.7370283125616925,4.298256657940534,5.292052152240624,6.434430853934987,8.873955879933558,6.706229555122684,5.362760851106073,5.845500569255387,6.389510071391536,5.161953886649349,5.593815678186301,7.301499521649224,5.231611425370391,6.948859957092624,6.8528275340404035,4.164635305178755,5.2906018956808625,5.131673122617272
g2,4.622178614111404,4.405116885404041,5.8428933996298325,5.895891105366432,6.8968029415796925,8.009140956248803,6.922028045383009,5.381867925563432,6.777907895494437,5.336044428826812,6.590517389146448,6.590004278363551,6.688777968275026,5.765907253237603,4.985079748200858,6.761859838805405,4.524300532657045,6.832110147285544,4.791974943937145,5.3884510784976225,8.985599581341834,7.811648770796973,7.50391476649154,9.039748798993195,10.32164724878846,10.02375986085088,8.46926148471575,11.234872835144657,8.98348183326915,10.316445286730398,8.847036481920322,9.504907030932772,9.592856995268466,10.8842234201904,9.152644334330464,10.201577838933629,10.615436143957455,9.625022747191121,10.89035448598509,7.011094962238625,6.148543808272593,6.71359123557967,5.307319753010288,5.238454751287975,6.545148136276283,5.293468815384983,5.774135858769683,7.443391661582509,5.383555139766201,5.551298865195983,5.6501432289103795,4.5993350388941225,5.180825491874494,4.764222474429169,7.214489515806266,5.311679686834784,6.5969283133260745,6.111095208123354,6.918061460716604,5.874503257025796
g3,5.649480902395324,7.916568556625183,6.44953963299424,6.729046036279582,5.432030510273949,6.204514151628935,8.237286262440167,4.575413282894614,6.131931275449383,6.615702996922919,7.394405551158972,6.492288320841187,6.79251679332185,6.492261035533072,7.705715460843452,6.226757763980635,6.11143189827568,6.7631629139516445,5.419426528644305,5.256361117869215,6.005634746482743,6.915774961733799,7.390140305847177,5.426201730037959,6.029453064848251,6.106138853202966,7.610281918895097,6.295358218773695,6.727918974241215,6.420128587760486,5.701843201127626,5.23196648485963,4.317991942699229,5.340697811210069,6.514455306369641,7.810508790154103,4.97440570595546,7.108167324052658,7.531366730206467,5.177780630704652,4.8773195699779395,5.053674675594396,6.412280320239771,7.841956169316987,5.396783095260512,6.275781641217119,6.2485312203390055,7.023636754350765,6.132632909865461,6.891171424462476,4.89017492561399,6.489486894347371,7.6427707278398795,4.978529449832722,5.804027181625146,6.753632347953465,6.247199242765155,4.7815760094283615,7.104472677835432,7.129006827327618
g4,6.974180110090123,7.601518957442118,6.462656494058439,6.885853225278994,4.125947223688864,5.32644659611635,6.42492398361518,6.903268012088926,4.25253794077245,5.679833073692828,4.854861462703904,4.915223391008684,4.672927653791894,7.635439674988867,5.009779839948719,4.754899283423612,7.301811142092302,7.210008066370557,6.478506816523705,6.711746695353821,4.446439693211698,7.139660102759107,5.17509667119233,5.95285995333966,8.281114780211825,6.307440218672856,6.548025709599816,6.374244479366241,6.9805903412160335,7.748504173617445,4.666786331082875,5.7043765401712765,6.960209513753595,5.558124244159085,6.494112300874546,5.5737348134399785,5.34503509770765,6.288262892185518,4.010820717874758,6.428769256386617,5.774111300857667,7.111505262441429,4.650775479113492,4.905239019768407,3.9196678162394756,6.953734660535616,4.677106021566971,7.375104026873117,6.489853891723927,6.808557546488821,6.457914277752167,5.554919988134575,5.823056400339335,6.300280881595655,4.77866041411624,6.29547866874161,4.791649515254483,7.554007920262203,5.6350837713703665,4.214416671130051
g5,9.297144047452878,10.701665793751308,9.217430432561514,9.82921843193472,9.372629344696296,10.71058288081213,10.321787608547378,10.114372725842486,10.096435986923398,8.537842076487582,8.231150820306176,8.874730166022356,8.669387591176086,10.390955244681244,9.911373763749083,10.862545367079141,7.55236672205405,9.898204719525609,8.079333613941305,10.004202184214558,6.569227584541359,6.579448022772129,6.782699501517972,6.513060114338,6.141649227214645,7.28849803506527,4.244414109872023,7.5760401438882425,7.109488982770555,5.075057272900714,5.15261850261962,6.755011117899252,6.024356281992424,5.069414947607292,7.454253011296548,6.024317911412927,6.80731387795692,3.395797089597873,6.5570150952307324,5.4775968658514635,6.276126730965819,4.155443020084597,5.426802937760321,4.5968070015184725,5.695902157678523,6.478675405973526,5.686310848295587,6.880208540321618,5.164263136882025,5.809915928029984,5.350319865751909,6.583374135566159,6.4392870937897175,4.9256656937669,6.026526107034284,7.4173083023118735,6.898677034955453,6.4808561177865425,5.650554118858794,4.444665673475313
g6,5.7901368613652915,6.608788889835709,6.659653696049275,6.480661227631801,7.064242364734623,5.774788541387513,5.710305466253397,5.319946237493827,6.163948373358415,5.597785422797849,5.100286222006227,5.519573921642011,6.3146467093917575,7.563831491073049,6.415275282501115,6.103094916569547,6.018896130922928,5.548525586464071,3.8944907518008476,6.861151759161472,6.180923815261476,4.115383763056388,6.49077506231271,5.455907430227853,4.350586044883939,5.696916534528025,6.018719411124985,6.790550431906121,8.056705103943347,6.284524349566798,7.006719306532527,6.843574072549934,5.808572589287326,5.741532937620774,6.526858509883433,7.194735188712162,6.121929247712222,5.771938607849853,6.235320600566051,5.782271596209526,5.616045092347412,7.231425090626997,5.802669238718123,6.611192725013865,5.614090693479704,6.282885267706073,5.669503987778852,4.7604722585285035,6.7847661869221785,7.117609300900969,4.454037966477308,7.161831726279402,5.620945006717148,5.711013444747964,5.810773103654291,5.865394848874847,4.729334475857234,6.109783804613679,7.4953656557744015,6.228574229851856
g7,6.834616671534651,6.9875271456135,6.613231044173626,6.257185406913133,4.5224498782183264,5.508450386654849,5.572587422108367,6.8260161852514365,7.312442954446671,6.604101468581784,4.777061402500444,5.8639825437118045,7.0580455270555,6.815778942525525,7.045381825862675,5.605375367860673,4.765502723324012,5.747433749298147,7.759978237454254,4.843495288162236,9.36417639054423,9.129734492480907,9.579567711885266,9.336450646933184,9.015160386108118,8.255454610903943,11.817568875967734,9.182554747323259,7.506712282033606,10.462269869694122,9.349674524553464,9.287238985545072,9.516744116436971,9.39777617557531,10.347766764018099,7.496312000485238,9.01941042458179,10.713263892235961,10.649162353001538,9.179451307715073,3.6903634175146447,5.4499523608135645,6.07653639667972,5.841361159802572,6.441714759463493,5.111508893214484,7.586914669918521,5.953348383669959,5.971902160421519,5.917005939292041,5.810600053699704,5.667693948508145,5.977698678963389,6.648120490413919,5.916733768768563,5.740434342157002,7.599954455999654,5.361237501245744,6.5340076260291635,5.339058570432709
g8,5.7339387101937564,5.330259112467318,5.957616905121132,4.668474428078392,5.951155460545761,7.6589554514279605,5.822243143803612,6.171946449938368,6.0412710340643425,5.1311294410215975,5.967142854764087,5.937274573916441,5.164000233336448,4.677472922948267,6.041107825759611,5.770025246677789,6.1369037772882935,4.655607609925076,5.043059855481315,5.0562126113359085,6.497385573461703,7.2822535997801285,4.898374516035215,6.353293331206144,7.007448993071725,4.9748812839104115,6.3324471280527685,5.225630580943659,6.108073931121546,4.3084046741309425,5.6490075218460225,6.320466568298994,5.330763432255123,5.288007275772542,5.071534825533522,6.053306877705239,5.950238276621155,7.09761498955357,6.517206690618943,6.022306394022572,5.766527815442986,7.255887474046499,6.1871570107467155,5.291248497282484,5.810003374607783,8.99571913010923,7.399761596898738,4.382381787037419,6.74400886054037,7.602139615294905,4.222567641101656,5.223238193329772,4.77836042354466,6.53871295057121,5.544809170130764,7.256088228505876,7.617149585992058,7.160142986488199,5.635968098340272,6.789152856298659
g9,5.220895952536662,5.640882134241751,4.975167787184105,5.830069000080623,5.523377545900045,7.155082992252938,5.562011041475369,5.244938939971514,5.774699563795469,5.744630666939522,5.6041282411388105,5.584123932902911,6.970730793929489,6.490790161881307,6.328904917639415,6.073041846216864,8.160188685257063,7.778005515333103,6.911407878883921,6.1142987894978935,6.67601048064198,5.417389358690161,5.146311685764866,6.0795829659740495,7.069064775546174,5.509167235430297,5.941246953227598,4.687671954418608,6.994984124816056,5.74504823289366,5.4777861874814135,7.096850802376363,6.584459433138809,7.189930895370188,4.877959858324019,6.9707250604669,4.410480981948571,5.761676840692908,8.731670811641322,5.537703627940089,5.6207658892894905,6.358013319756384,6.6568302980495,3.9563490901796143,5.510580496769928,6.039764163635564,4.596047286018527,6.589214888362201,5.400685602652383,7.847171254484714,6.658300379700878,5.034745004602106,5.565757959925573,5.390021526094326,5.790488397476529,4.747223115973551,7.728340891075312,5.918192818620767,5.262606957152267,5.858642377595799
g10,9.696546249632416,9.027357718435947,8.363200203832616,9.492508361042072,8.430764515007347,8.959539119723315,10.079701888565795,9.423325936777129,8.562466121116923,9.177658675483748,8.134755280221441,7.64789609551676,9.517426421218683,9.095307513025725,10.027806151216609,8.634042591672277,10.546887151482085,9.17659969970787,9.952783822034856,8.808367296323091,6.855610494144575,3.527420158739593,5.688433370218071,5.649337457459891,7.404708849251454,7.133778062732544,4.841525872845162,5.937860480640769,4.752015484145668,6.000617826401141,4.933484707489573,7.807086738764207,5.641706995911409,5.35245442631752,7.480555669926568,6.772692137894498,4.201990149380101,4.58103082011724,5.8144261319950115,5.417857592894478,4.472237227759813,5.76199250514337,6.321306215951998,5.472122950254685,5.62823374017319,5.384078356395207,6.356531525029594,5.539221776717568,5.157450823397064,4.543272585646235,5.852031122701291,7.442396363973068,6.8172323409026685,6.658305815128914,4.904097869785334,4.5230347137812785,7.494956625594371,5.81184170653777,6.138633488595331,7.061037149466351
g11,10.42420300276941,9.15078280536112,9.372584522137174,8.867621484849469,10.887399403187498,8.872253590497584,10.198423472354609,10.710707599839594,8.914085036185238,8.711058937426458,9.173819249255294,9.031411535255607,7.788647219920181,7.9540926626437285,10.275156422324965,9.297753688478856,7.954100417252551,10.20581162371264,9.70540774299478,10.151431557298958,7.5322814796346425,6.162454169418,5.991233308796501,4.653368669879909,4.937584145462496,4.053774619202053,5.440682893577595,4.981122672497868,6.142175495141734,5.114386047574797,6.0284105394370195,7.306404038587698,5.636228710831881,4.532064731717529,6.925044297209007,8.067446334220804,3.9869603623260623,6.635428352743544,7.742819317547824,7.005302644592239,5.58124174160202,6.331509540949254,5.7187748505306795,5.304348767470601,6.902689042187708,5.437992810712987,5.463177824691023,5.9582369276540215,4.785637397011923,6.562536354685631,6.184274744129659,6.374830756520725,4.437846199398271,7.313770067403244,4.684269288632214,5.625321929094634,5.692065506169072,6.390732775108054,3.904066030395693,3.861523438130785
g12,6.598085559036503,4.724720828788151,5.764781448037038,5.309876135018971,5.795533264779529,6.555292487456424,6.323127385644898,6.25493703109925,6.03101025575988,5.477003876795247,3.7750798149627824,6.960054592516505,5.776833495003621,5.5800821129930025,4.98853755633729,4.626015751860912,6.244385954026763,5.290348033168618,4.7198500521772075,7.541546553768457,6.182805760901881,5.22892912298813,6.209410671635327,5.104597408617814,4.93802675999976,5.805120724514134,5.499874962900231,5.760592888339528,4.669335978600811,5.7309441506328636,5.827227085780154,5.122587364314675,5.806055296005097,5.670602639786335,5.212134219731782,4.673801940487119,4.577760909811877,4.803921449359871,6.548316972665475,6.621557195146891,6.829964745802138,6.054558755414426,5.533401274181844,6.387017721132103,4.494509752142654,8.077008177856937,3.894161493539373,6.511079400795807,6.117000963103837,6.848529042849286,5.506341471682771,6.227629380106385,6.671721449630066,6.749708636836354,5.77722201090669,7.528043913502219,6.969697193325129,5.682624538096619,6.395552548170905,6.017914084893698
g13,6.687972428260502,6.837781045608029,6.650426302141544,6.925463505351006,5.620942923442676,6.344512159801211,5.914074282939579,4.547945070518021,5.5001308306309005,5.864058984756955,7.0360055648534345,6.014458509031344,5.238396404189423,6.122802237345375,6.063875221240522,3.374466455926167,6.507784500585282,5.312863950611551,8.318949738565212,6.202986581490166,6.539565741619062,5.2432079065858455,5.594251113203637,5.667611977983831,7.140183636989536,8.54695862988294,5.701452110470442,5.312560783387842,4.313321038475743,6.779010993558286,5.448868723092206,5.694324241484496,5.97201721983644,7.075542834376011,6.055076257314517,5.772828458320177,7.946952668266361,6.2801058682165305,6.95713398606724,5.283506087890723,8.612850837376229,9.128387808267481,7.922641501072733,9.443775443784487,8.675494778641944,8.359351433803347,8.93729669375999,9.055023096551313,7.852711026683978,9.012267093889307,7.284688646270751,9.309225415042956,9.329769054315575,8.49813192345478,7.926381298866231,10.0033868620854,10.38751525738406,10.307448983582866,9.02327984880884,9.275285182617134
g14,4.445515171052849,5.3360836620809575,7.119794915047615,6.062933589977795,7.575540655650956,7.459734937243268,6.208015296955861,8.167651578833372,6.1242782102938875,6.172093450183291,4.9508432611893385,5.394045594482219,6.81436459844466,4.838463102982566,6.107713934460556,5.7312404403901756,5.592669689190247,4.973475468153557,6.127839133479218,6.121951563640046,6.065076294407231,7.034342538527957,6.424236714720346,5.111025266256818,6.127915030805572,5.044895249794995,7.624529793181127,5.531633967450025,6.558647620238613,6.685327822158993,5.299205860925208,7.047764668319118,5.561121896081189,5.990580484100532,4.602192643892,5.94716173352581,6.420005652257327,6.580797832892533,5.63559388277706,5.826825290298181,6.990687739890248,4.831479640390669,7.07216919416504,4.831856181177885,5.222002744412475,6.141245497105641,4.773135791662929,4.924922702478916,5.950117982056405,7.424445522079752,5.7962132392696475,5.463321112871533,5.903028740769182,6.165432217930425,7.784392763753968,5.019029158940411,5.240860603913556,6.248169823080081,4.76443563662031,5.124235370482343
g15,5.584513930536249,7.296898636368169,6.088256760089737,5.683667641145817,6.204086571824388,6.54076259950474,5.307833059320991,5.585701690680754,5.753778825328696,6.520547864265087,4.483729293291028,6.894207722870032,6.617476861581392,5.568831755769758,5.8223964836443205,4.794343523063776,4.449611180945631,8.214971732901935,6.311462010434496,5.932089049740144,5.180305868959338,5.356307950888057,6.709838208053498,5.678522659312934,6.357952240892167,5.478136570665092,3.657016237875889,6.760251129519064,6.787456459004276,5.654060875001343,6.452967780227261,5.374780264862186,5.272555091237867,5.762787092243162,6.114426333810441,6.715149472635474,4.357377457103621,4.97350103852313,6.999385050797895,5.66874365712992,5.105942415871743,7.851480156002305,6.181819257501561,3.985976558216814,6.291395643683607,3.0190253422310476,7.709174854520593,5.9272432565696835,4.8599310860701745,6.354601657736531,6.550884650706129,6.0492905295771076,6.682924770985639,6.457563422965223,7.397600939494064,5.482552328980328,7.780773667359523,6.176227986837186,4.705834825802924,4.460511671704038
g16,4.35245569115946,4.863516471403494,7.3466193539998175,5.565583753129779,6.290597309432081,7.448804531543976,5.0340920368012965,5.435585368137425,8.296500152168713,5.984346389484594,6.67995913671313,5.416597917451766,4.880940075070257,6.390535682389327,5.91898213912114,6.823560928410048,4.566337912312573,3.797226970497499,4.398335483568175,5.684070868327728,5.473618723025131,3.5114947564003542,6.238756003427203,4.247953709592695,4.938604527289625,5.413515473947711,5.157769974278752,5.625196143077955,5.9461071796665905,5.018078423349235,6.344819368922542,5.899085650493366,6.860069761573897,6.899605328766855,7.6092983316045375,7.043904917532367,6.532182239942628,4.523055351358813,5.4842952782928345,5.33618585787029,5.035106601095538,6.428037664646674,5.645049316316971,5.547655030254554,4.779753568904951,3.848858834580511,6.244343109710844,7.275180652567524,7.55369494412179,6.561632269333586,6.550661817205055,6.14305556360911,5.194867628530606,7.098754079424035,8.013188888499066,6.978385607621092,7.045883563124696,4.860109883795074,5.403181982756632,5.754566116750154
g17,7.319051128254516,5.63766729425833,7.48381508525726,5.896436756285644,4.801643121155101,5.795857848897933,4.188869555722405,6.503620585183911,5.425713620589402,5.503716694185779,6.046590920706208,5.4301630561776015,6.146066440716788,5.718278086130022,4.8905794062285,6.5246632341564235,5.501574258520255,3.9125314206773454,5.8105768552626165,3.967473590166648,6.31119663023907,6.188849663892877,7.373905371359863,4.768605536521234,4.728746735778264,6.767515461611513,5.010156479351203,7.073106663310419,7.261374258124999,4.355309690267105,6.093266901778021,5.137214981577848,6.218987447381734,7.906462365744458,6.809324557402856,5.344154338901923,7.31996934438947,6.811513242435675,4.994550637179278,5.828908660850558,8.054003367814634,10.889346264199709,8.69907493804721,7.911884527348178,8.083661431946624,7.705919924663493,10.111943842644084,7.292084310539943,9.058400571704668,10.096452703034998,9.260394736771307,8.257755036457171,9.659380230855621,8.435261714364422,8.22096290031009,9.392492024096988,8.927141425144962,8.963126000965724,9.28274430663282,8.02527738079224
g18,5.961394230295255,5.064349916021337,7.295292369289794,7.142523541109318,7.215277531842019,6.449785982104867,6.128082413326429,6.795077675026843,7.485985779084151,7.793777391236583,6.175862838448618,4.761780879730059,6.23961041760299,6.783917392436884,6.58497100059764,5.903720416607514,7.279387798754302,5.516090650784196,7.429373488711118,6.632278697167978,8.129138858979701,4.389515200491846,5.974996225181092,5.626539681830222,5.878756042434918,4.514194332181104,5.270163338228027,4.989064415108746,6.419822842214876,5.573507535286751,4.443416961875053,5.8745085625465885,6.894231590220375,4.415587745600042,6.2885922692074745,4.851140962069097,7.071727079309888,7.079022666130834,5.35134691069783,4.535999228201802,5.331250745800015,3.815455778892219,4.7072421134967035,6.561154770762274,5.560867541097663,6.844886631907057,6.082786381774168,6.3853248460741945,5.644958041562684,4.353913537116117,7.029611323251672,5.400848208438436,5.595120759807477,5.508059280884757,4.181847608945633,6.555968081544928,7.277438811402201,5.8697019056988395,6.19836536967825,6.966713440376995
g19,6.4253906630577875,8.559950763736452,6.846796688070996,6.0972762594012,5.3996102056203945,6.383803459031493,7.341893921993116,5.178077681590843,6.656056977520334,4.655775595179039,5.21314816762011,5.332472539924959,6.180952818920905,7.121830315798105,4.735658059709139,5.762651287596327,6.348520603671814,4.564032541023433,4.747603913112114,6.030447620503515,4.1103341272557365,5.45141801163697,6.540239858850419,4.640923959228852,6.168239454362855,4.736167909828894,6.6972426603083335,5.685466348769739,6.336123680254344,6.040922630644952,5.194921948652686,6.978448756093199,5.97936125851798,5.759276579482175,8.845982516224485,7.312943831177598,7.077026005193796,5.274780975435917,6.210240353271851,5.176900967995346,6.0707590614518345,4.328144223324179,4.820123972912075,4.558834238154646,5.108947988407488,5.381922137790967,6.209559874814357,4.564505392823798,7.473592813891864,6.911552869865935,5.555235044407392,5.435005870145629,6.111680874694831,6.2243379520929345,7.012772324966347,7.400375573880071,5.515959137577008,5.66792803756266,7.069609179067638,6.284354910817132
g20,5.054202060868489,4.264198032166232,4.536554697453695,5.002842142851161,8.130045915821423,6.913622702098064,5.43867858646889,5.025116237159006,5.457990167141788,5.276991969811568,4.813430802008227,5.259776432751729,6.4073371042408755,6.53896253071988,4.968262071220709,3.51425556524471,4.577866762440638,6.473750898954375,5.566761483697401,4.112373677863176,5.5854394174764455,6.4804114442357035,6.2280761674345175,4.960281220158739,3.1376768232067165,6.756963608122618,6.64003556921572,4.855455050363691,6.208223741191172,4.887218088814477,5.420996096492754,6.169829017544251,7.119421947750531,5.950292129763817,5.501336763959316,5.471063624031555,6.528699082431904,7.219149794584325,5.53917806924774,6.105941180627795,7.301143104306914,9.04860360086968,6.689601382180218,9.719478345096292,8.904773959314738,6.542876498376755,8.486425933309617,6.998925634632755,9.210767163620154,8.96481598198434,7.648528198556395,9.391910269645402,7.779197757511411,8.072434124391812,8.49485944243947,7.330578320635385,6.570597241598373,8.459627093618504,8.475472846138015,11.091626622121865
g21,6.520034174881406,4.825583075159635,5.151831432288685,4.400230866154282,5.895299899530883,4.161510462263881,5.962661563375597,5.422598355023068,4.629487828089969,5.4116326118147935,5.886690649382176,5.445877030779766,6.337015458846293,6.97589475024891,5.586870772767736,4.185873853189074,6.377830939645422,5.275737443855172,7.72217978723401,5.745723197264425,7.57316708950839,6.847023681138238,4.882700493326775,2.930083566095222,5.278590334244828,4.734077386615748,5.737124833505963,5.737460362033556,5.0531090158482,6.302772367517437,7.786253326601473,6.2758365109445435,6.136026861311625,5.258546572980318,5.953039656424981,4.745777327073454,5.91732623082314,5.392114294770346,5.462901685811137,4.791142496588954,4.602448428394833,4.883439440530653,5.409785147503287,5.549707703144695,5.128725813126625,6.636481566667401,7.882853368442316,6.3118631548345725,5.587869326510899,6.0775285575307345,4.509066727115696,6.866835805643219,6.523962907454859,7.087075749043542,6.1671424834889805,5.525483212836067,6.247911007662524,7.526890962427142,6.8428674285255555,6.792947654461726
g22,4.523258223088827,6.4294034095010595,5.554767812745879,7.110724599707645,4.90073299523222,5.135791811340667,6.862116635186249,5.943210271201699,6.685889034192062,8.025240060581542,6.752306212057762,6.387357741276429,6.548906427093414,5.932713595206019,5.824742921316709,7.0000327099926745,6.533521584350972,5.182645680183026,4.925600860339437,7.019566447661182,7.216707273342032,5.465665379810202,7.3728992818474595,5.966196494750074,6.548118979898298,6.00621793079416,6.551868333675796,4.469081056748754,6.08550548852675,5.652780809442395,5.656739388741941,7.215336711196159,6.142366632587675,5.622054229878856,5.5526163967907936,5.4640655633814585,4.575403644171213,8.257995959764107,6.215416708755184,6.027613071048685,6.105830475917613,6.311741177740707,6.517932406573331,5.743762583747174,7.091783208764639,3.330777238825061,6.47438836387139,6.916207983318323,5.2732183608856165,7.847874635170768,6.0089274207884715,6.05300030006565,3.051607029508434,5.418149362735544,5.631353935612993,4.938926233710929,6.2615253348192885,5.6343862919770205,6.45576209517595,4.8737061538551
g23,7.406180356226198,5.785335313385224,4.801447847076027,6.466882540687411,5.686149345441379,5.739749728132675,5.598027930183516,5.68798205364852,6.550111623097388,8.212457240781108,4.782709137250792,7.027342469046317,4.751055921481166,5.791140271131399,7.076421946711714,4.665626966136742,5.454963821473978,6.687002643575771,6.52707113173374,4.491166580679751,7.88000250390072,6.39476485172077,7.560730114958479,7.0814827168792664,6.072660029640193,5.215021287495098,5.580544953756518,4.666463773745518,7.053510826818511,6.289677737646985,6.175255034793635,6.671250999078744,7.8625926904398655,6.665148238620525,4.777538441912768,4.251195906452243,5.628943167565331,4.280538005736628,7.1312015850753,5.0986082146223675,6.2053865134609705,6.338373149957929,5.31116243857375,5.416871517167293,6.83548558244213,5.256425691566982,6.38900897357174,6.1075170889728225,7.1338890465120945,7.849025818792521,6.766591878654941,7.682005914230966,5.776848353205656,6.680152898985388,7.088849210384993,5.299007911898925,7.619935629572315,5.205528272377965,6.572801437461747,4.730611653173737
g24,8.982187587092834,9.680029820089239,9.45960671551628,10.409967538446711,9.872895922180223,8.093633560863227,9.4723203591293,6.914911407824507,9.169219152749683,8.332268643498729,7.28684734537961,11.0476330204194,9.058559270568391,8.882452195022616,10.187117799198258,8.538720836505128,9.804997707462132,10.19484894431353,9.733305851982413,8.014964880605989,5.441758952843228,5.638061029678193,7.002998467780408,5.241041993216871,6.327269185713904,5.032618560364431,4.139258828844547,7.703150496108136,7.398048851773723,6.908637883747603,6.11614771057203,4.865286084332084,5.43529912702824,5.94870477784049,5.640173729332115,5.187591747353091,6.922097597230934,5.619016432926559,5.3445501659309205,6.451438902288426,5.857371372115734,5.827848551229768,5.565829889645418,3.973660109121738,6.435145679130051,6.914558608167872,5.790312760733677,5.725923170913089,4.83593610796659,5.780436175794379,5.933289674246313,6.083639142653471,4.322807207251553,6.794538086605524,6.329985454737514,6.547204479057948,7.369958207645612,6.987274164662263,5.792117127401977,6.365448512286774
g25,5.674195509926085,4.726717136009634,3.5933099469314866,6.88147063202085,3.8326716001935663,5.829353421292812,5.420645749177379,6.824672106318872,8.174991181781031,6.299904868911881,7.461489424545338,5.745287016913853,6.166542864291433,5.268643457355967,6.544875203952552,5.991064006627845,4.889060483547874,7.314860319348009,6.0057337879951485,5.113437367551268,6.066051726528582,6.558710260999583,6.248878834674489,6.889759178754439,5.7481665885723165,6.1443749624255295,4.764823200304742,5.888348362072736,5.6202570551068,7.337843125875741,6.282841004802546,6.203936452357575,5.587636668638663,6.419380796695661,5.386654636987482,6.383502909248005,7.109126024712493,6.613778754600388,7.417576806111413,6.013201825113059,6.149547320860508,6.102899614689195,4.829439152197505,5.259527574302157,6.559394401492424,5.927417260214536,6.840964322354842,5.9517544638184425,6.644255396495243,7.950201648497131,5.748696464730118,6.651375881123254,6.76743447213487,5.857110367623461,8.960909332171001,7.492867942627354,7.472032694646492,5.190701543406868,6.159134355422975,6.174176921016175
g26,7.021339885886279,5.663785378184644,7.1680755584403535,3.9077803682320797,5.388677554457429,6.48761370990232,4.697888565392792,5.248248391867064,6.822434575983481,6.226391743443821,6.520251206339983,6.876145993206588,6.945754333441519,7.693937403591167,7.7602422356199305,6.199341552502102,6.6489419777957055,7.04995392722116,6.744926338347411,5.1761957974514825,7.866270420103122,9.183741649665764,10.859962386981033,7.402372364610152,7.812367779389758,9.15994864992153,8.461846127225838,8.440648250920114,11.67784128680165,9.379084705332858,9.196817076848326,10.921009000648228,7.165662125177132,9.065088418500908,9.854714529768035,9.557141325325428,9.824148987879433,10.342055430932055,9.391319261049448,9.768741348389975,8.476744379999708,9.471185140711464,8.551946040777068,9.025307295196924,9.888848150834876,6.952264201124399,9.18046030822195,8.185958869569486,7.037201373252152,8.695237228149587,9.418308865464084,10.00143332175551,8.474604458723821,8.841217747580993,9.918337239550137,9.119311742932133,9.06251751317011,8.064503121150722,9.125018465456268,8.875054374313905
g27,5.724183494234235,7.956682370920514,5.844279486067942,4.95625800590068,6.0681315198635,5.61595865440985,4.508958600383019,5.667937881634722,7.122594037577953,5.806294910024412,5.071520512477847,6.330560824234771,6.121381258746296,6.645241770846165,4.299522463242365,6.95341576354061,4.989527647291947,4.645777387745117,5.70091065645154,6.244011943349693,8.652107795085515,9.822450267132433,9.102793619144903,11.33431248701727,8.708559923935765,8.49339644576656,9.485056883949172,9.042250873501532,9.096373439176219,10.041569907438127,6.9944610072784705,9.607228745148259,10.421497765006206,9.564576340615353,8.734545483077616,9.514450071139791,9.112558029956919,8.592762898690559,7.860085330154485,8.36870471621952,3.9204151952649844,5.852255681230664,5.968801236270397,5.913325986862861,7.1434020263988405,5.768084448878697,3.9554668374139066,4.9066876291960035,6.278954535324214,6.126253924871106,3.743825221832935,8.868586309920627,4.804437773976128,5.489740846384898,5.587607745716328,7.310337441538715,6.081389392859579,6.556025553335547,6.8488216485231295,5.417119895208085
g28,6.000300461829091,5.596792357080422,5.3484611626457,5.3209691485162125,5.679351521284147,6.229068401755032,5.915749413748434,5.693909411510465,5.775205626560386,6.463924345734538,7.409544848777422,6.792622655142269,4.682492289554593,5.786909121451287,5.7296242503808745,6.599547756859859,6.206851296271144,5.995655780220266,6.444590640201023,5.319359074262817,9.006515616014607,10.355305357804015,8.429122339485074,8.22157615680879,8.987002773739349,8.060349820763538,8.118851491381196,12.527133419625095,9.589718369590559,8.233871032325382,9.561238749020976,9.380509999814201,7.542795309589762,9.617048916207452,8.643141241741855,8.213477624266103,9.029667627176858,10.639784045895574,8.711953276368423,8.419713639171102,7.652860281169806,6.43341350943237,7.6411596389298095,6.481502426820741,5.227960594391802,5.335778747140159,5.369233996752795,5.862410514262335,5.991338001480838,5.855475853802183,5.493866419763712,7.810884439262003,5.942912593101821,6.434198932308304,5.458352814614868,7.651440440129695,7.517527712122012,6.141980811357781,8.749731228041592,5.115546492107836
g29,10.201084915805254,8.25371339521481,11.167660193168214,9.42212594530411,9.059930673458101,10.647376794705554,8.813314419040307,9.367886136639935,7.899011497254275,9.973088052756776,8.040308758223974,9.270364354563373,8.457810205780959,9.628118230272431,9.626070832956339,9.12270598590112,8.796310079450926,8.721976454281492,8.76632515582382,10.050966199634514,8.375588204186585,7.420627675326893,7.994951376368537,7.615367125962351,11.091435114026742,9.092736282084186,8.143734239072423,6.953667045266094,7.468708647651248,9.005253914731352,8.174211052774439,10.171814665833425,12.273166768822596,9.965033707545656,11.056117536941446,8.977076775329742,7.630130919497709,10.022783967129966,9.32563568795459,10.162510917203123,7.296120217218909,7.8889479318575,5.705050870736983,6.893293161389219,6.520132317876333,5.697837578723028,5.550658682088713,5.578989411959191,6.6902554382435016,4.964430062820021,5.982349428441339,5.303260848738816,5.880143405161076,4.982563827082487,4.917043253437948,4.409353488182229,5.581646663319052,7.103943142585495,5.192044223217953,4.860220231113112
g30,7.798343858805573,5.4059966441431335,5.841635205760242,7.508564266521072,6.7847720760008094,4.842713547948975,5.477705114075995,5.670797245156435,5.75659917671258,5.906882872544698,6.054137918494345,8.597684805644999,4.850062990463077,5.294644562484713,6.499401856004418,6.659796144624622,5.215597795351141,5.9937167218787835,6.641829400609051,5.876378062638912,6.61830945780275,7.070500413157729,7.78882680290782,4.734812632903713,4.4441697249119585,6.083942627760475,4.909437801020637,5.674104869813162,6.189865710994805,6.621697118504709,5.751102229727075,5.457905948066122,6.696247642621444,6.383968975662223,6.4251726171798484,6.1967625865485365,6.42444551173015,5.821255087065745,6.27160814337609,4.483527883567928,6.203868002136987,5.495541375009678,7.354605480032914,6.69755581787248,7.8644062176790825,6.366948420647465,5.826728644047916,5.392980243574989,6.564744427337879,5.301151561967793,7.338801890476857,7.079645844862355,5.551455605933319,5.3637940367288355,6.011427777112059,4.673430202397636,5.41539064970284,5.219513986624762,7.091566915354326,4.597779708336161
g31,6.543148845398145,6.892146947370415,5.207869402995839,4.793317419724755,4.356876486389558,4.51111912213549,6.048993972237997,5.425137867554089,5.489442163663897,5.806725922238801,6.161610913481838,3.8141163943666063,7.218344633530165,5.371619337685621,7.88171431688647,5.823469800762979,4.991790958271794,6.506302869273377,5.550427240992576,7.093919667647467,7.79466016927166,9.81137103710267,7.8567690813344555,8.835050392704785,8.006547176393726,10.937950621112472,9.812035078344598,8.96559814708124,8.497683835960713,10.368923976760847,7.899863422432514,9.901708742990929,7.7840810291052325,8.928050407715006,8.953509341259554,8.567547555335972,9.590793283675223,8.026839543868396,8.04562120070328,8.045598775071529,5.795825044692855,5.43996071271145,5.4983400873598285,6.34571368482868,7.071324515295908,6.1270890272204594,6.412716490971132,5.7881234353732625,5.999081229085763,7.379201151471525,7.095247421385933,5.912815072602073,6.09305439306374,6.650630572037499,6.800753749300795,5.6931785063169595,6.629665042334289,6.1002482105377815,7.3033412801214315,5.865998312169913
g32,5.823834800419778,5.6614203481804735,6.473830316657785,5.828631177779532,7.698872701259352,6.0106480957084765,5.366287241577188,4.260159727603906,5.556523119066152,5.778670558705252,6.672174357391478,6.054853531324271,5.994265468963306,8.31879293415702,4.583729954604342,6.221210909104681,6.18182699020835,6.5207004472757575,6.56312836101516,7.490571843806578,5.002752588934138,6.311796306774282,4.677689188939018,4.843077516970046,4.261395349649806,7.840107018702167,7.092402627836142,4.714774430682458,6.727523159514682,5.8943340552564525,4.710991630581329,4.9868081304752145,6.389126013226716,5.635303920444062,5.7756129377601235,7.011333241566366,6.783526106294501,5.874210452371097,5.011850155618907,4.378729496760505,8.53367094936797,7.6029893045602375,9.237836438481743,9.236003136385863,8.734404175349534,7.706958363406838,6.591227178422334,7.699571695574456,8.366869586130306,8.764085466800825,8.034673727256724,8.776004482298976,9.051224840034054,10.796969359287186,9.425816955088028,8.958521268706384,8.332551390338836,8.939710393476407,9.365466237767752,9.064743583414703
g33,5.639763214365377,6.334844384604239,4.43114490473085,6.884266015964813,6.175315952059811,6.181259212025689,6.36072836488852,7.658281674893796,5.053724844399148,4.474322562747178,5.996920267272907,5.800156024829511,5.783389786139498,5.60843719267683,6.635340428994195,7.457223833232479,8.43083069012335,7.46185289948305,6.6931790291773146,4.928972958371158,6.801899738167634,6.9942574417882675,6.069263570854247,6.114604728024286,5.521839681421533,4.779976671754158,5.442860563098474,6.475505336936365,4.145391471167748,6.3216606875314145,5.986299001956816,4.427003281478811,6.06497693619361,4.3494885855011205,5.976136887040514,4.084461412743718,6.1661305198742635,5.617033978640993,6.017964852914073,8.097540968347502,7.248468866103028,3.7302776717884427,5.346636324725723,6.765904504360262,5.321518840807113,5.937996377605909,6.168738998227255,7.409517604741754,4.391408237432964,5.9877123144910875,6.107597378959519,5.206048515770995,7.741248158954271,7.293470393007988,5.357499864801142,7.955944993513237,5.819012034736182,4.60252100213175,6.625193770693716,6.7394103023831144
g34,10.217138241810282,9.056269440711162,8.361567898181308,10.686835698935825,9.185891214799401,9.540441035877855,8.887298836005286,9.077322729007488,9.662653702699746,8.618940065752126,7.164209764982637,7.90483219758734,6.571674191376678,9.059197742500707,8.11125835213658,9.493754581559564,9.997783467271908,7.697862255288326,9.765393232169124,9.932181839199767,4.255381439670471,6.0906552709081705,6.230917398674148,5.801634318493404,6.113086313513189,4.350247124510528,3.5323244850915314,6.110687228443908,8.836007189526994,6.554930237945067,6.0576979482410245,5.692879206065168,6.648493753525071,5.656064344539973,7.020089655251217,6.251477098109096,5.159603050948146,5.8786253403830315,6.5187014205374725,5.180062218394169,7.206773354259472,6.2094478025005495,5.480590472041231,5.4113995729551965,7.0236161466644464,8.381897737763156,4.792724829009736,5.110633956064009,5.671691574933863,4.955249838119181,5.012574776277306,6.685889582437923,4.625859072581679,5.421440531331338,5.980675995828942,6.71229362621146,7.234549622132571,5.260487862890616,7.393807530725458,5.4047133500500255
g35,5.365978331446833,5.898577290266647,6.174356632806544,6.777205340558844,6.318735352172735,6.458695550214656,5.070412295583515,6.438589961637875,6.7313880789696405,6.989021161812628,8.245772848464192,6.948050704372714,5.047726171698537,6.113226999587608,5.395654563007396,4.602178773501661,6.52553454864557,5.388071790461306,4.98101860333453,5.38553155677622,5.3734889057792605,5.490774497865993,4.510276255487269,4.979044353264172,5.2133656875771335,5.433295342238942,5.660796412581163,5.925744080757358,5.384830444878472,6.004929587831625,6.522635154871278,6.943229722081704,5.11307100861486,5.290972538840777,5.773306445857011,5.567572312131658,4.847692588907937,5.061749578451135,2.9754584889646,6.168417122203995,5.793284995239766,5.499652179914084,4.599573793379632,5.974505219549784,6.566932452318523,6.3763801982985315,5.454208077656972,6.209245997454479,6.3788064949740715,6.229302361350546,5.0917061665724095,6.538424786869292,7.187864079009632,7.175186617102581,4.335506931667532,6.07213948684808,8.492286685528448,5.618673359662422,5.723454464905295,6.4374296357174545
g36,10.244670194785012,9.32947678837013,9.062549252973287,9.328344068198856,9.953103547224806,10.302889671464117,7.4153126442289405,7.709097439616282,9.9785954432561,9.874792724419859,8.962939801934404,9.57438155923953,9.625306189449965,9.98992218474363,8.937545582115586,8.412507652564006,10.366678747528688,9.425169986330566,10.195165318875056,9.31449427604753,5.551848942847039,7.924424210040643,6.664475806517759,6.179149936421029,4.301553919004263,6.798406622508999,6.578337548399979,5.501479572773776,5.913437696792868,5.773526482780258,5.3186374056005965,3.5658303709870554,5.025758249579649,5.59181468966169,5.766089667946042,5.765940793446752,7.1218959050523525,5.698877334618967,5.232563621857011,6.122414036618307,5.994904053132052,5.531113701565614,5.623118731342794,7.166332804729619,5.194725054159948,6.608893657870714,7.1138293302440365,5.61043659170318,6.199714878917766,5.3011754541825455,4.188692428139669,4.838562533259612,5.497399715956616,5.925330386049307,6.913664578353156,6.6113135394336595,6.901839667982608,6.345249111721041,5.363212815924441,4.6556678292001
g37,5.232669986546383,7.039422266495478,5.5452752443968345,7.611685000784954,6.002815680214447,4.841699754216835,5.5719429251636905,6.3736132397937,6.3066928385033885,6.792877318150883,5.400122758046725,6.0498531504372695,6.4415766341350436,4.562023914407821,5.997575062156886,6.66769508606688,4.951017350074989,6.9031501788773415,5.47233538978668,4.586990116054652,6.842533536322473,7.416127526016558,4.89687069609689,6.118664501782751,5.478611620722368,3.9604132895575805,7.224900387473839,4.114485512132841,6.6355631360997664,4.403146963061403,5.2605237295434755,5.915280316377457,5.869570909539525,7.1594428545238635,5.919564983683734,5.610476532973214,6.986499643886829,4.846510374247348,5.861882310559291,6.953018456465732,8.97265403531991,10.203861582480684,8.239895180035962,9.081997377704937,6.627499908248666,10.052043553785706,10.412987430947812,10.046813997344398,9.811523629559915,9.394842863301708,8.514508010199709,9.053403949284126,7.8476092399712805,8.591521428962185,8.927603826689618,9.203575488170522,9.383139082478529,9.120307572127544,9.954628597099566,8.81259907344398
g38,6.23627180202015,5.513505744740566,6.375677737540649,6.370633479905,5.977490436297406,6.7296640219761565,6.727167721915524,7.138702348211527,6.043509790464548,6.950943741271629,5.508637119929003,5.476755670508463,7.088896483880067,7.433426543469924,4.898134519159653,7.105610917214662,5.552787637583327,6.3269505808835635,6.570294174305497,5.240260949874628,6.474198462313828,6.226758583846756,6.345684995112318,4.421946254062604,6.957648579926461,5.558717619156778,4.938448250331167,5.040261650751029,7.1580376154021765,5.928084014334533,4.668487381307709,5.6507985716009035,6.144457768020691,3.733130809963945,8.207430135721754,6.768561824137589,5.408972375937951,6.631512646072143,4.6820086435785875,4.251477811622497,6.564088572403897,6.350483323670123,6.661849462961113,4.214586169430323,6.103977181482725,4.952860082990594,6.559430586904432,4.366059174959153,6.935756584277053,5.556926094695865,5.76976739221614,6.620855239139054,5.994371122091156,6.226553540048596,5.766228214692736,6.711235799825333,5.171713809567939,6.06396426645824,5.312799766644021,5.926048043373343
g39,6.420859804900597,6.101601295633684,5.255072419031912,6.570885494192293,5.960054727607261,6.760899859049575,4.275094413755683,6.066914891127209,6.49551991141781,5.666634741456009,6.403650326750021,5.147117383998787,7.195896540351459,5.685361227370775,6.8749915256141465,5.248344829895278,7.275079698850883,6.64466555597672,5.929121380767287,5.926606284396077,5.863065357041495,6.8051870032069255,6.923129353179791,6.453162860067668,7.0395323480972,7.192263580010755,5.845341669619983,8.639528642164157,5.614443588807576,5.981797611054908,6.469481378273157,4.955402049058951,7.722095341983186,4.352711111405824,6.050831028969335,7.060625630903571,6.62254022735623,7.365991300711997,6.644083595039005,6.62977160907875,4.292863295203966,8.553336007238737,4.02122885373668,6.77494827246775,5.111541808252742,6.941909762866687,4.619799130573023,5.421833476961856,6.141746987522613,6.192353389612962,5.703702935998017,5.560475060707354,5.636810579917475,6.70318249820777,7.262667062670035,6.286322164638956,5.4263891290684025,5.057004406582791,6.732356994091974,5.650612783749725
g40,9.633465704792439,8.85267447012857,8.440020785573207,9.6407255234511,9.274573366813998,8.737100615344545,10.150261450241356,8.480086550782023,6.521010230139678,10.712905665912565,9.152041771712112,10.046361111193571,10.104080267234165,8.87863011394477,8.998220879877831,9.7925432047388,9.123946767771447,8.762403104770708,9.647207136888072,9.585186427203395,4.738029212577566,7.3958415741236845,7.5042145948748695,7.166021568422761,6.306939992166284,5.74064583665228,4.705525261611239,6.4562517781889355,7.633001428959379,6.2372437686392095,4.587245312365358,6.295992201998347,6.567886034083439,4.900465741375533,6.802960227725267,6.684465049855042,6.56658689051544,7.284717083167592,6.756736425651625,5.635868175933132,5.811785241863166,5.381644118776887,6.391470780862462,6.840794620913862,5.444864835971032,6.056255629838801,6.616272073242594,4.872460229172653,5.070843027790296,7.261171751855686,6.257139153785252,4.861173243247265,5.306231372896038,6.058474390146216,6.763488117500071,4.584134657289817,6.3296017061684395,6.384897260074097,5.337059857737489,5.009603684007729
g41,6.111619928505703,6.513270416676487,5.308352060998314,4.117571420348158,5.235604795080511,7.301901763020987,7.877553394868563,6.740796198107325,6.597719135484475,6.410128209436776,7.642982833479663,4.967002382105335,5.546338925862976,6.8351124244124986,7.92381168122324,6.907359029937545,5.3601498395339675,6.667630966281739,6.71678744784148,6.2890599298029155,7.279419086150929,4.221963750408255,5.872728769185745,7.360012112197337,6.457860082562352,6.373077168266944,5.380680235977758,5.143169032059284,5.608481473080182,5.1519370751654385,4.9745210624210365,6.272755017669993,6.518299232391988,5.751342151744161,5.4368966808718255,5.7382485678977195,7.133675503998065,6.906225082770154,4.802188964505444,7.213695700495464,5.655634824862412,5.30052553691319,6.181773743576461,5.984024662685803,7.519842425826757,6.534259931177875,5.232880582381969,5.8902510020576155,3.8770358498145185,5.698199801880759,5.5641341189499425,6.92117556075136,4.685607351065825,5.593966250853052,7.917101727199028,7.014148976740433,6.064471164860752,5.4262453237774535,5.988360462867016,5.379544418702985
g42,4.6794438511612375,6.7186595496750865,6.813433460706694,6.233611733950458,5.6998397790606345,4.125626927600557,5.8114062483971205,5.798813820906176,5.571457191141884,8.082420765195678,5.2668619156828855,6.328481282020131,4.522523645487729,7.40207017011243,5.795117358268869,6.888887322853667,7.383633822385784,6.262476303668653,5.251833673569264,7.736982191842616,6.582512732182499,7.421074431928899,5.180505716948701,7.534652679899121,6.083716599602047,6.496837318476636,5.544950525120494,4.75377110162356,7.683422247752542,5.489701069367143,6.543556388215894,7.159594844940963,5.707734994687264,6.268275314540579,6.778660350988417,8.115496622605212,6.363266537614379,6.115561343297626,4.913978684184679,7.686686182553076,8.135759874651896,10.816386516540284,8.937436534116664,9.622692528111312,10.497072078045587,7.896732261317288,8.740377889180353,7.457573053819816,8.141508469538016,6.727424251719217,9.46521430727709,10.415838524465517,9.187315660193727,8.957757695332244,8.922242125826699,8.915721846613366,8.82170046539698,8.332191617672532,9.910812960572475,8.20025444676623
g43,11.862368344621158,8.684890805692024,10.07244230236303,9.67624952127563,10.477178294496166,9.249210724794192,11.468112030066273,10.890237838758763,8.394216855530319,9.980206099177904,7.849522181467261,7.422904040613998,10.12281373962412,9.468811605649641,8.948018356780576,9.278368741388213,9.685128619591826,9.199900630462498,8.722052881245652,8.832326291202484,6.607782159421189,5.855058776058332,5.8064803749695155,6.063989873707413,6.003916765668412,8.182595857671988,5.00605998263335,6.418446114595717,6.159765429066799,6.836683159115276,6.166217120195195,4.9506080550341744,4.82360837984487,5.0149307934133915,6.4557381041466355,6.210093703530341,5.220752974593991,6.196784251485134,7.089471226224039,4.464275969686722,6.907304102882726,6.698701009400343,5.006911873526477,6.394291314430667,5.082726557938924,6.76512324959606,6.628118837411574,4.325340020118799,5.658057983880453,5.418929625981407,6.438352977480568,4.328187536707337,6.283379874436459,6.374115113809469,6.835165044202097,5.362362173433588,5.20946418947114,5.703976143822934,5.448856471026113,6.653220788419785
g44,8.402283987946465,8.702789684723015,8.361241066421806,10.345239084486632,9.750511276726467,8.159616676509552,10.4376792171311,8.254805218659637,8.601465123404534,7.260759144520614,8.776796909170953,11.082859532086722,7.943735952613169,9.867979601280744,10.078173333331545,9.91147251914743,11.535966873644306,10.36951470537085,9.334802710733978,9.16933183867316,8.100409383201317,6.5911805333114355,5.504754114537398,5.421400461758218,5.4163910072832255,6.071626079378392,7.613774496689141,6.906113273565658,5.2739509067969275,6.819353290514737,6.356423083787173,5.208891900611462,6.576913118627361,4.704413218995718,5.526018678293991,5.414779613959611,4.629187740477876,5.892539503507487,5.769704949021908,4.91398493629951,4.243605761152262,3.991449112941683,6.730524950098751,5.633916829118936,5.536875253244542,6.977599460202608,5.6118235989498935,7.0580425432481455,6.162288178883767,3.647522489606447,7.708143432920674,5.761286921725065,5.859397148289754,5.339088011430693,5.6224963796203165,6.538567447031012,4.837463114722959,8.531180638498576,6.692127537684007,7.663713907612875
g45,9.746636469600098,9.609217984015585,9.264616036930496,10.155883440145729,8.902063311105085,9.100613198160298,10.003852210653159,9.963241988256396,9.969549953247295,8.269636355342321,6.555809470860505,7.717944074906915,9.640184008561043,8.328542160238925,8.911222630669691,8.146677755517656,9.122606862882286,9.206848456670055,7.440594179929556,7.7062516432535055,6.234089320035111,5.825404383514982,5.733029426077813,6.2263899395596916,7.401056278383684,4.8650875613972975,6.826432883602767,3.4038428579509445,6.36070110382491,6.577714488428736,5.735210100690632,7.106482561218025,6.7009520671148355,7.34403412824556,6.5365508979638784,4.92537102363505,6.034794404707834,5.730671829323003,6.063336878212693,6.700471472252296,6.72796261849904,6.144066579240241,4.681123724673496,6.126748512328667,5.58445386298986,6.077890366570547,4.4441442772741,4.527453971715563,6.7168069946967774,6.740214900223037,5.356937581392894,6.624670271506003,4.742710904786752,8.637091659210578,4.1314468323942215,5.389245591331843,4.947409704927562,4.467659033143644,5.16804900869072,6.34308253877524
g46,6.067818526194465,6.797806880774151,7.24326739375784,7.555339333803135,4.67374510824332,5.684129689118511,6.536927548119531,7.2601524566049545,6.559956455370896,6.641484470568619,7.0055307601795525,7.0738348809288984,5.37666422035497,4.828940713801769,5.124280552538261,4.899126396167875,7.423086193959648,6.072750764788718,6.80478693972907,4.723480643949881,6.5411282710579,5.940405636769079,5.378443925646305,5.7078375931018845,4.953187347716954,4.198292218833456,5.671712586860464,5.72607064642032,6.702300863736432,6.460047999158854,6.394862324682334,7.173614585424804,6.190023722372447,5.993996575191589,4.101011843360319,5.9328318815784185,6.89420894523622,6.805957289070504,6.261518193062519,4.763628361176269,5.145462036727866,5.97422172538646,5.793420009611742,5.204830376834524,6.143367074145595,5.199952912659556,7.3760417924521215,6.1345718067547095,6.22924915922097,4.900183497914431,8.231312488843928,4.858986454096755,7.887525982299448,5.35857991068744,5.70215802023807,5.634661046839157,6.180801356152327,7.499858491438586,6.511522674239514,5.872811375627939
g47,7.046538725865541,7.661318711053398,4.511764900375015,6.553103107653609,6.224389660388186,7.040015456344778,6.570030342909422,5.794805531102043,4.975112317829483,8.526895113497321,5.743602350392338,6.27732128500186,6.278332463361525,5.155722056419416,4.866459383724503,5.978063282798703,6.83281915172655,4.840690612835036,7.333155915420581,7.031914589201958,5.916617052241145,7.26181851770089,5.592878769200219,5.135045447559875,6.717437017285848,7.102614768920217,7.152568895896632,8.810691480614622,5.712219980993511,5.993107554205521,5.256598474136454,7.383344338105156,5.920422826939302,5.614940889750647,6.081578281810193,6.318155864909902,6.330315305674024,5.739997407007167,7.750789147289854,4.871936539356118,7.706027612259741,7.0979158854042605,5.5100436415543035,6.975836360874931,4.152187011021401,6.016412424332622,3.810331162971121,5.513896347710053,6.142555802859954,3.2085087781596857,6.904056092074275,6.0064558413871945,3.7873427557049264,7.261874941431553,6.592812662794023,4.418703480153276,6.203981871325199,6.786862746680849,6.637395907637491,6.563160860808743
g48,7.824515508435285,4.357835161187992,6.197733319118168,7.51547295124678,5.0935873384798205,6.536224014299649,7.623988500911245,5.197886720322702,6.286675731767389,6.260179686719174,7.724624950370452,4.396718327225625,5.940295194534771,6.214692683872553,5.661478567180765,4.654867747370712,6.420995911278403,6.4916505203659876,6.801964907991247,6.704717481309653,8.714165153567503,8.716698879716576,9.885256710014746,11.474239090381797,8.496104228383299,7.220452430222302,10.802198467785239,8.12861927958269,9.215212774299284,8.828404205201648,9.626263778440265,9.679234429492466,9.990070027015857,9.624498180672317,9.824425325401695,7.914767560385432,10.13488358882681,10.198474113367775,9.377152918351602,7.134626080343224,7.186420094987561,7.373653945912092,10.49088168194773,7.113536440010575,7.728024026542171,9.867848062898021,9.334292796493823,7.962112518447818,7.397192671998847,9.575057609740107,9.255215730069157,8.558216464204424,8.583819395234489,7.287452620513208,7.277916144230288,9.700140890035744,7.797041011288805,8.476971041096292,7.591722581518146,7.429855464634615
g49,4.998361694733283,6.400219028464739,7.0018035753837795,6.919806912813554,5.042440218069954,4.290896928910199,6.701548670339482,5.237071417845922,5.750403739979051,5.074943186587968,7.22006182457206,5.50901024221957,4.518263400290955,6.820411326293745,7.245929703528768,5.579579096325745,6.085422367886394,6.730224206272635,4.567983302922466,4.234207220711249,7.24062484610742,6.176116731957501,6.403480423144293,5.7121639829864534,5.723410510499979,7.9826023452251755,6.278521796520833,6.180953863077241,7.128201362815971,5.912807601789579,7.401034226112048,4.463583143328985,6.11645994219506,6.560755339164101,6.623193177520506,4.528738856512689,5.047105932437097,5.075133811278314,5.747793952059058,4.032341928292663,6.42265777108725,4.670507771343431,5.702751577765646,6.170452343473184,7.359084465026052,6.907112145873473,4.901183614917477,6.908791124325585,8.251440350795011,3.824533855949057,5.77808416027056,5.810269929907082,4.561844905672161,3.9586413611850784,4.953868047962244,6.384519416679663,6.351750357538167,5.789374984919554,4.625771592455036,5.49071603272988
g50,6.348717259081629,4.757005265207345,6.671682828954376,6.5457472418753015,5.437287187629985,6.632383654142906,5.16835040944359,5.067611917561272,5.444947024506654,6.590420356534981,5.88687059016751,4.848491510139755,6.489742785879976,6.241647667509922,5.366345374751032,7.064525110127336,4.762322847618457,4.544028927635806,4.387974187366619,4.366133634679051,8.644554746202886,5.765402746542705,6.273452376579483,7.000480722581157,4.79839605517413,4.269347147070302,7.386660430255961,6.172791576694906,5.87632957581619,5.064686029207314,6.184213469553393,6.135081407193329,4.8327725864049915,5.1160731747919215,8.187227139111139,3.6738702119955655,6.1594944333255155,6.145708860803044,3.7155642431176963,7.1962746160749385,6.254622650629023,6.311332797324572,7.380239564646516,5.513464387009564,6.751147436165282,6.2068181990949975,6.629844533569836,4.3268540650460245,6.345695055548882,5.96244344787619,5.747336851315337,6.576301043706157,6.963657085878685,6.162088755558472,6.7378598863462615,4.602628328870162,5.787071385683621,6.380721742908912,5.710357647438789,5.4165393774167425
g51,5.051813229401281,5.762509457304347,6.814827129283268,5.351783703114233,5.99140320247154,5.511113752088115,7.246774999601995,4.544826393091117,7.057480043952299,3.9422227282907136,6.228373971396683,5.749369018869532,5.303767206392498,5.4716419973331885,5.805897648105184,5.186052082431019,6.162182485264191,7.662701396507631,7.588956049159861,4.177367115336038,5.415715674717791,6.003014880325193,6.538686435217707,6.464485159662763,4.4198306119416735,5.689918915094423,6.032285206818699,4.6473340421647995,5.5479523554886105,6.90157730266502,6.420689096514097,3.9118360145758824,5.947792927955648,4.673553669861263,7.572917511614827,5.603817351563066,7.489288060827743,5.717781930201418,5.966752843870218,4.4501258630117855,6.6109731983697415,7.7527737935138985,5.979248330684029,4.915916701482054,6.545738696910946,5.314334015782342,5.115141356854926,5.032982728131678,6.086567107757536,4.372111715535182,4.99041951696833,7.269346315075724,6.138292780235998,5.5711559917082445,6.731283824492256,5.801183238578176,5.794664994611719,5.4305920621145765,4.854511209880782,5.5465429402994895
g52,6.8622713482040165,7.786053231831684,4.774473554265234,6.47195368656718,5.860887306059792,5.158031027686075,6.808012935957078,7.123462059363522,5.713641707429503,5.251193047802778,7.287392295822922,6.830843804218717,5.893260010868377,5.951982230524486,6.436908543008895,5.962800715375962,5.208842175526608,6.775393601596363,6.357741683645183,7.813402221913784,5.610662142963639,6.647588511508699,5.4956045022627915,6.12478573592694,5.628439367472459,9.16466570763356,5.633818550914951,6.063995628612848,5.979882543295923,6.24872033459736,5.155143627661288,5.17416314298875,5.655150503014912,6.96059611411891,4.699871305477924,4.8783172584306165,6.483437283019883,6.464835568214295,6.027780966189277,4.929896752486375,5.803140622038101,5.61095534110141,7.249042580297099,6.0570140962675,6.518239941743669,2.834578389092521,4.812176603158296,6.427688232957883,5.357934712262543,6.146328206201524,4.501992196867079,6.821134603369758,6.058498040075318,5.801264711328611,5.735266953689237,5.70182653842416,5.688197896049596,6.086571106713604,6.278104361659535,5.842416127629871
g53,6.2887715825220445,5.982983704575005,7.115813373600005,6.319893431579964,5.008487247531025,4.984326270440648,7.484340058634382,6.167312022392617,5.375107073568587,6.792097328441094,5.431028932623706,6.230590735532328,6.314222271341432,5.86024941275617,5.582211050783708,3.136946417380331,5.17508343178971,5.889691509813941,6.323546463735063,4.731331888393395,7.329537028581785,6.83509164977614,4.4029914638598795,5.970892462552311,5.783895508376109,5.617074137602352,5.301300810401997,7.698399565597051,5.941200814416962,5.322219267837571,6.888409517252335,5.3232127563364555,7.092872196777352,6.323931555870894,3.776091725270214,7.010759041830776,3.920667468130065,3.9284327271068973,9.676689380878702,6.324987869548549,5.400603549315744,5.7829990752772185,5.308286326445003,5.134730218337853,5.644691307348378,6.727192827715309,4.827505640905963,5.931669963092513,7.673023352382223,5.5311523208490545,6.909449666156249,6.613094929695924,4.668278117895485,6.073805973670612,6.865652594953588,7.423317789427923,4.927032746979664,7.254210713995965,7.959159006270687,7.0106952860355705
g54,6.757685718743396,7.187211709811334,4.983149043029284,4.997117128923858,6.57658507863538,5.019844039706023,8.494102189639218,6.01526290817377,6.099150656638068,7.7712337815209604,7.612676720453168,5.683685670601645,6.5948343251018775,5.783025808582733,4.306239855490558,6.85152961694044,6.301824409838416,6.499924084818286,5.060644317502575,6.647530252076562,5.300682520878517,6.67229390101458,6.975112930416037,5.508565238088027,4.428319252116941,5.238496600308923,7.453434532361646,5.211303453644301,6.101730521765804,5.949857535032599,7.101103123264105,5.754968950823658,7.139222175070628,5.889375795031393,5.295386391423616,5.26794140115633,6.226881238061097,7.004468879385025,5.28421054427469,7.663894775375293,9.085759082117939,8.694684634883107,7.55147995466907,5.868565535572755,9.22472130399428,10.060010849456587,8.329069488771829,9.03220477632781,8.798601463108051,8.634584933644255,8.229806602099739,10.319602611743898,9.693521276526075,9.535914110004512,8.444212382652184,10.05360610683137,6.600445969525706,7.172554670585996,8.346383534099004,7.800188996319352
g55,5.878528761556263,7.375471352866026,4.10012543690922,5.37678737901293,4.1859527402525485,5.228603479661977,5.87699085419723,5.180711037861539,6.2078358105386195,5.020094802843026,4.1318024685329995,6.624525577565097,6.877686601236644,6.339603012400688,6.0386204177492395,4.903054020062981,5.080621280575681,6.804815327220699,6.056655334173497,6.062855158278448,4.4594778677115805,5.012191520875787,6.54266553971584,4.379177912251668,7.208193152272335,5.1996450842176305,6.47203709533739,4.253272645599827,7.011324607243745,6.1684131594847385,5.925691115832915,5.524146171150343,6.016132250351337,5.138663919896632,8.370643647150226,6.0106417896235405,5.426731345630315,6.194664879319122,7.221575740058508,6.3579578974640825,7.394607929171764,4.688365177270034,5.210134363978703,4.091766545695073,6.728648574269757,6.706777238535539,7.164787598569072,6.428402909616834,5.857191702995748,5.078897451676398,5.1852683715040735,5.287710510400679,5.267060031430382,5.607842856400723,5.766803138200518,7.857083140618655,6.581938144567669,5.705737798609798,6.935884155611461,6.201827627774563
g56,7.443574626108395,4.562209512815757,7.3648987283406715,6.7855023353794754,5.8877078749196645,5.585906047571638,5.178339543939025,5.769007338093827,6.265093650165896,6.342391113268357,5.962128304818674,5.51716788085307,7.166367656578335,6.007741436128655,7.620893065416023,7.543483954224405,7.047571923193224,6.689487975833271,5.803590009610886,6.695097825500804,8.462529536386796,9.062778785835194,7.2385433443799005,9.750648997596008,7.811671064816572,9.523278421778533,9.415531757611152,11.503083085633163,7.292950306379058,8.892665051422066,11.089341169490876,9.846416662674281,10.872906663154687,10.449430962340337,9.460737828540445,9.547226591161111,8.647310429797757,10.3422000298412,8.794910982513223,8.188080011833222,5.615253452424958,4.7026154087212415,6.255898986675266,5.910154664302451,5.904578491146956,6.758247818710702,6.174535089913346,6.111096061853644,5.726479744759507,6.102851412384849,6.460769594038067,5.309988504071155,5.280024631354882,7.357837336690595,5.517603544069143,4.968037555619581,6.725044137315548,5.182623935945189,9.290000068822211,4.68049693287969
g57,4.929268784867065,5.934963483897496,7.345527782467913,6.185683634387742,6.023905637598056,6.162564097692915,7.011452031924825,6.4711490551485715,4.943202975034774,5.1954129649042935,7.160755983628364,7.267195034767486,5.682245395172346,5.600729006025007,6.398472463606107,5.765102721857446,5.62915779424648,6.808503871451428,8.03565079781284,5.522752170712302,5.5511462542304315,5.849479919292188,6.9511437289768505,4.192100098481442,7.883757972299106,4.2839853802183585,5.917542558786903,5.9077514161238565,7.872150286355523,4.0172595944024385,7.998727212411252,6.748772884806645,4.277633957523534,6.212765217440674,6.950118021860287,3.808264511880478,7.994622071294613,6.822634119865244,6.1768532107872325,6.514178816248469,6.883610661015614,4.941191077820472,5.877421306543029,6.394628733021889,6.571222426345851,6.781803138301734,5.692899959655745,4.908182749753587,5.813113386416372,5.742817447643314,5.683395705711038,5.040459727850937,6.618149048903355,6.24644631299767,6.34879180682545,5.697507171660759,4.927373124983605,5.945745101408648,6.7298281551480725,7.238995421151974
g58,8.075933598491307,6.454451062150532,5.1746151665361895,7.921290582973395,4.925056485851243,5.930758590221832,7.150335193429268,5.0490577388631355,6.064143893478475,5.8821942880441895,6.5215497124287625,4.654417549203145,6.899966385194548,5.998662423063163,7.551243712898178,5.581237681837712,8.000555220111462,5.322875812975557,5.383890755137841,6.360674630256241,6.061208249291475,5.457543194840216,5.130611901368191,8.745824226873808,4.378500429814569,6.688920532307791,5.054403879730356,6.142602583058094,3.7844838232185087,5.991257037327435,5.430688176308356,5.303345145946636,6.598540991109084,5.53642994303315,7.449083280911656,6.671478164045122,5.996886152214265,5.012133873847217,5.358516473536911,6.25684260991642,6.115763953231112,5.4423001915129126,5.44535691107383,4.672754374348978,5.495376283481274,5.51554406826145,5.006553656467079,4.536060022460772,7.498285159450692,4.838231206984646,5.269321048257523,4.629206314477928,4.4807964631231805,6.763497563693963,3.201854752365639,5.28887110289177,4.448471889369568,5.354943235775711,6.740374360472773,4.747515544606346
g59,6.275414344742189,4.196634641711425,6.227729646662753,6.782507718871901,5.957577526308718,6.976123398872231,8.228136345485773,6.861681890571228,8.372453282300036,5.643182034103146,5.771950417216006,6.736166513459181,7.067044720212209,5.616992464547492,4.052161701468474,6.528764370732535,6.676795085563433,5.307568125605771,6.824287437307561,5.067332633031929,6.18462823081882,4.5692506758678535,6.3054618393786965,6.447171310131033,5.846438058010202,5.339939201397448,3.579093696945369,5.002136392310549,5.676889517425654,6.019173382014675,4.769940106852673,6.882900197766292,6.231773174215833,5.375891221748023,6.4284791931717855,5.907483376330849,4.831063009900327,4.7126188990655145,8.31923135244008,5.625893479426348,4.347626744060414,4.312822671352198,7.425062813632016,2.334266466914384,5.923283030744931,6.802602118396076,5.51568243734853,6.038009635157069,5.233279733523085,3.941671487126497,6.781857260829559,5.972137295308127,6.727809139212416,6.350954583180705,5.3949756967465206,7.448954765741122,6.2061386067450295,7.404620151253524,7.742796266484036,5.9289250573497405
g60,5.297604537746128,7.48819193282822,6.456182193748053,5.4357146078840675,4.996027865283486,6.271840340670739,6.030099582043706,5.005052257301893,6.445233869621878,5.012448512640429,7.122605150764051,5.414797130415243,8.394581198498992,6.806817319904525,7.394068865750932,4.762896273884201,5.999103628428623,5.752311112826013,6.294514354891485,6.879304418171096,6.841967332869379,7.261788785407064,9.773530534041583,6.071578052001513,6.870506405329979,6.495580576409713,5.487112250899563,6.10874626019808,5.751675539893399,6.410304642888849,4.5625615872200385,5.347362266574024,6.809190022784332,7.09796228900678,4.759511923877638,4.542535155542189,6.48059210041876,6.9421383189680315,4.761117588597964,6.267474945687701,4.819040728496293,6.950217901445566,6.208510939921426,6.426646294518502,6.169942976642932,6.8930357842508325,5.047382387529636,6.684476173970797,4.7762525009048895,7.910258468929433,4.934968790994783,4.950360566026502,6.275011552943342,4.022495503907911,5.472884415263339,7.221173821319426,5.167840944153002,6.087327453059222,3.885128357999651,6.461863543470106
g61,3.6124102740763635,4.911861623094262,4.685137559016166,5.6767194231543066,4.954202797333486,5.939661506562623,5.121460781877229,7.0778884261451,5.603773121727126,6.554036195870099,6.3383320145111695,5.797989170084494,5.337146735667938,4.93923814884147,4.806544818596425,5.451590830509615,6.484636755931333,6.469500729369043,7.11747351973033,5.749388411029789,7.466332536028239,4.265631251907498,4.495525171146106,7.69848647442497,6.144090985381675,5.953727853001483,5.147104565649335,6.182239343032045,5.180928845351428,6.901749248063486,6.810150206511242,5.809648667843091,7.135043274696354,5.401544021918255,7.491758129134336,7.372917698141199,7.6368651088695145,5.7329976416334185,5.236234158946338,6.687834223383047,5.950079802700616,6.994666029408558,4.936036979939373,5.682241892384161,5.893892947632959,6.0242913749612494,5.3924509593700725,5.782141360269856,6.162223537227543,6.569186654204836,5.098225571940595,7.838653301721671,7.332736464798218,5.583679788791087,4.128903603937273,5.405573327321349,4.640508492905592,6.331483939484071,6.858029697692076,6.710430264137798
g62,6.24264954210066,5.7964196019720315,6.150588399445309,5.146513563069027,5.468815702056622,6.465019565411563,5.053819701783128,6.398041710040349,4.694818760193522,5.080199042757091,6.787425100849475,5.272327112910499,5.480510126487851,6.589014369120446,5.017295124069884,5.8996943011705785,5.819509718365963,5.510363872825223,5.828151106130161,6.8570530743549405,5.947978772865111,5.907334132002529,5.770330176770149,6.08581565742385,6.044779018993636,6.323280529914316,5.957101440261636,6.310933485172834,5.746695268023094,6.0922663413491565,6.9657446706598805,5.391170267277303,5.993467871325742,6.853747948800586,5.472742550530516,5.47140715085173,5.703133507743626,6.691224046901079,5.747783812296974,5.585386498490595,5.900062923542095,6.196375447793835,5.332905565383539,5.680000839074065,7.586749269870848,4.388356868908499,5.42360396102766,6.5222960158472665,6.055039078224918,5.330010412757209,6.823717876809084,6.5117251593003855,6.220782448173842,5.250193279885409,5.394774711175512,5.671382821747386,5.816222744489347,5.109080925053215,6.166560243483891,5.962442741527383
g63,4.187554505978788,5.2168631627908635,4.371707721826079,6.061286624930764,6.632256887668616,5.38362491176869,4.8798840509995465,5.602898514914732,6.533619225820571,5.800660753881049,5.669678927121644,5.090733971414139,4.76205051198908,5.278256433977084,4.652012717499115,6.268668781186514,4.849529732297249,7.101865949139667,6.670909681244315,7.201430660085471,5.572706163439781,4.296494140772057,6.9987987670142635,5.961596339716443,5.663136407689716,7.335356640202168,6.403039944449309,6.227881629474292,5.533282534472887,5.549096454185617,6.179855659696112,6.696292119551712,5.3613755019839795,6.45228543657262,8.221946199081234,5.011433279304115,5.453627259893759,5.759222232168965,5.490316564182555,5.326538752530107,5.219502314657557,4.236013112640432,5.803866885364201,5.405748364833408,6.703437737098499,5.601483225736118,5.765332638355215,5.217843409907999,5.9926281227002685,5.904930130316975,6.077223616383991,7.2208301202053375,4.398687597697453,5.525982784145766,4.6423332227354495,5.75066613531476,6.076991425290187,7.430394759087752,5.3775579076968425,5.9735930043587215
g64,8.021956320611936,6.251021025679038,6.78193317425256,4.717857573592451,4.406166184590331,6.004952783602607,5.620336610599012,4.744885464217059,5.575227728697018,4.200919516170027,7.025569689713613,5.684004639721943,5.594392919233795,5.630003254864305,6.395662543530917,6.076204142581123,5.602029914908471,5.438350408798382,6.621061275235692,6.3379054654153135,6.225967951103629,6.501936352909334,4.875451780346296,4.539545955717781,5.213135009263672,5.31253811610496,5.9311369609965325,4.591067873629299,5.100114550262877,6.467100877926998,5.443391430637082,6.190676671433866,6.944587965753041,5.828514568933217,6.097061525438541,5.921234137471643,5.346253635618742,7.82713201734823,6.002498798059914,5.6969138306376585,6.219214495488251,7.498942199805784,6.189848567055243,6.226930108587621,5.674001335198705,4.96983097536576,5.285112418881276,6.609261695698609,5.047459697711581,6.10655072222856,6.995115540726834,5.740559828826137,6.666171355417016,7.376885215731277,5.340432418985143,4.860874483224215,5.608686084162139,5.067223553408581,7.170357061587562,5.758455451494568
g65,4.160230332705524,4.67582450064432,7.974371564845452,8.199245195524645,4.674751427574033,5.4645845735844,5.8591789904617055,5.071939137776067,5.526571352717061,6.635109349445493,7.051228393749532,6.374750330455607,5.589353896446706,7.953214408762318,5.6853930795018,5.69368858016698,7.271680129726678,7.805144115460281,6.181518858283523,6.538926940114535,6.002373300224358,4.991894541506485,5.465910426909774,5.907613806215088,6.692885615555223,6.5228972761464385,4.9412007931313235,5.601323976903998,6.676800725935971,7.3541450067717875,5.468930210910189,6.465113762780391,6.398789591511912,5.183886817945246,6.902731394926896,6.343658852289835,7.030765418629372,5.844439602807838,5.562160825150283,7.144622847037208,6.466918276812505,8.040037481907543,4.773955658463024,4.530768638612197,4.266167149559644,6.2571035001101905,5.69487864541502,5.8092522539505485,2.7443878540726483,7.235002526713339,6.75444688608917,6.348997898073304,7.993750193410755,6.503690978728402,5.8518067006841905,7.327525111473244,6.23897102164612,5.1872130292673635,8.14009149429193,3.5445530382960637
g66,5.963502807607515,5.117208875193613,6.003313024839459,7.174780084927308,4.311117701982694,6.628854734629915,6.798536349509449,4.599000850187723,6.88981515941032,5.314412541240072,6.337423704306074,5.591613360565868,5.052006510409544,6.8209740096716684,5.479607178762273,7.223837830865218,6.044287100730572,5.013758238199458,5.236782326491003,5.280038356363319,6.093280199444051,5.134741527636129,5.185689243724978,4.7245581696077235,5.795537652083716,4.438405757648331,8.250037946323548,7.150577672141199,6.845212035589315,5.55168537086824,5.575463097818371,5.931886418324351,5.561518579604424,7.183859689693654,4.791918822854876,7.975525422913043,5.86336437567204,4.685337659273496,6.149568452466859,4.138693136010532,7.49925461448699,4.340302008936435,7.624312853816937,6.855498358540077,6.133477461181388,5.533373797310158,5.39433009636491,6.5963584198964424,4.713116858192286,4.6660688755619715,4.309497789132464,3.8534786871470015,5.8142494097671955,7.6421919420231035,6.3777712754352835,7.106414294589651,4.982800852451439,4.802034198185986,4.1405567030468085,3.296756017254994
g67,6.271563775754689,5.867453477389151,6.370972386037951,6.676593546807099,5.669304883394361,4.69147327816021,8.651694112424149,5.180329392217632,6.243611965013194,5.392067964083552,5.2113986009754365,6.348327542866165,5.801855726776804,4.512818683061161,6.48459516434212,6.1481411578353375,6.917935447472518,4.991925375343009,7.782717376559873,5.611975571632901,5.33090673979007,5.713320271396292,6.38207296950389,5.01388981914814,6.341827735410343,7.186236167460186,5.455364883457204,6.754967733248915,4.849063405058457,5.520508115181854,7.443684732139145,7.0435204222730015,4.609080622173929,5.799770650078403,5.6289990996555925,6.525009809391399,5.540159231969705,5.417982202418641,6.486234753257199,6.380957108915297,7.92661271356989,7.5125586995342575,8.964575227431126,7.791576144868326,9.182916951913281,8.500930028506643,7.185526669075215,7.529694329947112,8.945589416387325,7.60508336409806,7.933249612584693,9.80119469963869,7.835225488829858,8.537740621808805,8.463155777571249,9.244727107123456,10.945795270581353,6.856885907421124,9.500664361869292,9.565942883598543
g68,6.664115637294125,6.536138937895474,6.068723560219494,6.424195655235585,5.548099919627012,5.597118770355834,7.604728833431001,7.280536410311847,5.958241267279217,4.5721746576341324,5.794665690303076,6.332179836495378,6.077845326142735,5.164849470506,5.326892263721877,4.747511110825128,6.123736809200149,5.9215464039937045,6.579881462971285,6.062593453239171,6.565747521172905,5.996890405938718,5.700755543178762,5.558751640508432,6.344576637163476,4.075708298240301,5.682036879453348,6.57978241703355,5.501598989965249,6.149491832619092,5.743682102433126,6.270140140817671,6.173316603955841,3.7933037965534537,4.982509747777929,5.832174057440107,5.583240545786172,6.916935758039143,6.668664072397462,5.069413121463985,6.1035642464091895,5.736965403022572,5.5557364026540546,6.206224553779521,6.827823014346551,5.204798172978629,6.473083777258869,6.536188959969263,5.526966281710003,7.860298193848233,6.245593003878576,5.164972841196733,7.3817800909065,5.206700003730162,5.291405533379159,6.121010413129046,5.0298476558697915,6.797290050985137,5.55336315581006,5.213448082250033
g69,5.595555663802498,6.000169914040233,7.260816628086675,5.710768074408217,5.201177290805417,6.072558919107255,5.1095564420227415,5.502242944093118,6.247325709076061,6.424531610745285,5.15236545199142,5.100027555499569,6.230775832382398,6.620047732657733,5.381081712600798,4.952593586577242,7.8129919530804814,5.3935375398054575,7.282654212391558,4.4775890971685754,10.229685592739457,9.94858146084503,10.912520620976407,9.107970079922088,9.000776804647943,9.069056555917555,8.367090904642978,8.814766076847684,9.219489659015544,8.610635852064123,8.454240775532014,9.18279023183688,8.099035838025326,8.4662281409657,8.617989160239127,8.9797201006643,9.57068350762457,8.710130205719144,10.699568049434877,8.725736981362124,6.3332466108257,5.115330008002012,9.400404743593763,6.309321137255992,5.06353530540363,7.1591199161278976,6.0549658680666445,6.03429244923535,7.2372561191301426,6.174130374638678,5.483484865271645,6.816617538786697,5.295957623338982,4.929156203414488,4.299281551251563,7.153983225196498,7.004245549241405,5.459076294997837,5.4984043249067,4.732047968217242
g70,6.385613132533387,8.26328164992581,6.835573965088885,5.886872401751843,4.992500412631572,5.317480789569665,4.964430950547227,5.570839571116413,7.523054154688719,5.63595648999166,4.509567085257455,5.3551026145317975,7.32822694955102,7.3520881727754235,6.176167445707476,5.946324243115065,6.134013110014595,6.284542763876436,5.05631662517795,8.375371176954388,7.592875171165886,5.801405955310855,5.321335844588482,5.159964649331972,7.067928595484861,5.711702351923119,5.113776590923144,5.4269886902571605,5.242232296416702,4.748644536415801,5.802506745016283,4.858865280826564,7.151494117755163,5.3637589520957984,6.703550072180154,5.665081172733742,6.3532065791768435,5.7753289172080144,6.209117587084777,6.002816196027212,5.687578937153304,6.936377696846982,6.763517911312899,4.526917067333583,5.183534255262811,5.6609224394602435,7.235925774722289,6.201168523351134,6.000143250470531,5.781004758578735,7.179152324036936,6.5870863615491615,5.010705980579829,7.102744838468124,4.840006028958786,4.544982218656691,5.706246867189457,8.342359808955974,6.490262841806362,6.924150679566818
g71,6.179564758112507,4.202118044209651,5.307437200628737,5.462110599319823,6.559300572642793,5.829744349934002,6.256962332168532,5.25064125808047,4.020526419351967,5.827765455904658,7.318747604265899,5.934987951438872,5.761643545090708,6.586058329982635,5.639418886282468,6.146083958252997,7.263956766871683,7.0506587290268286,7.17673935317071,5.261712698739521,5.74317922238404,7.579827165180723,6.102698193934222,6.165589131308346,6.596103299867923,5.159523791354041,5.755103603961077,6.963842980221255,5.080072078235553,5.9875714676641385,6.480309567933607,4.729123410854587,6.1300378196657626,6.274792767906948,5.951871317946227,7.7527197782094195,6.223367454769503,8.170644702802221,4.670492829646787,6.8737457301509455,6.578375770926908,6.428962418972985,6.025835559421698,6.638190380301501,7.47537531135408,6.136318092827374,6.229055868798152,5.16525603592786,7.297088011036285,5.269137562483063,4.031094686655287,5.445744819732404,6.541837274019839,5.057617660998123,6.1471878010511025,4.981531605349667,6.461276990163309,5.833913291356918,5.7917193532462985,5.698481857447377
g72,8.82853360020913,4.935452701122269,6.476746506563372,5.184061806950684,4.186746840156533,4.869221526317135,7.430514865324811,5.986402712353167,5.011430455676396,6.792242035567025,6.819558593485034,5.294576440793412,7.127938628969287,6.096577224158266,4.839180422287253,6.664358035799996,7.410952007443354,5.199560175907119,6.8008585019101755,4.336939281111019,5.458141512786554,6.307864306792231,5.1904833036785085,5.426018937264946,5.9799288253309095,5.182121235810744,5.956896538474915,4.402922039857265,6.037489277430218,5.287664004911875,5.578170069866774,6.235956346085018,6.616984298796355,6.304879517225266,4.545583100658283,5.465222143557599,7.315754385037955,4.946167796466239,7.281990295651624,6.206046330072995,8.944855483287093,8.551905608027099,9.103909943054227,9.949560745671587,8.972572655332085,9.10095400436508,10.39934375964317,9.511833620489114,8.865159946780693,9.959738424752434,7.3619171403037225,8.92804211979816,6.519357416831447,5.908511426497343,7.800666724099563,8.667715450900362,7.4652630146934795,7.4601029966100105,7.978576570993935,7.185312866127439
g73,3.4709041047183398,6.118988396247526,4.666224403450378,6.078347344444087,6.426846171851834,4.972844911821956,4.717648909018701,5.025670429036581,5.072334173075549,6.924791613283897,6.942612139902797,5.145979205894918,4.449299275079995,5.643083333441549,6.925496704409144,7.433948177311901,6.148744653463368,5.349267027469502,6.2965946940906266,5.830385458875219,4.693265840696023,4.32944771635033,7.325146730297666,5.659544936183921,5.834604652584689,5.286242964201837,5.706790588606756,5.059244291453212,5.688186885411217,6.549352485384989,7.0122975682542315,6.824097734532339,6.351078649475353,6.436497245977409,4.510472576577961,4.36524041842324,5.125887064013542,5.22185305370903,6.262331032368866,4.905046788508773,7.5803875872591675,7.024142398131967,4.866548252916608,5.771788275126337,8.81834604763063,6.350729344631428,5.782647716829797,6.3816774106643175,4.133537005181553,4.118043357091061,7.109030772410083,5.885129406666235,6.696192770562944,6.710310598790495,4.309305054854846,6.042374696822232,5.701248463507471,2.9171573710402754,6.0924189192366835,6.903298756960194
g74,6.403638156686083,5.840705922771996,5.732593789449518,5.755728272653931,5.223704783766572,7.905567914244019,4.815405331684212,4.349229558161442,6.282825551724362,6.8249585131813415,5.007392979785344,6.707020788765538,7.436313163230087,4.932123117411351,6.36665024999523,5.699457795262886,4.5088839155181235,6.940142091370151,6.3815709744326305,6.041507235646833,10.533076767322216,9.44891367964747,8.644377554360263,8.250543154782033,8.791242638487983,8.009068326605114,9.6773644103243,8.312793503265233,8.944105619505756,7.933437448491917,8.067803499160478,7.343303801501104,8.219269437629249,9.745436290533924,8.9166290007938,8.533673320667289,9.951794598507709,10.196934176966696,10.593180905569241,7.944782079950073,6.666140388945006,6.774730335836286,6.5525655658469235,4.809160583515764,7.250531495875633,6.969611183247949,5.475192371684042,6.6896191186509695,7.659528234663783,4.266088331343578,5.8464205628256325,5.1817780797389235,6.519873194883971,5.893267755211333,6.941293417932187,6.704902678024426,6.130376726490259,6.783938747890389,5.626156014948865,6.831524559269678
g75,5.477540986117045,5.055644175783989,4.787627538880447,5.542062811434368,6.596385349572157,6.2273660417439745,5.7155486190251406,3.8120452907350133,4.323082182976745,4.023073477525148,5.293477311716864,6.914111791410391,6.593465108213945,6.62128229617227,6.264883960432045,4.90390489501389,6.159960214896657,6.156081974373442,5.152031803119253,4.12836004575586,6.899627445415021,4.867362614545162,7.208921046928146,6.659089499178468,5.46122509830503,3.325800429595623,5.770523554134623,6.504996125928089,6.215181574336648,6.992885451019162,4.333462183695968,4.915352326536756,7.0633465276546445,6.000223714303696,7.713149109921803,5.6107023560838964,8.086136113270134,6.212812494192303,5.005268688097358,5.074221038948893,6.868787298393112,6.684032156477785,6.398870023928341,5.242399005104442,6.865358042819401,7.013328616731595,6.275591415858358,4.620118220200699,2.795779063304575,4.677601581253128,6.303296647507393,7.095595756340853,5.79899228924765,6.427704687507301,5.292547768461941,5.011542280773727,6.490689804019356,6.978003963929508,4.578214905733756,5.143605281385198
g76,4.5573317128437,4.823923078112665,5.294704593276679,6.036119177332642,7.465200562309683,5.963601242384561,4.650795876400636,6.0751845711264885,6.746572659779216,5.969245261183186,5.378833000482032,6.1748746641166194,7.188023451187349,5.644679097627441,7.8541320625549815,7.353066421494292,6.3074070376699805,5.365881572094369,4.823908325702069,4.528428059183261,5.164678878489702,4.883665138203833,5.402320102733917,5.567645494767482,5.365834669406672,6.251281153883484,6.714104059826737,4.631726711850668,6.526893997432254,7.387728218107808,5.116882071262543,6.572957070860096,6.354565108120717,5.839310089936579,6.02204192516654,5.527157309328045,7.045494715658726,5.084821388862903,5.14150477413873,7.378884563427368,5.870798488621546,8.00964593017634,6.16352499682016,6.060494490573343,6.428451110987058,5.409225804344891,5.311780121506925,5.694793576403981,6.900173110810722,7.171589548611207,5.676057128796765,6.920099130581421,6.728347121284376,5.765010008390372,8.865137849734365,5.365663102709887,5.874246382937296,5.196566158115994,6.765343350107443,7.35191030008791
g77,5.551710998227,5.7012474246415685,4.3804778991763555,5.385767396481257,7.657501556809704,6.820955601960393,5.293779144747224,5.793149506745554,5.411150475496308,4.220893011143,6.666098948778728,5.85920081392256,4.8656030729202975,5.96674898937461,7.099926519161218,5.485347396394949,7.606823625078813,6.2700752212519495,4.894342036926857,6.847850199252641,5.515019002246775,8.401007819543398,6.064551747024209,7.076451189678011,6.303316840938766,6.730816253925127,5.697007513165039,6.2937629511811455,6.545694181667288,7.728190364442099,6.439620929780483,5.842720121354157,7.862379786601133,7.298888469414286,4.748997980269267,4.829544219716459,5.551132608230943,5.4274137469148656,5.0466803627522685,4.818817733110442,5.396878760537703,5.529307449197321,5.659922515645173,5.755389827476032,6.181701546744428,5.292897362767619,4.4104500105604885,7.667267490372693,4.8320569496261445,5.590602474528675,6.1860525910173605,6.293080715401442,5.193446584845547,7.518657017450968,7.12536312795396,6.078860675414475,6.617043660834258,5.752352297520498,7.022939115223202,6.259335390941484
g78,5.194967939466168,6.565335407874152,4.707579110072639,8.39526173071344,7.573750411212609,4.618646245441525,7.1376081042995665,7.168782249476053,4.975632664930778,4.905306563889677,4.39513556209379,5.916899293539379,4.110724695348096,6.549160149963134,4.282438866509059,6.814484836977328,6.9442277857910275,5.834142814699862,7.821827750070922,7.024963109702834,6.40195131877497,4.896202477932036,6.0407758110357745,6.96053982328696,6.968553190540722,6.049079681385126,8.03940315726997,5.2907052806427615,5.383314093199261,6.287148636462304,5.559191927351034,8.820226485872492,5.128734608466478,5.761039438478554,5.677277213915762,4.7905463356309195,6.096874166279742,5.829248038194017,6.447034243819452,6.548578732887259,6.841403404696829,4.907526880996528,6.714182423174128,5.524463996804312,5.472048831301196,6.471785975441594,6.199826248166325,6.36321567021924,8.312001725027002,4.633625128544567,6.457688555654986,6.540729480174762,6.475045553185278,8.123401606710354,6.7741732440438,3.9361319645162274,5.009093007082352,5.095946090816398,5.686533844592459,6.304078256522797
g79,7.321953631338168,7.096545652905421,6.726529290414922,4.468585018202171,5.111048015832755,5.164251037663507,5.81260692956592,5.066783624823575,7.675281754616842,5.590965046771624,5.859758681076459,6.380354123865808,6.7897895424028665,6.6902740220614785,6.255152361062077,7.065046413289026,6.684242553507493,5.231042571559838,5.9153198519652195,5.88002534864272,5.952545689070096,5.918072136094503,7.1141889680875785,6.009601732204845,5.55027993174333,4.5232793279799415,5.696320478210671,8.15313660867825,7.178606684791243,4.460226419257865,5.417161876328254,6.05034594826419,5.505616174566519,4.446598542584164,5.832056542940354,5.594007054164261,6.533409484147712,4.878028146611098,4.524038233047039,5.71840368332402,6.461208273354476,5.4774807949181765,6.664840006561062,4.939838974805033,6.546028208032437,5.96961837485316,3.567469828145364,5.9015451917627395,7.100032251621763,4.441312139578006,6.655061163374111,5.862131483139133,5.697489421439683,6.386443698721428,6.0172251582216,6.311507203392272,5.4801570828383985,6.761453654722808,4.699238554584662,5.922742948400257
g80,5.9785964088003745,6.655460922110523,6.03353250241212,3.8917727380261176,5.188091333711395,7.155555393954366,5.905888278983794,5.372269382391189,4.241355873551416,7.057528806608239,5.335453553535026,6.029789937143065,6.076924177074834,4.214012630702663,6.514355023653261,7.5562693412516815,7.503534194835375,4.903458059977509,5.802248902644457,5.746211691388418,4.194010845963854,6.607414251940585,4.889465961810135,6.279963493045839,5.140883956153999,5.583045700779178,5.512669696670733,5.643348028966001,4.825312117935344,6.1871483155827045,6.613764206035938,5.40018153680875,7.173548146559605,5.115483240018963,6.246004138756202,5.74542413455558,6.677258999850768,5.608201927357957,7.750544644107347,3.6128629462043476,4.890458810749524,6.383222569723454,6.442829002527093,6.230511155293388,4.5364028013518,7.084298737348883,7.157104188793829,5.26189138907708,8.408866664991015,6.1648217560979175,5.507687162552545,6.639650173141383,5.526755644571934,6.496469427762857,5.706678684804847,7.284292207503041,6.995337731903981,7.026648967306085,8.548874620319397,6.597012858165591
g81,7.646418481766403,5.769115078566375,4.666098714874309,4.225718923804888,5.03205719607588,6.278838462991322,5.853941657279575,4.82338896733813,6.924332319775026,6.369044586941836,7.462810070610972,7.667568232023196,5.149209967516076,6.454323756555237,6.76157997044625,5.721721895394701,4.481104180024146,6.185032646043108,6.72129727961496,6.965697276504751,5.258893941636334,6.11757249657075,4.0393413490428784,8.256366162787062,7.248749165725095,5.045337481675633,4.4206353735944575,3.4742001667811073,6.651264475014055,6.132695924480226,6.053927691693973,5.046980045825584,5.040736561595654,6.1604377020894,6.4319605678846745,7.735686598378271,4.990193022430887,5.64388921967702,6.319558771677772,5.709267143405343,4.999184120668308,6.989675458308613,6.0075734835687475,6.221641265160873,5.310046740747161,5.224756125412645,6.272271964009489,6.166029026496124,5.263910286379243,6.311068929620597,5.489080624031748,5.525994329543576,6.378210058347444,7.000442697225519,6.787848011997542,5.12914237713686,7.116911370185871,7.164951731962914,4.797145482648666,6.459658798378263
g82,5.6142684191893135,6.857224564227672,5.841308833818415,6.869576865978261,5.657702504415104,5.155958970135585,5.141787475692783,3.8091552537176976,6.14917634255702,6.407071784668258,4.785993063711297,6.440811533653612,4.59882259743569,6.336676389301391,5.404907666403767,7.065824057359932,7.059585361043748,5.489502943856451,5.567649348324817,6.080451438803448,5.938113457766281,7.931577269170295,5.9393290517989685,5.320906531687414,6.817739291444871,4.755311997356625,4.493742210688864,4.643691424730155,6.966930226140235,5.302127185837142,6.128257096790099,4.996987420326818,7.000210992744295,5.304395917895454,5.021873576511474,6.674552592963538,5.970475420213416,6.535140305522472,5.903630848459684,5.03515825029789,7.513488623785803,4.868248263347362,5.804589873161841,3.9260351105633773,4.73962657553848,6.391984473090951,6.694184059950487,5.507269548654851,7.4070704479198675,7.311653461663217,7.3826255648376575,7.4941960621154715,5.544683252039186,5.381582128147998,5.789518726474879,6.036992329529821,7.123658106545603,6.908653553043919,6.646605391708153,7.0971556955910895
g83,5.401565809409262,5.055620578144256,6.223267004770929,6.826861258299085,6.665205538323713,4.653808448988173,3.9751110572648747,5.9677062324298555,4.814517675473044,7.291212844294042,6.452151380015393,6.47176807214117,5.990606619685278,6.824392806768839,7.380506314140051,5.204945746409261,6.239904807005006,5.076667881150116,5.180538445019049,5.719517168399207,5.874072211375845,8.014854538852031,5.414553819575563,5.678370897343618,5.965907196538953,7.322431214506621,5.706297424101287,6.611789354531123,6.1554986929208075,5.073128633681696,4.901401299407702,6.588537819423906,4.648747415393278,4.991904049695512,6.613464624242001,6.048169826720146,5.1340292618607295,5.988638530138211,6.3287074505419785,6.26913433467782,4.0873037312324545,5.060542217138868,5.642092811295994,5.1890584350996845,4.5775137351097195,4.968638011090396,5.887155042045036,6.312061064896277,5.792696925825113,7.296950025367199,5.940206565333017,5.986762066994314,6.465728453840462,6.41008461587478,6.467820209133224,5.40691467089489,7.819685361243791,6.013483469930766,4.743553036811732,5.028452423161245
g84,5.421982020122846,3.94810443296475,5.543856263280416,5.663810572256649,5.002300341185849,5.256984415810802,5.917144613857554,6.430169409712502,8.05952766948975,6.303369747455472,7.581340606259734,6.222848304020981,6.223909407445292,6.271835434697808,6.46490149925668,6.487635782684256,6.019883919601061,5.743456078665755,6.134950339505223,5.8678472871731895,9.864607020560252,9.148085090483878,8.423163815940955,11.909529589764201,7.8912042043137465,6.911612903972831,11.072071996062979,10.886640593468274,8.308202844465523,9.654584731173111,9.402613548823995,9.019590972360621,9.135635258210312,9.495573534794207,9.417699949567265,9.474554272126746,8.962626286558189,10.218996329005329,9.854124072430633,10.007893286464533,5.496660088745022,6.712804869886492,5.332045877499001,6.573557629748006,6.637353418266659,5.864178065173047,7.2676901458121055,4.9105935322688286,6.905522705745425,5.517440758473331,5.288911829676832,7.829110332323448,8.296658964435803,5.79868327612079,6.664650391244399,4.54949974946283,6.776187772667532,5.677838467873075,6.846644487510111,5.127255427233531
g85,6.5413807118895555,5.55816744225626,5.205105650855994,4.986353935874026,6.043968239279099,6.565805214434235,5.675892773220632,8.604361397226683,6.1103853867454205,6.084206602039291,5.807282182076221,6.8245507984826395,6.933987341961216,5.484414172833666,2.690032546560722,4.4936918978781515,5.196143688845112,5.858491804521213,4.821306777325569,4.9565804047185,6.013541900107777,4.952124552567832,6.181515161893803,6.274981502740746,6.767745714644376,6.331061203716845,6.099409280051159,6.492428685413047,6.078227037505403,5.643073184954065,4.700959862245509,7.134110108890005,6.898088300429437,6.626192217206675,5.652357092227969,5.436251612791399,5.380447951064928,5.366191400858559,5.2174766898901375,6.831764836936733,9.22149581241869,8.013231857474008,9.904982079696886,8.668571204508329,9.017014071766852,8.753606884011639,8.34840265018229,6.731922817466561,9.127582886583358,9.097568107330172,7.564154840792701,9.188539147540485,8.213204699236332,9.796579719491515,10.087826602010548,9.49286317896204,8.184597647570822,8.727958560455452,10.273215046820841,10.341999418529054
g86,2.924879224872817,6.039550939431674,5.443136633344954,4.743451434313447,5.830766375011213,4.380646612251079,7.199578517464632,4.853121579638248,6.216181228986705,5.95654085803642,5.90539319877772,7.317968088129795,6.712282429706726,6.607890147975749,3.7223843016139098,7.481203556493352,4.63087083809596,6.104166991656928,7.199361646228688,6.484876114754471,5.842019333442422,4.635731483911164,6.5374886585252705,7.7414391533461595,4.5762501374288505,6.224382324685177,5.6272908639526635,5.573749667388951,7.077876589863989,7.0516310070651045,6.7224029357345785,6.716145978755295,7.112886189694667,6.253380439775974,6.430984524884602,3.686586569643565,6.080967833818507,7.153280398348634,5.930325798388498,6.013936638926433,7.844035004989126,3.9363768798134813,6.795893636946072,6.2194521755451895,5.780486793149939,6.516078261894032,5.016793058974321,6.705040986778061,7.729886573102038,5.956510108553472,7.949258927395624,5.937480906506893,6.69133513124919,6.4343198234279875,5.009633326898936,7.416854025573588,6.501687678254656,6.599506573090357,5.473864013193472,6.558868015041515
g87,8.825054717644775,6.484892213591912,5.100506934072868,7.06792752083359,4.019290691525845,6.933759702783413,6.12497919370862,5.749860863360751,5.079373858714499,5.164782622806526,6.592691618864286,5.124980807101015,4.012142161048144,7.043583106146133,4.085326992863576,7.095398066832579,4.775610169300455,5.377484212912093,5.5937928108996315,6.329422275693221,6.293215993603688,5.510954695702153,5.07175809801068,6.005302952607518,5.8805060188185765,5.311636537177828,6.783524451885995,4.690523526217369,5.26034910603354,3.6060038699347587,6.232840425847658,5.8754829932461465,6.561109668558536,5.942397297980543,4.499413057759513,4.886205549157643,7.584429943011786,5.3169331956364445,7.669721923980724,6.844640962598454,7.882963355364035,4.968783405115946,5.753826514048605,4.929331934569197,6.535115459632463,5.361559157114382,5.5511789261064,5.288700093135994,5.723955787599249,6.308616927844886,6.530015199445268,5.593318050479507,6.047792434467853,5.9981750601622545,5.184470939711018,5.8304171768282345,6.535182747299338,9.054074304945201,6.1716067481855355,6.390805788898521
g88,8.288508814571944,4.664122745226809,6.727139317262141,7.3002509460011344,6.941460765993716,8.18103631160618,6.498189403294131,7.937520853497034,5.478167012616316,5.017931345236497,5.856103118796426,4.75574549376261,5.791200568687498,4.386592342436682,6.361868366753631,5.632279103567827,4.861366357857888,7.316736544896543,5.744188610299952,7.043968629562128,5.21114032822355,5.68973962175265,6.535905028535955,5.503318062224214,5.834770400589195,5.991960390898646,5.818356647968243,4.081009882985548,5.389984729890264,7.11703109266724,6.010718801308343,7.694171282339978,6.927731070327228,5.957061853901652,5.0216341585004765,6.42201819720956,5.242198388363774,5.6110867106946385,5.1765806968163535,4.90387999933023,8.00693485600649,9.401602377276182,10.460522867233323,8.701823968661376,8.11719183962444,8.98733988135599,7.067094732183675,8.950753704004022,8.602521823022059,8.515876155496525,6.600422655694045,7.0755654619724355,9.496984217265364,7.742721914338999,7.594299488572651,8.369407896039458,9.748765447326598,8.448259951602077,7.916407332282263,8.617411274174604
g89,8.960195439160405,4.578446184111855,6.534966878723204,3.089802783904678,6.469836309742535,7.746370081011665,7.234329120471205,7.126774100611267,6.09053536223279,6.08508650661474,5.749815002225977,6.3073979788364865,4.964232174346511,6.074679024610187,6.888830785616501,6.859167358447545,7.492771057953938,6.968127960721318,5.940605903033094,6.621778106987014,4.590553876996651,7.124212333299878,4.820426970280699,5.5407162296415144,6.262651278503339,5.923039859778546,5.228004207386095,4.720295266139403,4.860015360252877,6.7273734602765725,6.662780894721088,6.238281728223252,6.301397890991539,4.888358246811277,4.35416947889019,5.964185994911226,6.973414169536119,5.967764371980561,5.444204921593548,5.9453911795400085,6.5193081212302655,5.981939256380319,3.605224729361403,5.494205281361059,4.919436199788562,6.245464330224278,5.575284542669229,6.9531052971753535,6.834336745565094,6.108442229265105,5.670566802517583,6.453122177261783,5.158302912654779,4.631361154113767,6.524053624667999,4.777463386272971,6.285431654962685,6.1973669755474,7.442730273618666,6.337684779990201
g90,5.356602679687511,6.631855318181925,7.704773533285523,4.94673962181762,6.768016387692002,6.060714794202765,8.309550227674556,4.579013628016977,5.9251664579807946,5.136977551148606,5.159834413041228,6.46819792614904,6.879258715624729,5.757722804326112,4.721605826092342,7.119966382374409,5.67950006401222,4.594671889487908,4.6265456737646655,6.667154697005363,6.447363425992926,6.638653337421328,4.9545620296148085,4.1510364255016805,5.939506782662029,6.9319226911581335,6.620710723976988,5.661422384538558,5.61958118483136,4.288065252066288,6.4313150796454295,5.074593460282175,5.149212946284624,5.973976774245521,6.3739151347699385,7.079009836840166,6.369534403390639,5.81464287976406,8.081889749675247,4.242224453870752,6.958736402582972,6.777526104396904,5.109294339585545,6.060712937205716,4.064421157275715,6.811315227040276,5.94754485345051,5.761398019346435,4.517366016219126,7.734705887805077,7.184498600955298,6.18797569111397,6.647187147025606,6.852527070393605,5.639432689025083,4.796106880539737,5.0119984708742145,6.304408535175584,4.674909981727675,4.62600866281712
g91,7.075281769196269,5.877342415332977,6.948071804419289,7.078097206897428,8.479214370282994,5.887217104064806,4.986707497363779,5.452427144088677,5.016221839718626,6.059656538286929,6.716661862561233,6.06193937629401,6.1729856936019205,8.01061602458111,6.097890011620483,5.40755435205759,7.392316701606014,5.9804443450649325,4.732293188482865,6.196441114932433,7.933836715228773,5.698155389736851,5.483588461276317,7.430119252132289,5.952621955803201,5.699207477337198,7.161085551575264,6.563902126187729,5.91607618715252,6.594342653624425,4.612751797725878,6.819523929493777,6.337928437836233,5.212890358528337,7.088470184140809,5.712976850624827,5.945737110848649,7.156155488723673,6.178842563250472,6.623560534249068,4.7390964171110275,5.3238497891969425,5.202331338017199,6.725660065589093,4.868285891312132,6.510534815890514,4.421600130050192,6.294675710327279,5.150415196886269,5.254221516713835,5.242776891266522,6.441313607820393,6.465993162292034,5.236065749433771,4.370217898177195,5.451407498497772,4.6755688759910825,5.915018287187837,5.8645351902573,6.685011904220591
g92,8.190271291214248,8.94896147163733,9.0432113065333,8.27142690232092,9.914288719479018,8.701268322476622,9.489205479866605,9.574706508717274,8.262202525865598,9.627931957793116,9.885504746488643,10.052862190672164,9.75230334098934,8.36156883704756,8.16748554520376,10.227088941834403,9.683002359545545,10.303068523296155,9.692138939975093,10.867327879746341,5.272002631279998,6.635018469969044,5.839215962985274,5.716072904779404,7.167743570620466,6.391865929974981,5.466749207164583,6.314444872428631,6.650618963951385,4.869246691047546,5.723662852201931,5.665184576024126,7.238752735772939,5.758637755784362,5.541627252049763,6.576932441432778,6.107911687100174,6.2964947230555515,6.179105291683984,6.064371433128427,5.31171932523962,6.180717463483482,4.856491613727624,6.212118173723739,7.799746538450093,4.686215409169646,5.633333577276275,6.048051098105358,5.1781098052805685,4.6755266982684764,6.035618001521011,6.2131702476105986,5.157623980217105,7.5305242506738,4.177850949684686,5.176690082317597,6.79302677036937,6.979292548967385,7.139652353954424,6.822595772831191
g93,8.241882690778464,5.567414380568497,5.804612566025778,5.806756731733068,6.831564983155882,6.526805364689349,7.097868595874878,5.337269271737774,7.653472596006151,5.941687320172821,5.644188039932772,6.1219188399244056,6.35282067686207,6.686808442265891,3.9325407068969493,4.510444524643463,5.086500115390402,7.914552763787345,4.847608888065589,6.2028999167558965,9.50576394402281,8.713116931122649,11.108560500459001,7.968425856227899,9.29123638759132,8.73533615184696,9.795752542303164,9.260423050491823,7.203275809752407,9.242998498146806,8.97767712600254,9.196470782744282,10.267490358368937,9.334287170371297,9.770090421763673,9.296692843338915,8.078603718606804,8.737835749980619,9.093450178126831,6.937127132576592,5.706717951105232,7.12358296964598,5.602939326136998,5.006803274808519,6.75488771606549,5.994169079623658,7.552093694508436,6.312775419210803,7.2610706876470825,5.386585310374261,5.889559605066395,5.20807079107811,6.9542369565599325,5.318352144742877,5.409363717848804,6.075636308547557,6.303691451970367,5.830446837730106,5.584439876033878,7.511633157764474
g94,5.33711460960692,5.948434157800718,5.9076146903991225,7.970392105730308,5.40994817170057,6.402095010937224,5.186793771694302,5.32056983668586,6.220165871015676,5.692377221480979,5.951171924693586,4.301689428544114,6.088166532468411,6.166211530661852,5.017361398806833,6.439182327086234,6.905894464044192,5.703265527780016,7.840266848205267,6.890919242985726,5.586490432755396,6.031915787262821,4.965491680181707,5.599490320341389,7.398007754355179,5.58970090713867,6.333444257649974,4.041368687208456,7.133791168595804,4.533849507032567,5.736534983173801,5.874821518580499,5.6887420041969,4.894284471817326,6.276616180049768,5.329701254719133,6.482580496117426,5.464578220129438,7.035662535515957,6.419337679465592,6.150634700386362,3.9117950816530067,8.179233805626993,6.098638563181625,6.122441344223205,6.298966552722059,5.526186808104151,6.6098991681547785,5.572950591822816,6.80058241475021,5.126790703158446,6.493920341482948,7.650024808260393,7.5047671882710745,6.7132538605409735,6.622045084684882,7.467319007522722,6.622024065510544,7.829507992320046,5.491240320305358
g95,5.644913041943393,6.742952137909007,4.162584412310415,5.005072097024913,7.9250616209834375,6.361218929487059,6.987874318469358,8.000754318879435,7.090137333762623,4.414241401287464,4.738412214533581,4.86245475875789,6.148654749942323,5.389497821727813,5.540271222932629,5.861501994686494,7.342945038001059,5.413393945594799,4.8155530471106305,6.027478799306467,6.021390517969779,7.165041901271094,6.026615414948412,6.105200061729275,5.752400243345749,7.395321617682722,5.995058573435461,6.188223628967149,5.615372084888653,5.2465367970285515,6.036541807229381,7.241452879468823,4.8613361562887,5.6420771087683885,5.981455739164456,5.409048933870528,6.246203254816253,7.807964961730386,5.2878383667059214,6.068745248965121,7.077622768180887,5.516722606877775,6.007634390961119,5.819028276948293,6.509863793735771,6.636372566314968,7.196471710178625,7.299686697713452,6.439913318605904,5.9538351272945915,6.591659265244224,5.992068391969894,6.26750893118675,4.456995106459633,4.469842593100078,6.3224393713039,6.819404828837737,5.881740098626768,5.889745606486679,4.447508700519299
g96,6.119709323190502,5.413951821446961,7.673430983734123,5.178039878166091,4.72429359313557,5.820220896112842,6.047373713018607,6.483261412363221,5.722252015154273,5.3081192996126445,5.611426864555417,5.53019855479719,5.505222553530223,5.985593088641401,6.03814835197684,7.0170924362184035,6.004801388718385,6.155269334461526,6.263477871011315,5.919866860641765,4.299575618230962,7.751552556543397,6.172154611986269,5.21254151797296,5.4225882314679215,7.742007951032477,6.261556487396075,6.982140734912121,5.117136975352632,6.996339597653773,5.125512270967798,7.3787010357022655,6.6937034109792215,6.126224685478427,5.463795670851043,5.994750532885109,6.873806519010858,5.941698942507882,4.6145678313642655,5.334597433722099,8.970400912780402,9.282288966663542,9.559492029952654,8.382838532925495,9.03240234062401,9.620826111260506,6.331202822454056,7.781909832473072,9.112361056526096,8.916833803632507,8.81581024753331,9.432733819317615,9.734481251033543,7.14788347081979,8.553110843248241,8.075062950219213,8.887645240623444,9.157326802155968,8.059112503211995,9.266119551848334
g97,4.898220868563325,6.694681454706052,7.879945023391149,6.280620403630489,6.169734145524541,6.795091090365779,7.335678310939447,6.646280039989334,6.82097671351754,6.805044228525771,5.8476520215740475,6.664597767401886,5.216188181082743,5.070745738886313,5.948702658903606,6.831015460618191,7.647743727173719,6.147173922868632,6.214478907813297,6.360540980684446,4.6811826824007925,6.439374040786705,6.566276598379032,8.086091401759411,6.175657407490203,7.397316192879558,4.947797505195473,4.487282679642266,6.951301145510104,6.517999854733615,5.452902520651799,6.1894887399303915,5.040862874027853,5.773752869545272,5.986041248905864,4.649217513055408,6.3355064743903675,7.917780446727955,4.780796272109428,5.523603147860694,7.124405353142481,6.693382067155222,5.208390989796429,5.307634581283264,8.715598943674568,7.534554686297155,6.244250492175488,7.026272480986718,7.528965231198142,6.713741696348584,3.460443830711956,6.409536230867081,7.052537447513635,6.452248177097986,5.953983811035169,4.664053147998347,5.811441880940197,6.853323767950648,5.591506191595007,6.02697697955245
g98,6.951239971430897,4.892356162721035,4.775962231032598,5.570963584328073,5.296008115008273,5.162343209822117,4.038901949697388,6.619890770052572,5.618889371879053,4.509917097038848,6.9908732113246845,6.4939711369368975,5.640125202078304,5.066234073725546,7.358499532824169,4.106587910354495,6.050381784167939,5.45552045076469,7.943958525431239,6.206780260679845,9.704558076903483,8.453330350516447,10.13514532911904,9.448309903542295,10.19423317153363,9.075775149947496,8.268343301236806,9.227303137359172,8.05153588452603,6.12836778926455,9.797189892647525,8.960218817443819,8.403662526381808,8.82053879957486,7.138920775560279,8.943735863866994,7.964736443889361,6.510444166472254,10.29354010221457,8.459081194161408,7.065801660193715,6.34226877517919,6.658644109060471,5.243976213942805,5.2201382852705365,6.458577971245739,5.035903689227724,5.875296571190619,4.752508125883116,6.915940909326296,6.483265789256447,6.3507392343432345,5.070588228904943,5.664054661410258,4.612553943564373,6.485719866296219,5.794056166978675,6.153374740758025,5.765689892650254,5.06469477606352
g99,6.041160979148475,6.486486646900454,4.7742418626896495,6.198271461602771,4.485925902516142,6.192286046342858,6.6837537246852845,5.586269450466582,7.045007745503842,6.603360243970186,6.409148767685362,5.279529201477445,6.9550968041789725,6.495461044853404,7.0367773122653325,5.907501754155075,7.249627017422409,6.149569449186699,6.093670747132606,5.1524895499313,7.281999891808399,6.136355194621821,5.161143547794066,6.828400445651379,7.128805769036282,5.188934715118337,6.123547979598733,5.79252660028231,6.7019863563855715,5.218277235954763,7.5119288559962545,6.069461379852472,6.8380077157588826,6.545054836285756,4.830432720948304,5.830262237237979,7.704376197533286,6.860938294508768,5.1026402896181215,5.089347852992001,5.757355632493535,6.776171962073991,6.28937612563226,7.47442038635817,6.17311461419112,6.294445341958778,6.985878998371425,4.81768203505686,5.823869966323381,8.087367357472372,5.374881206558943,5.698569072020675,7.162403115265762,5.981952522472432,5.831216643485622,4.77408100134754,7.071916603340517,6.2777747216354225,6.076686225559327,5.896999453163356
g100,5.520244544725895,6.495031863096826,6.834633927390114,6.465984243109464,6.48130583816496,5.114170021042692,5.268868400193051,6.596527712018535,6.262623142859109,5.893530799166666,7.414976034603015,7.353348661362854,5.336251873068558,7.094098147066869,6.689631507689924,5.0296085744527765,6.854713913588438,6.81065391302424,6.250558328752933,7.265106081836523,7.519657741125851,9.02439849114486,8.90972651956963,8.44340613380071,8.54063957359735,8.573355630637947,8.58166257529296,10.731744982226905,9.107767330213575,9.198111270794282,9.329119669754661,9.94720030464939,9.584113273157909,8.559863542629447,10.768183096233207,9.169636658585505,9.872357315359165,8.995113486033183,8.538964900063114,7.0871058589029605,7.143319139413264,7.66898843168744,7.265902729176546,7.609007571730524,5.660345391733942,5.9461587648402805,7.182412406940018,5.919188843165149,4.690834402385445,4.579187789149797,8.344372497889227,5.650739534573235,5.690534076561486,4.917128136999727,5.757835158679432,6.695210469574527,5.714399458942499,5.642545385667818,6.262742783661089,4.075438460823835
g101,4.58786491383449,4.342058084137405,5.1862086718844775,7.3680623398138,6.653903606990526,6.359957456329162,5.493772575761745,4.429528300485452,7.230719262783071,4.993115159268557,5.56149093141588,5.069435120081861,7.137093723125518,7.02728381909876,6.480521692505795,5.777503321417374,4.547716622948305,7.735340804816021,5.293731027671052,6.666793422160988,5.249173147743922,4.862705157823832,6.5946602029995915,7.0493533696930974,6.152282670868049,4.1912227854117035,4.98809050185782,5.349267874009348,7.067378179985646,7.567688852297431,5.897850578822611,5.266175772793612,7.228193562457146,5.979853096255272,7.375124686634576,6.828466906953259,4.881632413230227,6.620553156237399,6.161274597089444,6.877267927166297,6.3753973538285935,5.1221153090141085,6.448365355849021,5.7259986074726825,5.665190918803259,7.001963092962985,4.8845195420300485,6.233238310826004,5.53819806446698,4.856899474551942,6.803747483630319,6.578074969691387,4.557161104284686,4.3216471197058945,6.5526044623141795,4.7205176196445535,6.296565220720336,4.761307470311893,6.038037101950324,5.925956109421197
g102,7.268975643014034,5.239392425947644,6.313195493660163,7.522163609823868,6.774531480807222,6.219586329942783,5.905826095988471,5.621631856476454,4.22248819340868,5.170877500744277,6.291220787829492,6.644436620469798,5.384582566234639,6.0790211869204684,5.968605885456068,5.724236914729128,5.725834414330141,5.576898736130982,5.799850666393756,7.819213870552214,4.468427779457243,4.955774517419134,6.586615019091342,8.188156745560326,7.793796667875121,4.695124692690558,7.32766791390868,7.093469639001705,7.440476872411352,4.475768882523028,8.493398189537283,5.536753819430871,5.652607167980955,6.44653984016084,5.819714968902114,4.819785151259162,7.033402380465055,6.145881003551403,6.1671466241907655,8.1261136301131,7.73715803541909,7.758459107092943,7.327364963715632,8.93306232721782,7.650618638368253,8.326075008237485,8.664850792029018,8.676660232173457,9.857090651783913,7.690978223260037,7.902856680354134,9.737585057660803,8.245621407487938,8.718906987577675,8.657700124630157,9.916103315805092,7.122735517139588,9.210703988496501,9.515748529859756,8.697318351168025
g103,8.332087464280571,6.310869874148238,5.420322242851254,5.827969588874133,5.896733795305169,7.614939020880151,5.183613692476791,6.016898207778488,6.174602575782063,4.764597011839339,5.484004943516322,5.6601096780604765,5.991740374698848,5.81799801250108,4.906056329806836,5.799737036076037,6.569273383256726,6.071190399219719,6.304734348343127,6.962401234250567,5.99784992423489,4.904516733114927,6.954205650731323,8.250482336734033,7.194618014695153,6.098020248854026,5.2651905017582585,6.534258919355309,5.647464005036837,6.549617882233244,7.826136395809297,6.34555384216952,4.1150889746580255,7.560864258135027,7.292379273977239,7.802135793518131,6.686165473111081,6.841173274021684,6.4955073449027765,5.676551114983891,5.063142784126304,4.766518638878322,7.386013480379267,4.243638485691367,5.447119955415524,5.262946438082701,6.296965278576602,6.3868058933436,4.800754290561794,4.780287589854417,5.855027706266637,5.264047511008215,7.7269889455045355,5.330209811480158,5.9287522843571665,4.174853626802533,5.926216408385017,6.1971780613445,7.323125028819286,5.858216954444703
g104,10.383966497963005,8.346498827403515,11.830511490383476,5.389945132197241,11.344962239350508,9.323552082602955,10.505733254498406,10.079050948457885,9.544560622681693,9.872946315931369,8.25001943490109,9.301661775588585,9.449676585978484,9.408508056253648,8.074423751905318,10.463466841241825,9.504552239257828,7.88280181520725,10.890320027735601,8.7438201971192,7.780860689983424,10.51422991624711,9.040390751566994,8.966998809490951,10.188611924201394,7.7922231548369965,9.946249586519116,8.536872423053907,9.726099852663348,9.843093055056784,9.951931293897628,8.961588973821042,9.739237728333162,9.874249176499609,9.548555901234417,8.363166080851517,9.916410136125632,10.480896107778445,10.016724140789902,8.028743371484053,5.224959756767524,5.670162425726865,6.822827973790407,4.086063061094757,5.752016986085477,6.478331002598,8.345155735444585,6.727311371219157,5.5301524809733555,5.51973509705177,5.9887564675116085,4.7830689669842235,6.317175640679147,5.3302608876114,4.246391791654638,5.470047698394737,4.519491525382815,6.493995354786633,7.934960593844072,7.6556227442418106
g105,5.276280292614832,5.379588818489518,4.338962618191295,6.293696603590108,6.926094747341724,7.34913247491346,7.541771928716518,5.916023571001276,5.456288254413896,7.550810209960387,5.224095140653525,5.983409823702115,3.6662596729502397,7.614197561698106,6.5983518336975155,7.4589033108143905,5.188982272159838,5.646715456091099,2.9229047894860316,6.759897399555204,7.795076413506278,6.364222990880021,5.536653663673979,5.451159746635591,4.901006812278437,5.192958901031731,6.126578158803849,6.563179098399155,5.231664242016147,6.630088939458818,4.293750650515402,4.863363851588559,4.886517471729247,6.166658605547901,3.42891239106661,5.371203118448572,6.059311335034545,6.933307479141878,7.025312862697981,4.6697098646138535,5.92523529832408,6.251073799997913,6.3518992936981045,5.830130968528568,5.752152351646101,5.974425298564417,5.49658037602041,5.5999351011801854,7.813749283699844,5.00143127453307,7.16414294148195,4.55974488211286,6.222100308254794,6.861706425658448,6.563149199485287,3.948285743104271,5.528254118829577,6.285508922576804,6.478883971335302,4.0871620743015615
g106,8.098440902005605,9.990531525833092,9.96856833041556,8.998150783190914,7.957183393468743,7.974545352995632,6.917546648659991,9.432768554795974,9.046680661111022,8.03491903320595,9.362105671830971,8.865598606882854,10.194712292682949,8.903184231177939,8.78878189646601,8.1873550056171,9.018447366245558,8.038942103655062,8.255793398892086,8.323653178252897,5.516239743358898,4.176276374992469,6.9967874866522966,5.04238635073929,5.399887765930657,6.6073551745418815,5.04257268437054,7.266952950099235,6.393841772905027,6.63629949032639,5.841690886906219,6.7239916928536125,7.319211273683981,5.075875143232697,5.665929866550202,6.41413999770852,8.238562528155857,6.754747957888634,6.551197875395283,7.327171611665552,7.615645405202698,6.752215844307886,6.268597152652202,6.411165063584523,5.016001269775035,6.28927474192469,6.773087401336248,6.450090004686244,6.491220733104797,6.104760808438478,5.345043770740788,5.407425992047069,5.005315193260948,6.381959622323407,4.630528254893594,5.9200458209684195,5.41023100674442,5.536735247363152,6.234204459764351,6.673264587162171
g107,5.295743504237532,5.997309627774286,5.3065861746561405,6.398179780145327,5.84363468260851,5.249993629295481,6.203077898983854,4.871823658398948,5.549536995916795,7.782064547543184,6.568294773623036,6.29986985625569,7.615616634057041,6.4480414697042665,5.597377031626202,5.269447676223872,6.075648104677384,7.8353577837327855,5.709144482235719,4.619751345124287,6.476151984356714,6.418271737235499,6.164560196990842,5.064072660978353,7.0875427964397195,4.496911406716666,6.792168072639656,7.37130598661743,6.459257130518854,6.469725309966972,6.470525140177372,5.444920368127626,6.7030028547751,4.796845495249924,5.486032236656561,4.113947689335401,4.339109104532252,7.648205774705692,5.783510458326605,7.47009821029586,7.340125076157548,5.974708513430245,7.1706582796536384,5.359516144415715,4.475882716153591,5.521166416281801,6.392118842557199,4.805401739465831,6.060574991432543,3.446027186173863,5.504119253899768,6.577402907337715,5.740172786215694,7.217734132400723,6.578268672834588,5.548448663740319,5.488163892185133,6.916278527444758,6.162653173381452,5.712397813757529
g108,7.163231964110262,5.703645141775051,5.455061197571822,6.492402601206765,7.911759050378567,4.741930725164018,6.942403028332349,5.4957824164679545,5.944623009664715,7.012508832336602,6.547464719998748,5.136856653271721,5.286335682348675,5.754184038705825,5.143436161765465,4.3696704664749735,5.175002092765937,6.241285113670479,6.7997068253656785,6.302416533426029,7.4116060806867035,5.899245026681958,6.907785821804238,5.490670265917043,5.370799514497717,7.0009582204151,4.331416238243983,4.051797699893319,4.664071025265088,7.077265258663015,8.852746395997624,4.930618543012739,5.470128696850045,8.17612089932557,6.158081578841942,6.482482628108475,5.676106930626328,6.692976159247001,7.1510338257027035,7.711869702101167,5.89357117145584,5.229085121830319,6.703978932624952,4.18278026476144,7.18242000274261,6.766649197311576,6.459393391237287,6.949921197971506,6.252670089265996,5.077036023535179,4.857962566198257,7.212906543467391,6.722703123325152,4.821785566147557,5.689869319185191,6.0349365459666675,6.08550393653856,6.232759916003626,4.999659057087425,6.557171178699849
g109,9.375524367600896,8.237499846330298,9.27265761559224,7.06758745874139,10.45780348264799,10.988089999717731,9.538743593698086,7.543717620676959,8.106106533988592,9.607854167454086,9.531537580574737,8.962856055295674,8.721586934324861,10.569941369109202,10.468428919792245,7.586774459063037,10.52420148617683,9.254956495651644,8.907342400632391,9.501672607232596,6.208461447151606,6.492318323571617,5.225037249227415,5.941689373152499,4.985330963292059,8.957352330308542,5.118421912705179,7.5557735986132535,5.28732477901977,5.171601533122476,7.1321747716818225,7.1360274548658404,6.023550826229989,5.028707075995984,5.528056264580139,4.592167134613746,5.199805683050525,8.132464694283641,6.0043711549930014,5.606772009507414,6.520610555052313,6.946761545050782,5.869868079657292,6.157147170284925,6.126773884243356,6.534750109229288,6.1236044526186415,7.2415328209413845,7.076439969079301,7.554527516992645,6.0122291431255475,6.240244320716811,8.40608905730467,6.6404611809217515,4.78318809553574,6.066924349858951,5.08423954288169,4.771292182911933,5.088280461236158,5.73045426680643
g110,5.038649334419054,8.038774211610816,4.271395263808374,4.9358153306242265,6.744224413522257,6.447440957435011,5.618616207376723,6.584942842655093,6.028894117802203,7.931737440503517,6.811036084884999,4.376900263590734,6.170249951232053,5.62032049672501,8.388339099404684,5.90443841436567,6.387284629326531,6.030564960750175,5.194326173518897,6.808000814373096,7.247263583213039,5.669566731988117,5.680978070435638,4.828543194451205,5.870881634569622,5.1959829684653,5.09047262446922,6.342388396971675,4.690667806910003,6.748849711177856,5.268718870636946,6.089383412876927,7.469303849162311,7.090674549989222,6.961280084448593,6.217216403337473,5.269584223475649,5.249982769842382,7.01805321611153,6.299723783997211,7.101024121924466,5.69113118448108,6.809361998486915,6.033887666119534,7.055109208435647,5.691316724078957,4.8488599516826945,6.162180544870725,6.763530760798923,4.4949546405837175,5.120543380639111,4.850439478187609,6.620585981118968,6.927287955808681,6.927909560189786,6.73947380333223,4.627011083430034,4.425285349065037,5.873263608014203,5.880833067272496
g111,7.087705485546166,6.291282169786629,6.6936658743186195,5.2938664377495845,3.088885228337753,4.704603254071817,5.943587610079474,5.71489087181243,6.5767325529590135,6.581110145238751,6.773780179284483,6.25443151580197,6.747058037923118,7.704639677889623,6.958451974970398,5.6150984340128005,6.336313293260906,7.053964291501883,7.2623604941633095,6.408224708843354,5.711193771365149,6.332181247047649,6.416743512878436,5.674246461505921,6.752381168140936,6.043419081009149,7.109530831269662,4.089694799245503,7.199685125569057,5.434289170257698,6.549433957687673,7.506512859038069,5.330017042171006,7.2612652510756295,6.122304539685876,6.032177459342228,6.354552107580863,7.171497876179478,5.308100836408447,4.127457936882697,6.1749934505865305,6.751723078610894,8.208503498560786,6.780385450082941,7.039461764329233,6.051670513342956,6.4863571641335716,5.852042200171123,5.0012831469025105,6.893518383934797,6.109629207352466,6.450109980073069,6.728025321492582,5.915894592790972,4.379117674954788,4.33392003310496,5.219841694339795,4.8189576105873915,4.134607935854419,7.158859152135824
g112,5.796285388244741,4.172129114246918,4.724721992646794,5.429884757444918,6.884003306672588,5.819386998259162,6.367372926822083,6.001425617813432,6.594836651451761,5.635838555660164,4.298209745190534,7.429129823915341,5.341569713059667,4.985285935510269,6.073156108868151,5.921233296615689,7.36228440382581,5.961597501418013,4.834234140712567,4.885703683651545,4.310124981397472,4.5662835601680385,5.060929450921951,6.331386925872527,7.0469172808849825,5.5241182989782445,6.045690733422585,5.218323874198852,6.7304580575505994,5.435703620375868,5.910428287806245,6.28564487074413,6.4703787712629355,4.8863266926685585,5.640755494613244,6.117308846575511,7.864844880067487,4.603745471868074,7.36584375225817,3.9176491011753227,4.716243473045616,4.353739007768693,5.700087205579014,4.848608113727982,6.035286494790583,5.23001268555831,5.2877274833567185,6.282367541737365,3.6432729045674153,6.067438030840433,6.5581402376562465,5.884148695862909,5.956005378529042,6.76904748539218,6.93805964729474,7.504972636533465,5.393279910870925,5.32331003421818,4.663966463304363,8.161509083456085
g113,9.161494927928299,8.474947803687812,9.10102156005565,10.435532527257552,10.907286151876416,8.85642892420199,9.356808382338752,8.311577095979395,9.16697750360806,9.05695965831734,10.535481031860126,9.488283040566671,9.33987561134472,9.446671761728153,9.18196638538517,9.248636097789195,10.665131275269234,8.636419159929325,9.17157256135798,9.90456476952719,7.192453110708133,5.474305734252005,6.085155258341666,4.962742843750216,7.709614613664708,6.870142496652299,6.829622494789177,6.378670540253494,6.3199321876790995,5.985857347182248,6.042490041865035,3.8496354273356705,6.652807450984354,5.875254368025889,6.522176834599527,6.31865328499832,6.840593739874216,8.848282793385556,7.714220344895773,6.174310151622236,5.7688776724262665,3.8970207621184167,5.379182206366212,4.778122630141727,6.2004841364687255,5.932177038531208,6.010657982287248,4.722201732869283,3.8294795794949237,4.307622116722408,6.769664540380897,6.546637579428137,6.810279199094359,5.5452443722996225,5.779786183269436,4.727496261019733,4.9116063928518665,6.337882486517204,5.461371109927736,6.53108810646308
g114,5.388394128516057,4.572860280186118,6.982889319007912,6.817734948234655,6.947369781728754,5.734559707205599,7.193820454285958,7.2234520088471506,5.678395264073418,7.006720252926621,5.607800669026566,6.107525434783796,6.82990488046993,3.3559657431096825,4.930167604104077,7.477593136283349,6.23984135408805,5.442554977961746,6.344896790612529,5.486419923570574,7.385508202598626,6.772207395657814,6.269537864182389,5.809072319665843,6.222055397466794,5.299156346043915,5.350681669125889,6.124418514534177,6.495905291417637,5.697629296152779,5.765082538203965,5.406554726620736,6.484086452349638,5.845661152754637,6.777374183183145,6.671233098643362,6.287850261263944,6.849387760583783,5.379513740927846,5.2757979360779235,5.60668038809359,6.5902523808911955,5.206655154498704,6.195616450460585,5.011701241615097,5.865839310513692,6.439484820362991,5.951860532374753,6.075878509025358,7.269449459177341,5.574343227158211,6.568821904281878,5.176829545621759,4.278986917650781,5.654181072745173,5.5264615002726885,5.642976878174441,7.7608123633489505,5.715093088433616,5.237847113340913
g115,9.211032884380968,10.178346429407625,9.380573965180918,9.560963083923934,10.170281123585738,9.710599340472378,9.7132445247873,10.068306411544931,8.835943278887353,9.068657851958633,9.501294686214404,8.615883066115284,10.55128712077843,8.108094839200755,7.074156822816542,9.351198141993816,8.55910095057017,11.788961697136212,9.061164234051624,8.741615064818053,5.66775799462798,7.276888008983489,4.87495341884832,6.100227019641489,4.343731430391548,6.497633900714077,6.505495638872909,6.140848970529811,6.2486777285444415,4.093871904189353,6.946384549636099,5.8841277851108025,6.753903035310205,6.797682843703949,6.147413390130059,6.301415962315529,7.111850464468331,5.333660118723047,6.223918539248931,5.458257449673743,7.694630073473447,8.23975160537448,8.743330765997056,10.49190923224339,9.652566753922198,7.9509572287364945,10.400197750571996,7.524480224960559,7.22330607898123,7.770525840696784,7.96158091076198,9.566665357917284,8.279470233743826,9.352945319996984,9.315304722591247,9.56259890167727,9.592503474796048,9.427265902923018,9.458641885996634,8.837582919389762
g116,5.730466684748276,5.031651332146297,4.98017797638356,5.1872104154689085,7.516245836445211,4.069327530266514,6.038562308568857,5.413561531323088,6.44335283155803,9.042375202004912,5.5509861448270215,5.793241048504789,6.189900981131593,5.2308227319505765,7.814343922270405,5.141265006037715,5.485282649003032,6.618508783299279,6.145635518949922,7.950972628677589,5.246733822921871,4.650389823669883,6.384894626450783,5.534776058256369,4.584730105240138,4.9829066758840135,5.700824118521517,6.471185817465516,6.202792685528752,6.63727035354816,6.470985654106351,6.700494809025435,7.210266502304412,7.0141839018748335,6.188929453745945,6.788062495055263,5.553075372310765,6.733745395360632,5.684040203845242,5.808119419424125,7.008852741276552,6.990465177355798,5.729349739602017,4.432837367220127,6.124340330226405,4.921605288336584,6.725351097364118,6.008687206991258,6.616081772269249,6.3223515949572535,5.122079188069095,5.812655350072165,6.174750968571059,6.1584143736325005,6.707489939238741,6.150381508989695,5.2687234346203375,5.454051016390529,5.127840619286571,6.319869427074498
g117,5.3695917451867885,6.73064116106107,3.811699580282809,6.928582699971273,4.9997674831535885,7.096985523609474,5.92888718533349,6.436512227028864,6.397862677593536,5.007559850864974,4.364168934232184,6.348606283285657,6.861251070806711,5.611623620827198,7.463001304897182,4.342264267606414,6.543833064089284,3.6850060730658467,7.286743127113337,4.858061523844679,5.785504373372462,4.872987404872676,4.803988969769324,6.302125328849874,5.8289559305263365,7.5465674043811415,4.462305798660464,7.567456398402001,5.719997623391745,5.674382561574103,5.368003100029602,6.809652976717756,6.693705701100353,6.724193701605966,5.317988074052961,5.7502838181394464,7.497487927639403,4.5934419375927185,5.983391533326601,6.1017678234041846,5.242288591059656,4.932786759630126,6.455620670314239,6.077184647396984,5.958448340734454,7.760565127276175,7.864414497694377,5.565101074899452,7.240414576874048,7.3771155894046885,5.844286878359449,6.468948003109528,6.3446177144589395,4.877158324824177,5.268529377208508,4.451599658917177,5.8448962341316015,6.2214465631182385,5.666908236120001,5.648813390987135
g118,7.912266263735969,4.821526247239086,6.191763069958386,6.246323346355645,4.697496993650083,5.648661477465532,6.412146283130159,6.467626452750818,5.300630970945715,4.123659360277017,7.487831916466006,6.643409159024292,7.004000683314838,7.830918147534158,6.880515405315613,5.091553706576803,8.953584453005378,5.537971274719654,6.719827797432337,5.738636958315915,10.00888481353662,9.545290887227878,8.911493824551789,8.967484763960403,8.472274810599542,9.315300052975163,8.890832269495554,8.996707804562151,9.723368943011984,9.078255225697795,10.181683059727566,8.603284471792128,11.220594967138386,10.821074809770682,8.42203209935163,9.455573830523184,8.72761963479555,9.458681849063632,8.291781495550769,9.439253542431153,6.0927772394485915,6.513602767897487,6.616530935201613,6.761417097032969,6.802696081012463,4.084709746895642,5.725639729993627,4.994204906039864,6.0264569944826425,4.858099017139462,6.672297352315396,6.219245466374797,7.416984478991679,7.288953697700529,6.909142817080267,5.0090688093737805,6.746751391089394,5.655933291655827,5.829022755845873,5.746032895862896
g119,6.1864122366291925,3.578370675102477,8.265987667372436,5.250636179087012,4.400387022605409,6.546884095767934,6.35599580752764,4.034660309211274,4.648461759857772,5.087397127705777,3.8859282240434116,4.8108238926812055,4.461281260591159,6.328640650809219,7.285036821979206,6.024101269749571,5.636176745753737,6.845531813429435,7.047616075226938,6.629675628503589,6.842926626749995,6.335711237925139,6.2018020188208975,4.907261458909711,4.713738126583538,6.710067160890619,4.5275616591666346,6.142398357209451,4.155292977434312,6.243618777948208,4.378792079858281,6.381919271987222,8.048168117640861,6.053410553395446,6.275690567104364,6.613936747755822,7.052913750181028,7.344830949727291,6.711069934840493,6.706699313043904,6.8618571162384825,4.679269421636631,3.5211095215133064,5.6132766205375075,7.536347012868827,4.512223985712719,6.072809603000576,6.137195277627456,5.532672002228263,5.543548186933365,6.9264963365242105,4.761597738397467,4.9065120698002325,6.414839937957963,5.718219957965152,5.39065914985698,6.710947916290152,6.840328182814056,5.423680728343994,5.931491585014498
g120,10.081156992708166,8.502136439012453,7.682519141624121,9.200631711743762,9.395167294325685,8.582929852724927,8.696659449759816,7.422117635951672,8.650892258694887,10.816790389844716,10.062827766215698,9.218574222643763,8.94221263132225,8.853752249976402,10.167885545493041,7.895779331276568,8.042987439940887,10.291641915813251,7.854899579598357,10.352699806041638,5.738301157541741,6.064733758269357,8.05032138963333,6.49656652271103,4.002515279222517,6.592251380435429,6.625230726968169,4.4610289128305745,8.029520836021971,6.0428886675655225,7.496066692959451,6.089772023993021,5.6700461822880825,6.788883126156606,5.325827615454525,6.905794321045423,6.148418787815731,5.245055326716741,5.87282271727323,5.3538369287714875,5.017678792830065,5.916831845588418,5.915973721859238,4.172544455311259,6.506111063262069,6.07018430048152,3.917807975124821,6.402353577461523,4.079697194987702,5.967843161189196,4.822791489998476,6.863000059202845,3.6814177895232882,6.859167285241978,5.924180523882562,7.459952248160929,7.118916868836363,4.675591066314034,6.771506345499826,6.400680513755446
g121,6.2590849077133655,5.17598066381733,6.213887574437196,5.662421212370556,7.113218798279031,5.860612461095838,6.300415675441261,4.840525177275011,6.643594735788032,6.444471506565226,7.114315438445944,5.823537685473466,5.7135272529134555,5.629586179612475,6.767266575717121,6.192236480870872,7.5554148358888025,4.79826121611932,7.13727453585476,6.809530225677556,5.820741905127593,5.846946278885182,6.489915551632047,6.782878270142878,6.862981972373916,7.391209794038879,6.056932828400302,8.15807503243293,6.041158653559906,5.768539235251167,5.372718555149841,6.399194105319431,5.696685866897282,5.570160704027261,6.65300155647878,5.950468963644041,4.84028995479112,6.584659634650533,6.029163259900675,5.863600211655709,6.7112468205924545,6.099629756521887,5.488872952401336,6.1101339932657925,6.283367149465625,5.49101157868185,7.379239620899855,7.4975304457766825,5.951904278993663,5.141792209754421,5.136443929547838,5.805192500156582,6.127759998667564,6.624414567818036,5.825464357038056,6.687289049101584,4.815500461769458,5.674386303078815,8.212524721012601,6.494047685427409
g122,5.433302207533842,5.556537723235025,5.442518805945113,4.435916281057279,5.755056543812013,5.864663144313466,6.82333900715798,5.308735973396576,5.909304263791931,4.83471580299935,7.630370609274688,4.447706569913895,6.820670546525199,5.589894421750773,5.443585019451706,6.288045123625246,5.387308641332881,6.176067107510823,5.254781073991379,6.714898869218062,6.9158383412963,4.805527754370429,5.725866219260249,7.619904096692957,4.4907502244578765,6.424972833054789,6.219586889160091,7.01619068356785,5.113625981633341,5.376489952818267,7.180052364032576,7.491543792627604,5.831500156264107,5.136056534284458,6.738096987448044,4.6623957872666875,6.156084656327646,5.905473211973908,5.980633616947169,6.972458759837144,5.865527382514607,7.005001791272182,6.178539919435665,7.212133672563234,6.804094139617302,6.024060777771799,5.61216686353511,6.997707701017465,6.495634211820588,5.4044112451588875,4.707365238937793,6.188763245432776,7.530441073186694,5.749744680147179,6.689139907337832,6.321165527270354,7.2914772327931585,5.406680186329492,6.028934419139244,5.366244309592494
g123,6.863889178564597,6.234273798861235,5.435705498884847,5.664318850760667,6.683960081697777,7.1180266315597445,5.704110885935391,5.328450534737089,6.4022340155884425,4.569466870267424,5.958998496096164,6.171041712959139,6.325174654709647,5.650853910918156,6.650599307688706,5.184387297016665,5.560383345696198,6.848506876207109,5.408663309247336,6.00262487921896,8.563941460231288,7.402545187216965,5.491004167517124,7.829457794483184,4.008777716841729,6.047028770768105,4.275094957828741,7.65945288819948,6.358312710079541,7.464686843229843,5.492366950758978,6.2366487502032735,5.865920665134682,5.429571922759833,4.810442009156407,6.1558993165936835,7.130697787560008,7.318431318718273,7.6758314362246765,6.27548129337223,6.645905546159904,5.440426475280486,7.018109063091156,5.340151894145718,5.298162736399104,7.739537943694185,6.4341199436011935,6.155431806326122,5.026166702151075,6.409521815363222,7.959407249806778,5.581251058750584,5.2662428159170505,7.032630400675944,5.650461503848947,5.601167030293314,7.0560535488186495,6.455015457064889,5.376365783780572,6.539382452883265
g124,9.156081096234926,8.644037064903024,9.1821726334144,9.239037505752641,10.700584910993815,9.084746418966045,8.766013871479414,10.614244526481919,7.918157991269038,9.130447037848835,9.133563852855346,10.019151345355564,9.207312681392526,7.136791527517948,11.424612915925444,8.33743856806428,8.625519788575868,8.238998885910073,9.415603890929448,9.520585666610078,6.730516703075193,5.164337554375116,6.500843541817343,7.603072265870269,5.690930248687866,5.156394343264152,5.531938333728604,5.99778946814299,7.669260727993317,6.552949372797108,4.760478501003868,5.4319164410688066,6.319312808450234,5.558809070548503,4.8245325201451905,6.350250638257224,5.963435159903652,6.2075394119281695,5.117449992290062,5.956097819366516,5.063906331687551,5.664398258695892,6.104532004754378,7.330363096254397,4.941954263083357,6.090326652702435,5.473035752634853,7.244823314569638,6.071954454246306,7.324551080729963,4.713838689520329,6.779719680675596,5.812877562297591,6.743092562999907,5.069450644938529,4.004015612074651,7.634387907927773,6.425077896984903,7.221706441067238,4.1434465750761404
g125,5.246340174815367,6.160198832958302,6.51308816759262,5.149903519896148,5.392924308742508,7.165994893299959,6.264132397613549,6.147069153038242,4.52329702407497,6.735527458917272,4.652845642423934,7.3615954997141735,5.680135491014362,6.678865568212186,7.776214700544092,4.541135216627907,5.7222267676994125,6.123728577101877,7.246678864969267,6.620289851168658,9.645147506691986,9.831752374928628,7.977255805108781,8.29140036254753,8.625285322041867,10.717261947733338,10.270602007772345,8.872722861603338,8.780551894563542,9.194400069682748,9.029399721721255,8.633133276598823,7.6959716181745055,7.447773447635404,9.527540523106055,9.032319613983782,7.754423791067396,10.289794980084139,9.870174228620948,7.2924359545260256,6.613224028458534,4.929720262568647,4.942924471020009,7.449137440295842,6.403124793615792,5.693659695564251,4.990011640890763,6.803683995665128,6.350906469873793,4.932250039589616,7.358699818338797,6.158282603336951,6.800357497278783,5.435176063684021,5.280278541281153,4.263932434868973,6.039743294683983,4.2629356710683535,6.071213158489273,4.752570789751698
g126,3.267806142593737,5.772042046248951,5.802841259685842,7.231308737425076,5.923226016957927,7.912657377990474,5.342811794008833,7.478119180929773,4.73737562277129,6.244854469927368,4.703476163161186,7.017631222492861,6.179912906333323,6.71323649002521,4.640056872436125,6.543876010203697,6.800118477306334,6.35263510226407,6.555583767984427,6.160774310060432,5.240350392128337,5.618307745435709,4.512671921609188,6.078189706006799,6.175561486359773,5.866371216412453,5.7741735618789995,4.726354016835758,5.202242794727254,6.538858617939001,7.729927346778129,6.929387823550251,8.498660940262086,6.094697968141081,7.9766556392198495,6.239984941053487,6.454311492771902,5.208173593980899,6.753331812542523,5.900168763622043,5.433197676493249,6.014064105186141,5.201765351329688,5.387228431783346,5.975295379293512,5.004149098552829,5.391540301687504,5.482701367660326,3.997668766344599,6.6941373175445005,6.647852917480873,5.282792590256168,7.698735725422884,6.281247775578841,5.8835851782546325,6.9416285992138285,8.057810847661623,5.109260343756338,5.684287404436807,6.190811476518222
g127,6.276547382659326,6.431255359106752,5.973745153619816,5.303207499647383,4.942513001858928,5.984691828698286,7.707393585201734,6.490297207801438,6.396212941999799,6.878786105019957,5.757566936289998,6.507857058119121,5.166082960944672,4.681766463155637,5.994602316095082,7.16393671978614,6.869172827868601,6.844563828352584,5.197262490849116,7.177723373187587,6.263417091437201,5.155936272497553,6.0395942986882805,7.005426134217657,5.585501701757057,6.710358332638291,4.01291744702392,6.563335985822294,5.865034185212027,5.9307327550584965,5.096804139179248,6.7620633355888895,7.143634032766172,6.156971002560385,6.875171629634066,7.246227795285797,6.655357444345032,6.218051832146009,6.148090587849831,8.534262010338134,6.314663149382241,5.144103526234449,5.8346858118258975,7.315598863000421,5.970265840832889,6.928102631879728,3.95758382485806,8.065705647693882,6.27877713589936,5.787249928627262,6.782902242134007,5.355270360116659,6.007680797147199,5.276494148051942,7.274120705382046,5.5726346784268985,6.84332592934532,7.328295605645816,5.950056729335909,5.747222717905029
g128,5.753343454086649,5.762498781169931,6.709227555617847,5.762102974849083,5.154296524420166,7.230326015696333,5.7115306799465,6.701920612643201,4.785032944924596,4.034746441264922,6.688113969398414,5.284796393080595,6.063582454325408,5.052444794071771,5.197521906739912,5.421259960803889,5.668784093750733,6.456056905776713,7.015914442983788,6.515159035215053,6.01458875602936,6.375264512829125,6.09279213082543,5.948227923697588,6.480004028844217,6.796984700783685,6.411602025322946,6.641200510457137,8.115744536966183,6.8824277979407675,7.060972657019593,6.160356542968375,5.482153582722589,4.794250496513425,6.244360878022503,4.487436760729031,8.252270479370898,6.003403628638309,4.665808751111819,4.438118636246125,6.225553122703789,7.428315414415061,6.4554554211765725,3.654800431995425,5.4392328990255105,7.82660891017622,5.227866367873933,5.118234631591626,6.75922346295666,6.5333953035296055,6.56228333534151,6.754843430845478,6.511857328783122,5.59704911692154,6.537221266081186,6.313761736059754,6.041416865695112,5.655526593697035,5.929829850805945,5.960660223780842
g129,6.092343759973149,7.098787845884406,5.103445526651728,5.963990553814725,5.889345336720731,6.568783731086655,4.8553255659274095,6.056671303813068,7.167818698526903,7.642373775882886,7.393763905674553,4.44120210997251,5.024009051046256,6.619703774401724,5.947585841242926,5.365527210669986,5.324501568993526,7.165900954832692,5.461946357570908,6.863593679039649,5.370424370265262,6.2750193287815,6.5701346784545525,5.831545416100309,6.19259772226334,5.965218206134584,6.0628068324275874,6.230402083422058,6.146020278973738,4.386175418605109,5.70076954419162,6.913538480338079,7.749131072727144,4.903242484867329,4.763082834257965,6.651854696729914,6.568392545625211,5.029592152908756,3.846676557973648,5.944230628787137,8.826132415377135,6.8468256861624,4.537071763953355,5.586372406196916,8.21695344522954,6.742293357015247,5.466151150758812,5.825070639088037,7.73231003534913,4.897888587684351,5.3214474474387155,5.5179803226223365,6.86014337653149,5.28466041985845,7.118594420750917,5.6111334626598515,5.2820554245058,4.165510194790192,6.187370850227255,4.8029854421583575
g130,5.112458288503761,4.3143865797155385,4.901197294394226,6.08621203692567,6.781483931510138,6.483284849907623,5.677797175930111,7.464302234857274,5.60530308330308,5.6545097138343206,6.089730857806736,5.647380297486518,6.163474471304831,7.892496575997628,3.8508107218462446,5.840777076050756,6.6416998045828715,5.684001408125517,5.969020937106779,5.584036748595374,4.588867555118211,5.670317183409978,7.143100810769838,5.9800298515182115,4.446011457368787,7.8380214513994435,5.3563139493699765,6.824446114752838,5.293954420471221,7.709739851672811,6.1454927504005115,5.673693768520738,5.205013898902941,4.373905662664397,5.639187319233725,6.0713716952975885,8.313222278168407,6.233063708729778,6.186232893438008,7.4785393975206045,6.8650320235587285,7.144753749934378,6.963326561038071,5.814578287061108,6.199025420202453,6.087561447206758,7.065782109329995,5.759070637896462,7.247285824455732,7.64305418617692,6.715122620184501,5.097562073959381,5.803167358232335,7.043382486635979,8.274472570071195,5.710531242226907,6.108966732645034,5.439622282119019,6.153858761491433,6.689740116538722
g131,8.290239525544438,8.295442041962122,10.898700248082179,10.64006707085996,8.954357652687472,10.032157678012911,7.861790991412503,10.996368234326908,8.904957384827,11.773071743247922,11.414648439522825,7.747683371733568,7.564916457037274,7.622408445015473,8.466852752868526,10.397342243864317,12.209976626649194,11.033985005264714,9.436889698105455,9.709456139886846,4.620689780407333,7.055757053161817,5.399428576984188,6.267819999563186,7.706982608586811,4.8721051158885,7.482704524622128,6.118352802706144,5.332990061811178,6.148308496983042,7.376109592964623,6.478531145921927,5.4317171641814355,6.5770985384295795,5.900478573298362,6.981728190213578,6.151483083736421,5.5031925439257305,5.70540514906926,7.331791402773996,6.6196490613368875,5.401954881947892,6.916700970994048,5.790020321211383,5.7304511636808755,4.622361616793324,4.600041458908249,7.061971153340225,4.155200858265568,6.825342935148372,6.5114536617337055,5.721815984000506,6.91913556812491,3.0832740259660354,6.318215289843707,5.915242792683394,4.464646543693941,6.029046194450264,4.190823251002849,6.645522017578935
g132,7.361561763991032,7.327219372116857,4.755817742319179,4.963393146724705,5.455878725718298,4.911997704701591,5.590937738033459,5.60809261188661,5.51447960263343,7.523529506487554,6.122539289784808,7.743312639369737,5.565999336580598,5.6314659140761485,6.553502020379801,5.280016817539955,6.913628464519525,5.1809858611175414,7.044328198351825,5.772116570837379,5.668104074951683,4.607042172267845,7.0694301809002,4.408808109121751,8.37060338133657,5.988987519981322,5.0148243807787605,8.021175554250766,6.070749173336864,6.728744521868307,6.225608473722305,5.5989325132899515,5.274841703234291,4.534243450519025,5.9510393254929355,4.844418468899906,6.8484796380504696,7.300322968210109,6.908106173165982,6.764390529747481,5.362277894951755,6.657211493003741,5.961503154034122,6.102763776494092,5.968333389912236,5.362357767022752,5.712163243604747,6.451158620301434,4.6526185088015115,5.732214556007229,4.75926478275662,4.548951095851354,6.971217305216454,3.3925384035966073,5.582105576853694,6.126394135286908,5.709944278666713,6.163022875960099,5.3005202235925,7.20789169906346
g133,5.733809536680961,7.072613358130746,6.438942433476427,6.954421103738817,5.851721417334041,6.58847105437847,6.030875106662337,5.38948509339562,6.559328575064968,5.305478356111951,6.590860217971942,6.093833451270966,6.663011702626257,5.649073613174134,6.447829193733391,6.683906515240999,4.669937907544885,6.1645848759129915,6.456112597179878,5.15665212195205,5.762901041726851,6.8360970468164535,5.828313333770306,7.844781097212028,4.753640174820142,6.332621309394163,4.122020376226004,9.695411525659246,6.188575991827364,5.662253992858761,4.674039710708195,5.454445604706749,5.007205721745159,5.84452888237229,5.499966299032254,5.749647060746089,4.701249945142566,5.220961328032439,5.918713300097112,6.671038620637449,7.551205587559035,4.6585810047648355,7.268746878823967,5.65541099053338,6.713531647425185,5.163610387234534,6.408819636519041,4.658350690214022,6.5876603255049595,5.270693304783166,7.168624761649601,5.666318381830472,6.533030843155138,5.313301965285992,6.116298319654766,6.44805420680241,5.985964500789234,5.215341402332785,6.434582920060851,6.671249925617511
g134,6.806758393173599,6.3855447362027,5.538475068120732,5.6510370280585285,6.8675410897115,6.189107806223638,7.5285944676019065,5.069645586034161,6.9359793650053945,7.151793617185838,4.98639989517888,5.103349984019626,6.431701455705368,4.313017574110287,5.473515020929025,5.340194935042724,6.527354443306699,6.6544633601100935,5.970210009207104,5.962168471909203,6.329648301101922,6.861886125410341,7.683563651934878,5.852309224864252,5.27309675287097,8.033218034627161,5.645595690011077,5.081565250201068,5.245082224308554,4.086014356038023,6.097658892841453,5.448105059737567,5.787693549097228,3.7029696501650013,6.990080466848074,4.974729881870061,6.160089479785959,5.049511123173071,4.534172962069523,8.57997716526527,9.651427034723355,8.967183648165431,8.139379607491474,8.909931823977663,8.048031263109078,8.831612289965605,10.096801934144505,9.020125863855966,8.473560653454118,11.759444895174042,7.679713537903289,7.630818212947513,9.789901984572413,7.571959379560337,8.691850030888572,8.688945688171767,8.514450526533592,8.348701167582686,9.233107798270648,8.575678451046478
g135,5.39772550808212,4.819327761013876,5.340325896222589,5.583245547215938,6.100861792820038,5.805558980931987,7.522568976989145,6.708443404743046,5.958041928640046,5.449594933629792,6.182767434305434,6.209068211430521,7.536634206629813,5.239556624123331,5.125681734126435,5.289215207504183,5.923831081615723,3.284570607957504,3.7943036572286104,6.405518414464398,4.835987552520261,5.421976545118893,7.963714676285019,6.71052946657761,5.202253617768691,6.851173060698473,4.801593844189542,4.42251098425427,6.280604430654665,6.226094167640185,6.040557299695509,6.279233271029179,7.748883569106579,6.211781394562778,6.557070582410926,5.018441473755026,5.373254364482558,6.913485115362683,7.878809238428717,6.884137740006137,6.929638119151868,7.548912346137692,7.403829065549407,8.327709520133622,8.284809117697781,6.844419683637135,4.856010956764748,5.735668829567047,6.590106115813939,6.559348210339933,7.137264542515728,5.066563802198063,6.591530772890788,5.612205612916498,5.298538644350756,6.2893223305337305,5.560245973899373,5.471009543267893,6.590469941305553,7.6508106286509
g136,5.819086686928584,6.207811236879081,6.286752445606839,7.8371092957114,7.419195991081505,5.040824379089195,4.739436575391041,6.506845919877247,4.968255499072992,7.216371523842542,5.644606078948212,5.99589452200243,4.734172281836083,6.399896296917147,4.471348842423497,5.335025078780642,5.697140529943509,5.9804203295401255,3.489998507156445,6.393532796266262,9.223875860940897,9.211986572412878,6.832215908981869,8.48962890032513,9.89459832795421,9.259836730999746,9.008383867728412,9.832415095634385,7.68495315058923,9.377728347088444,8.092601891525353,9.86310154521649,8.392427655131756,7.969520294573369,9.894071472455444,9.474830296724374,9.678170219076684,8.932281842396051,10.484796382374462,10.979627674613932,7.588440753074826,6.77196249220639,5.149682821407391,5.668683752668212,4.194175225688794,6.855083634157825,6.673589371373624,4.685196852165296,5.744248607084261,7.670329645699055,7.455149912354884,5.0983094457488445,6.328948502641312,6.200132531261736,5.023985186414479,4.3717218773361575,6.192771789336874,5.90873775538414,7.033358609820074,5.718837885900641
g137,6.219351631686368,5.318097025846328,5.650659900386643,5.220258332413001,6.253509266312141,4.410227549414298,3.4214333460666326,7.114309662065589,6.125263908242172,5.365013401959979,5.523388794554961,6.840434247682252,5.760387680520322,6.083977012428933,5.36416574927335,7.727544059846632,6.578231457641512,6.039952204008086,6.904734005914889,8.33452914278821,4.837698459707715,5.939824641873538,7.438199896379732,4.702742732658955,5.8127061590421425,4.665802049210316,3.933537582804693,5.334432780074874,5.386882606003374,6.923425964117211,6.095899573927051,6.5528339550611,6.937691349551376,5.028296036295252,5.116367384137041,6.276594058829279,6.422608092183018,4.995729400468748,7.640786945449715,5.635072822787867,4.433942400701166,5.531886653606723,8.700311016270854,5.139097328670939,6.33571087707511,5.061669028977089,4.576217218815948,4.711295967511077,7.041635574746165,5.7985651394113775,6.655958094858645,3.9763914511864686,5.12492700204109,5.456565626768906,5.63099269353068,6.750777562573036,6.932757817476922,6.725132298110707,5.831887492934175,4.912277101084523
g138,10.911968695241576,9.648355412184035,9.515651568248577,8.906970224994343,9.82412141954949,8.877054964369876,9.59674229725322,10.079015540758638,10.41249618484921,10.368222334136716,8.321398226621262,8.075346330181354,8.293843556162464,9.365513813634902,8.053142462722713,8.354552590653292,10.801048149322774,9.69392513673225,8.652796044990238,8.941379811592126,5.632775753076453,7.246307089921951,4.741291385845448,7.202528529854299,5.887522087184114,4.773734830396576,5.627196323782723,5.228305824376056,5.965004321790389,5.972618384978251,4.308555362075967,6.236036155145839,5.918813255707522,6.152477154092127,7.231037234064904,7.966220750541179,5.890720863807544,5.666718178045815,6.344718972870351,5.124741950816686,6.404633061567307,6.225755271859613,6.3287479896684955,4.056263790259638,7.701504478612845,5.513468088347882,8.353177327047897,7.790248589885732,5.262898762200042,6.392453724781663,4.930615837823861,5.103100943488356,5.384383544406743,5.485696763884731,5.77789398559963,5.000583747702904,6.989717330277045,7.558218887684199,6.688743603962113,6.848987517919478
g139,5.374930713339118,6.951367891929303,6.14534560396232,5.418579935651413,5.954816626738145,6.073079494910666,5.476356246309137,5.975521127071656,5.421448603602753,7.225436129460093,6.596858246914016,5.727501891493535,5.5042163550089365,5.541871616989258,5.782752555040304,5.58121891584114,3.711799573262329,5.602567353664521,4.800686005591379,6.6981021024834995,4.5182162399031,5.1871284120142,5.5035919658579635,4.4935057636113696,6.2108814606192215,6.428137094580133,6.4216847185472785,5.362571452483659,7.2204812177056805,5.994360998563002,6.305054944142609,6.825188845780441,5.306276896102193,4.902772922676558,7.0494907601473225,8.0608180672021,6.759243378027021,3.335181487700223,7.260373076676338,5.164340973848369,8.419023341665415,7.847596971868909,8.314176737792588,9.376478292746175,7.758930115343082,7.566145011876805,9.499698258234218,8.934173996420757,8.591224460666062,8.105030264479424,7.197629202590585,8.385895331557776,8.021257702299497,8.826745224326919,7.055113226399176,9.050495433853492,7.548351811878928,7.912797739926975,8.281450489651139,10.235712213789064
g140,4.439993639817228,5.941226414582645,5.560480682221223,5.6740932624740035,6.6794716429494745,6.8179481283808405,4.7362628076191555,6.776765648601237,5.299396546968137,5.162497566711427,6.5182216743533,5.989036902747742,4.418503871678383,7.4164822599217075,6.7794466471007935,5.780291040295067,7.01653468601795,6.500116039032678,5.890421525030336,6.097546184627068,4.329534206368447,6.5920644925429075,4.844573278005555,7.719643198318213,6.060736342890877,7.116661650852745,4.172099252327092,7.282959114740601,6.47395310504011,6.694500263950819,6.407179001251455,6.17558017703876,6.633996290986094,5.482837697104636,5.008656620543661,6.095084620498778,4.871956230283952,6.143464924359253,5.560950183296228,5.389867140587962,7.115791053340501,6.2692266530874585,6.418455624197825,4.855900728559779,4.7664448215210795,5.436871623549666,5.104289250577656,6.214949776730553,5.250731462492875,6.46199964618136,6.489776100605606,5.136449478001384,6.8321124631363075,6.6165334762826955,7.669993349560385,5.68636891807595,6.424575100976664,5.806900454233646,7.2660520370538295,6.3889289300462
g141,5.826721593434288,6.900840427321987,6.972961250646845,5.007911253898879,6.343771755179661,6.492599384467429,5.929565096427062,6.208562377781609,4.640232583269069,6.175192144830826,6.579748145316986,7.3991213981417125,7.1338955513881235,5.612958491375742,4.62117059480002,6.093684817986036,6.705808516697617,6.343083000624482,4.2601364468491205,4.524470554133257,6.639470640304311,4.244748840429972,5.928656580117424,6.787830123551597,5.25867768640498,4.537712274347864,6.814744139001677,8.28489578045194,6.136912540886093,5.129969832372053,6.796563459994666,5.643437998254106,7.306743708997655,3.9623917937827695,6.751212448255958,7.730225922821241,6.886586935521595,5.729064491524978,8.020587148562841,5.44447885313774,4.2611111589659645,7.864777159367605,8.299431179252679,6.991711623580946,5.653321941469969,6.328884218539766,7.750637725527014,5.197612620318863,6.001929003083567,5.508665197543303,3.310329770411948,6.204644726326904,4.799826877366467,5.466002794271017,4.86987536311105,7.496094699403967,7.07663351161535,6.485209285506957,5.49068554188555,5.042053268532579
g142,7.129161323870539,8.49657885032947,5.108326166016431,5.871023746759311,5.3136376668808225,5.645256845425523,7.2959325814589375,5.916798065368579,4.940972986836098,7.747703789858106,6.686994464566675,6.891310726406894,4.942402240191744,5.920472194792373,5.37739507272358,7.811875845856832,4.764352025861514,5.240283663288071,9.09871375250924,5.001532589059825,8.74412250862831,8.138995530609597,8.909604414621949,9.716249292582713,8.770333751341097,8.850180300501828,9.950551907485414,9.726130630908688,9.178731379871556,8.327765336864912,9.919799263111747,9.381985452416147,9.818526445281208,9.322612824984624,9.443906910392075,6.690672006181364,9.39527669367348,9.906644237320275,7.679156075232989,8.332452917429189,6.472781056938809,7.059515552743563,5.85333160156279,6.513813477681296,7.969630530117437,6.732227082730964,4.027128774734042,6.437966635895929,5.708250405500447,7.166701144956532,4.783771501936496,6.283733696224157,4.892277524566836,6.118054485650103,4.886058335722646,6.015184522298878,6.0044667247728905,6.433903896989267,6.644477681603156,6.846042826156648
g143,7.481757764763209,5.71830685800844,6.633464286949921,6.65745363685818,7.7876798593235925,5.427031425352762,8.006035302579239,6.4574808842277465,5.0361319073422655,7.461615030382364,6.281646314063376,5.405693482058132,4.790707208630374,6.24318457918973,6.358607423876165,5.850692138725638,6.488980087460135,5.8336441563301475,5.021005130120123,5.847480441744478,5.814648112196171,6.406946605930261,6.534656618034761,6.464003828268126,5.751710551283509,5.844043715268987,7.0065874026630794,4.6030911412212605,4.629041144226753,6.916949268543586,6.473803793098751,5.392301399026977,6.234821377702714,7.248147644939392,5.303717758910403,6.727202399567362,5.12496374754002,5.728778400097358,6.259035177036518,6.472360466886302,5.448555117385541,6.288343338172839,6.402454419904224,7.404111140855506,6.793111973536342,7.6369269220317815,6.5622297094257345,4.795168992782951,5.059016943230005,4.143901359726339,5.7671853708682965,7.039505901448059,6.079622849843548,5.654999838131844,7.32402647422558,6.11550152299467,5.113566087303092,6.7369133845279014,6.614362924696997,6.966339071673959
g144,10.43263371931717,8.472582239707823,10.00865487470001,10.695300421308108,8.535479616628736,8.575217899767116,8.444184954594586,9.04751605090005,10.945303723017474,9.449587408471633,11.026656865927865,9.433748985691485,9.27531415413154,11.091283863670089,10.173707594722583,11.475839804747594,10.912910888639685,9.442509770359843,9.0027346504225,8.927141578814522,5.616754190603199,7.57852965842515,6.160778393869291,7.136014052775195,5.326916994544469,5.2614416059501155,6.60603643715759,7.027263494924188,4.419351254663686,6.892333526707037,7.22300359623309,5.635666360868624,7.89759242288886,7.44263144704191,6.488988386162841,7.053192909537215,4.567871553274625,5.978206619219349,6.776320675005742,7.599079586182241,5.502285732118962,5.846061499104312,6.519895876957757,6.558146609226127,5.273695148992596,6.391920227313113,4.9553241814453335,5.561919049912875,7.245068421354589,5.42091497629281,5.388453676093314,5.504610690582231,6.28803079092093,5.8389306050350855,5.544074186604945,6.063294866766813,6.1314550585036445,7.655165138092923,5.613075745988748,6.144471083474538
g145,7.545810682355417,6.915813683691121,7.7067170198540245,7.503776904272507,6.171846712814592,3.8501091659829054,6.705151978962393,7.048695032834071,6.267922793367496,5.8421627476392315,7.376218420789799,6.044899925140438,7.580169448282575,8.808766524403536,5.435281403275003,5.128946315557381,5.744029875951516,5.290818669784859,6.272459258720161,4.299332409713189,6.554814427076013,5.010143928079678,6.517623231284205,5.3321908567482135,6.245373583436097,4.619412157732554,6.698407478084841,9.14983003970319,6.368539603111183,6.293307964515339,7.232446287615296,4.396199072141955,3.719516217983378,7.605952926976956,6.4916155380574,6.819651065886996,5.058613188138885,5.294194412467266,5.557065436009006,6.09505525883953,6.51155025956554,6.24197544494787,6.836164683426077,6.8817157474462025,4.7670899031038125,5.561565207988005,4.0225488478572355,6.68130632752592,5.1582415380211035,5.798781664511766,6.7969120729764825,3.983888287513238,4.579518583485344,7.953141065134948,6.3429073068284145,5.212248337929517,5.701713125072342,6.100101017806919,6.38154924306195,5.363457679707224
g146,5.357546337410895,6.502036690914088,5.385560166473043,7.067689051450827,7.060457820726696,6.046241577453483,6.509455373407368,7.186924158441528,6.7534392682022935,6.059215387228722,5.171995496991568,6.365353902000095,7.603597802121596,6.230269673348118,7.500726266985444,4.641849797634929,6.199912809802195,5.897706963441895,5.996767829192352,7.155320212668862,6.302897563365131,6.209919707598372,5.402729046225167,7.834073044083987,7.289758599469535,4.843435480364048,7.168349593622825,6.665502558875319,6.542305747163061,6.280030965485827,7.715516223259408,4.537360134781917,5.473542167976305,5.328224401893801,6.442105520779378,5.104398677550002,5.527964161099861,8.014255715665428,6.671672876446892,5.62073125392438,6.72294068387585,5.545257215653123,5.875253807924363,7.197263984320595,7.619709547948718,6.996265883631174,8.35356603792954,5.917304117395749,6.928300294704376,5.026370187109629,4.467226642683999,4.917116690725544,5.2175094425817,7.38124777734882,6.97984431509628,6.0309892894272705,4.9756793899242915,6.722156754810039,6.670389733586633,5.7468946829201855
g147,4.524467378886355,5.14621945334224,4.861646456036738,5.998606945092642,8.120278247357279,6.1088663818718585,5.150113694900872,6.896246436324542,4.584872905429776,5.2806496562898175,5.683848769527239,3.697510507345395,6.090081843042703,5.901767761852329,6.738785496864154,4.602950988603828,7.179568088937994,5.9680503144615145,6.514675233510641,5.345484801386434,6.180328026626803,6.5223787929376815,6.393796556426314,5.5342632562018785,6.928755229231498,6.587750631854305,5.930974800580882,6.041621334046727,6.960450924972048,7.092924465392027,5.351731029038178,6.14347010852842,5.408244885858641,7.7827543011670395,5.761201564760455,5.031282313159477,7.486356668431082,6.632166566820404,6.697856903265488,4.517747529434199,6.029671085737368,3.632100017364597,6.062048502024523,5.9095732988700105,6.036980623723352,4.363406924856712,4.163470683080866,7.634300498697335,6.430267700065701,5.083466256558812,5.6432900652972915,7.808392545394588,5.997601916571368,5.32547201446698,6.546496741319449,7.147643666094072,5.831605653657739,6.449041308691417,6.847826619610449,4.062099671112442
g148,7.181360496741049,6.751482641252423,6.8043591596175705,5.481509888143415,7.286630850804656,5.635037623753646,5.5674935807670165,5.782980532899643,5.401174198423705,7.018860378256802,6.4338690291421825,5.3817133301231115,6.459357110669838,6.179314192644862,5.8364715208951905,4.563759861412844,5.503743473830366,6.922961616361284,6.133662427411288,4.843322344471735,8.683674907948552,8.940108787006835,9.578331791646226,8.075565276730334,8.191157866118285,9.173027252231568,8.91484773482,9.263214527547628,9.873306180371333,9.066103208835228,8.98607114391135,8.839771928506607,9.262717834088193,8.853137063627715,10.516445123048834,10.011600822319073,9.240941914988413,8.33895541915124,8.78352343578653,9.585057153821769,4.67088253168377,5.157911295029312,5.699696429381236,6.243376342391112,4.406528886305868,7.064246729897858,5.138596105210734,7.022407317382504,5.300449608787495,5.756841541884388,4.84422290614266,6.373052620880069,7.885921053799418,7.296840906910086,6.5441472907266895,5.719931364537286,6.900744382147032,4.784593887769708,5.2291710427124505,8.064858802131809
g149,6.858683194926463,6.129229495566868,3.889223329535939,6.387037861818872,5.338508750783795,5.938341904074748,6.495100858882075,7.87320487866623,4.504884607791381,4.673430742827028,5.292764276424755,6.005759762767749,5.656915479092901,5.7521144045709365,6.4152036517082225,5.568313277213373,5.478381475192823,5.773923256016561,6.924371479834871,5.840322377646154,4.899710579673815,5.917777415177815,6.067442762744749,7.267649584535558,4.2207137422662,8.77457801411087,4.321680811984266,6.596460978361843,5.971793499446575,5.889109448810578,6.512348372273893,4.939261539849929,5.53913594169784,5.973809336688071,7.424875294575768,6.695029169118829,5.547224649836865,5.743003134861375,5.667627505126994,7.0622383577938335,3.837347299315528,6.46558828500785,6.113185260753335,6.85462344978234,5.029781017533845,5.870999378330818,6.4641528489382605,5.767137395872355,5.826916527637363,5.220369141590953,6.369849919270596,5.468326640914798,6.255300901327026,3.976391557048494,5.457593187374137,3.5680905379262224,5.39834959493218,4.827119392261124,6.719183304505498,5.876405794122445
g150,5.380273421879412,5.447183887332959,7.325615142690022,6.302493676878594,4.904450470017156,6.317874241925188,7.217327255198898,6.01220504318577,5.262050482410974,7.490535337172473,5.435968133363182,4.75426601472505,4.774356983924372,4.29229130799785,6.720332895424271,6.9667050593141155,6.086546799185368,5.800410586825073,6.563231127753695,4.849119683855448,5.420582673176004,7.554110799700462,5.711439244287154,6.5557277447693645,5.646606855933525,7.656892162467764,6.452193744883406,5.348242040123548,7.342169477151478,5.330456341034482,5.689692767224689,5.863505766378421,6.80141801739838,5.034122645991357,5.92003626668725,5.160825451793514,5.27186117254135,6.458226520367857,6.287313914382818,4.932586399032574,8.44006869420133,5.461439728663062,5.1530205175425765,5.108191280441612,6.420062727902249,5.4453969063243575,5.017726312609748,5.375958134756094,5.379625564345807,4.768953045296483,5.244739284623272,5.18500721235786,6.950306699863429,5.8553149653289625,5.992301344353454,5.6009470660707406,4.985549838894638,6.223569989092812,7.1497221171678875,6.854041988817032
g151,6.95374332911858,5.463216289865333,4.804192768612556,5.959848189053136,4.890970023582149,6.290416055734501,6.793831516637599,6.402823820784852,5.54250784429642,5.476111608949739,5.533670639149523,5.9516459869074305,6.407707295203409,5.232099547189677,5.848682475260482,7.0449754497446335,5.127660950394778,6.8650906770714375,6.499450462392346,5.248889062460146,10.47696306737199,9.552086997053692,8.377416474166345,8.182740602121584,8.686319609001492,9.054611956227403,9.553284045688502,8.382833662378486,8.624957288368963,11.142987881057902,10.08920344713336,9.923979985750252,8.492900206300332,6.691896961502897,8.487929996544302,8.617110206455186,9.501052454468985,8.592841140333936,9.472919628751688,9.72482966004258,5.78370488818834,5.263055172401973,5.258682998410107,5.613101172547738,6.0186167349231665,4.95047123149781,4.770820606570867,7.412920969010553,5.563426288165755,6.9642347728791885,5.5890648792484505,6.509260531549477,6.371119078588604,5.252131467136939,7.136130324887095,5.200393703829721,5.8823889466305905,5.89738682849075,4.822010212393373,4.914631943685658
g152,5.5777886315843315,7.649886202198345,5.097055102792441,5.337057029308667,4.446721768137814,4.982115644956861,5.192328058709414,6.487609803068679,6.435040666812444,5.686558250862753,6.080943142016719,5.919354820622924,5.389331897883076,5.6392587472752025,5.345246193418834,7.102181517762024,5.587487560465343,4.90364975270231,6.589033644974091,5.150974164373652,6.872028008935471,5.2596168190540435,6.373348062000621,7.5205361502926955,7.267957001324486,5.608773083153672,5.699924263816396,8.01769329230609,5.467837640034656,7.1827981207113085,8.399194938423298,5.668345537531106,6.070204621208007,6.759266287507552,6.29878810382297,5.322506056148804,4.791182517076402,5.724374253356548,7.079604622811769,7.71315782262049,4.279801201383195,6.111967117776078,6.336702449492482,4.978989785859616,5.167832429805047,4.846918638994445,5.347944981532373,6.417717007630298,4.287979746849131,5.220570868391743,5.079863842857189,6.424331891224584,5.492682534795696,4.565037862140495,6.537199784910457,6.882383239036578,6.833058827799192,6.697616851825149,7.579934606037851,6.591440043455575
g153,3.904004583723457,5.36842610569087,5.481966612473607,6.529117256906413,4.974481168743049,6.327078099432734,4.261619820876672,7.304477874053979,6.6437647528572015,6.595340075659202,4.1268346788537915,5.949796432917692,4.899100125312469,5.622843754193145,6.890865702571593,6.4767856129199615,7.053993868251119,5.08934744860425,4.101474875743823,5.314897666271957,6.582756601623082,5.6077997814140215,6.674965946326842,4.096016885163728,6.332660226900429,5.718833889450072,7.12149845420804,6.412494016308735,5.349139705940897,4.565966564645125,7.613931161510903,5.001428927841959,7.179727083883308,6.410653761169143,4.585825328742545,6.485306904837461,5.677857800655187,5.930737137912045,6.41055451744324,6.274861661444016,8.034624032408697,9.624898164486467,8.651935311157875,8.320229009027003,6.6991800021964645,7.918962305435287,8.43909078068713,7.6166567854928,6.818047675445105,10.10688494096356,7.565118730445115,10.277346884134488,8.870500592848543,6.903434801959375,8.566149802683338,8.01468586498508,7.431541267780612,8.758091283088122,9.384312623809123,8.125696791484222
g154,5.453750135372541,6.402122999171634,6.103412545926836,5.672361258129209,6.6972376638879245,4.306316324860562,6.232464198034344,6.789500978516601,5.28151880244291,5.420987062476214,7.1861958488809545,5.307752967252686,4.7166543636784715,3.2932394890322407,5.524922080056248,4.247284127247642,4.891771325351222,6.624210498296238,5.817728520970678,3.9498647852707736,6.4708217103279315,5.292824538578216,6.322183872848696,5.395503260640347,7.628082441368699,6.0800913852525635,5.613250539458922,3.4569939784898502,5.666833503674119,6.798031086582488,5.177496069506365,6.1420236152902365,7.757631381269514,7.1600268288052815,4.688079486218251,6.085687756023993,7.943693046850585,6.537849078316398,7.940124769904482,5.823418196381851,6.83729308893815,5.998774389656977,6.44052532365874,6.7060174549437,5.938885334845953,6.019661180973607,5.909042623908127,5.5526385207074505,5.227343525325692,3.3676635594081694,3.898517618801989,6.338939079144371,6.629426419302192,5.217740402630498,6.956192204791738,4.815062217858695,6.73798712091111,6.101709344505186,5.35341282216566,6.346659574003584
g155,5.128858246628111,5.548026475137642,6.886868778358826,6.512837531149952,5.698463391763849,4.9956832438764875,8.520380693732418,4.988247628081356,5.324723448763465,5.0955705967289155,5.28560460150846,5.203760354955771,7.708858008341112,5.179626487394577,6.333793192254246,5.832400416503941,5.567844504381519,5.922770686882307,5.715824568927238,6.702836564076767,5.7967929191113425,5.025910557198677,7.909101204987518,5.465157386009668,6.897969945179317,6.057674715085133,5.951577393842294,6.414266181127411,6.5677106523666975,5.667580334454896,6.82702153497845,6.351819582086178,6.185196872238631,7.534741653248326,6.258308967372152,5.523924339886714,6.108768589567027,5.629864875034826,6.186492000005,7.143502902814395,6.276822805463352,5.099520220738741,5.789316198027453,5.767154593895463,5.622542974881842,5.029164325103979,6.313988322500262,5.5334944796045615,6.001560199553268,4.996916100699326,4.6377756983802,4.361553748336443,3.515079321823417,5.773571194284068,5.074868692319303,4.47824953023496,7.08151338878724,6.014572092862697,4.631037096035029,5.916778171791452
g156,9.135390430643543,9.422879334759546,10.256025879853595,7.761669265288523,10.221596228833047,9.022688658363512,10.253234533044314,11.634204331746659,9.83333882277434,9.712540699819122,8.859107762033194,8.26382528589312,8.835856591179923,8.71042168185658,10.10088639478927,10.406009239771494,10.281513294235632,10.241431264228785,7.778406594253632,10.180407114688123,5.339327632453214,5.527566058743971,7.655997119666172,6.16870478207542,5.02974030126567,6.558186257154371,5.21946076235834,4.310474445166512,6.1782943998832796,6.81142562190824,6.234680743123151,5.4535952656103,4.338692788621116,5.924152361219225,5.398678563192854,7.404097998176089,5.452956605366936,5.978474345928505,4.383087642604143,7.769345701841127,6.087514998471694,6.097880396265281,6.889103537528917,5.373115323161564,6.145039962783247,7.2151271358624225,6.017886376259933,4.865682856685824,7.814172774185637,5.342925489460615,5.312622658144116,6.935694710495836,7.714587168259831,7.986745486250409,6.1722087590618875,4.7420962717685855,6.849121201266165,7.1119572079141165,7.490439593209676,6.167216147231889
g157,6.343739162605952,6.241784676535058,5.9920632438723525,6.118716701584424,7.055176349021812,5.44612040629211,4.497479790467713,5.628162132097644,5.189562437600367,6.557219327843831,6.034450941118173,6.651310973438269,5.142708194966951,5.2315218070963505,7.127660941091877,7.311089079989357,6.749752817786495,5.486963132412243,7.200874935852736,5.2185364714928175,7.9341541345740145,5.79571178773998,5.720868752716908,6.823403328456959,5.654586021498157,6.043785100466713,5.401073204716745,4.357433823734969,5.555497255432512,4.8161728871551,3.29128238332077,5.585460151988954,4.211535941788815,5.9425139532085165,7.016516170308584,4.75142824900853,4.8883690114926015,6.427200953427554,6.389390713886793,5.57122197145449,7.125015864801707,5.312102198018168,8.805666435792153,4.648001004282316,5.9439513811517255,7.030688660938544,4.524114785409736,7.582533667889165,4.280030729416088,5.7064064463859125,6.651444101121349,6.606548070232237,6.1819302102106555,6.367186518056097,6.454056977047045,6.373832616752707,7.044300930842423,6.088427253030705,7.521160240589632,7.3662420267953825
g158,5.827833705998722,6.776141655948454,7.933172694814855,7.36004114964738,4.876943696099327,7.7705897721150725,6.240502349933989,5.953962150844322,5.428979832932413,5.959725689001669,4.604299331545463,7.316924253970023,6.6015104509900455,6.194259770918445,5.36503107213634,5.824122737007412,6.055892140241688,4.328488827763798,5.228625435639567,4.592581759457442,5.597370482079498,5.049628763028237,6.539896396572897,5.584134010116053,7.670052923835467,5.210600887045469,6.225376360330595,5.48140296336845,5.245354992788682,5.7339597189427,6.344772738201202,5.585325444398665,4.926158478843182,7.036001531961418,7.0315663046510615,3.8459835191349914,6.002778164878229,7.60431856721349,5.831526140113139,5.3697850801972065,5.566810727132489,5.2476325159789345,6.853861266779356,4.878888706896291,6.496751253247859,5.598811715717999,6.322239751728951,5.257034226530033,5.034157894937969,5.360628348094712,6.020782879007145,3.3430520568904347,7.216500997931956,5.654437335209899,6.42936380659485,5.513640431816941,5.6002199325589315,6.931405429226454,6.8576875125239525,5.460134900178399
g159,7.087442602698277,8.123550682039038,7.899125018151136,5.6761737026623456,7.193745771396409,7.476110604174331,5.27584453771508,5.2684979198335,7.236542775749163,5.412810017779794,6.784056232013691,4.599301186478301,6.258597028857656,6.390112415875617,5.537701889895361,5.963598625590241,6.091373404395106,5.013174271594047,4.5610027790227505,5.478090360389886,5.998089960101996,7.2659156306989585,5.19385997238622,5.544177883722538,5.5451814843536535,7.359759384222049,4.9016173435296135,4.103814998231193,6.499963852961623,6.732603559825059,6.857984418797096,4.154017035389282,5.985481993006242,5.635211159989288,4.498479286603271,6.419932928038985,7.419265329865031,5.493763609413154,5.233790386233508,5.413861329614329,5.306638907348249,6.782524435944528,5.504693446598055,7.78343361434175,7.41431479793225,5.8626607366372765,6.3709505389556815,4.688505650800693,7.277861766213473,6.755222165414127,4.751134961323679,6.966387015552936,6.609458228715049,6.1067620836161,6.617384837647714,6.557458786776924,7.2277152755160525,6.412736046613154,5.494342012200953,6.407147096811407
g160,5.407441536443272,7.393452347972795,5.4758796814743915,3.8439641408852063,7.1792356183062855,6.06049811496717,5.488402600703548,6.896262204145884,4.8358283371603035,7.293963987980968,4.353879565805711,6.415559786819828,6.878399244017207,5.410199988736399,6.489412032186022,5.843066526900529,8.111543113788807,5.474863531177735,5.3220766326235776,5.756176289986071,6.305725639369203,4.982228659637741,5.983717543707795,5.716402099290184,7.442841646561044,7.711078995292282,5.7354881009393415,6.002776396524453,5.068105048189247,7.540573821657903,3.469424083933971,5.324994395531709,7.548661056593123,5.360192469632518,4.573145630805168,6.133443230546206,6.635170886553451,7.102999366087159,6.274708465762222,5.373426606247726,5.8532628114648135,7.852829122031785,4.778420839998011,7.095694068418099,8.418080812418074,8.906896464752446,5.67274761958891,5.735022825119383,6.009004384101481,3.2891734682018092,6.460561960861177,6.539765849752908,5.729441368876512,4.929290873535203,6.5651289966420645,5.838254674935811,5.000062233089098,6.065423159217427,6.584774019675465,4.7312980309453
g161,7.009044129090584,6.5983996989751175,6.05823831173272,7.419637367962082,4.359625265524813,7.052602404947195,8.193811232212429,3.679922623942435,5.733636057295624,5.33183034411402,6.729996772772051,6.450050641086006,5.408334159134377,6.047133427298027,7.318751952035265,5.157372427037473,5.8489105683044444,6.104429948405547,7.375080270008645,6.595918771269096,5.3819898540228515,5.04585307355187,5.174407720383234,5.6091656237375185,4.990490145151812,7.680843371199744,4.1366097819965155,7.224965167418732,5.504651985339233,6.179156922487248,6.107874755767134,5.8053179706539,5.609858693625538,7.917000104535957,6.533766306283864,5.177427058490044,6.524311028393415,7.524107027952293,5.560736374690118,4.605374577955987,6.014340209038123,6.221752833255903,6.136675276983765,6.892498097903253,4.504953656577582,5.151422024794664,4.753078588425201,5.686558017005268,7.323259102519262,6.502374524853397,7.3406825667622755,6.351200795544194,5.345847418713683,7.269795025220639,6.212939444959289,5.756166653275403,5.179634107146342,6.596011798946967,5.606665610892278,6.038437633400146
g162,5.0207849621886504,4.8183718208677,5.104158044959082,5.083662149801639,5.591081305518469,4.908761530301408,5.925240713620209,6.888074766804677,4.629259513277771,4.841977996653173,5.289007604564053,7.759235751557638,5.631053760926056,4.78740894094377,7.0112908870139545,5.996003205309572,6.079918754371688,6.334288975396695,6.3728454928215434,5.116537407465795,7.519221790325616,6.662642607808178,6.621525208974064,6.218305136218934,7.14468148881865,7.24285736536673,5.994481583330584,5.369905341949142,7.674961738348392,6.970845022618093,5.128496030702501,5.9217952007431665,5.174753155934395,7.579460460881348,5.253531493277722,8.173689528948083,7.303247833850909,4.880314200448533,6.780765742305244,7.708013933203183,5.314031516983217,5.442168779965995,6.07233301000181,6.900407023100619,5.0235985379226955,5.496223318726518,6.623742925556791,6.823334473338502,6.832801585245768,6.0635566472104925,5.0028398290887415,8.413268545888396,4.874000282530975,6.528511044773415,6.27931413600194,4.887114055682893,4.578856792586602,7.5231937572104535,6.142343630882204,6.197483908180796
g163,5.0537130506875645,9.823003610528865,5.742208739159773,5.894139475077602,7.7854539435583066,5.052419479378138,6.299197869711229,4.970325445182044,6.960275886296543,6.15024017949493,7.0415132313237425,5.628024528212774,7.32290830114131,6.797783451433178,7.745414566155134,6.254447789478401,5.582092450495921,3.002498301661562,7.101883434968556,6.331975473032299,5.947564870696707,4.31548522368231,5.868409370221473,6.103566537790705,6.3195273692238585,6.469258898380844,6.106922281890459,6.406188204581477,5.067967349889527,5.5231075346687755,5.974834926201364,5.693851723134681,5.836947568702383,5.297545543774657,6.250497070009227,6.5187201569666975,4.273427573894525,5.600750903868908,6.029079917720586,5.3166543768675005,5.203375615984256,7.310332809802016,7.843273193202441,5.754483732906878,6.55953187678185,7.203061944524482,6.035435469192891,5.833424295154386,6.020613552712132,4.729738058905123,5.093380818560474,5.440282048288842,5.238550900308065,7.209281405467559,5.663303797294968,5.486473290910674,5.54693072395089,4.664946195937847,7.300309052718018,6.365252850449393
g164,7.439970289853628,4.5467661150454335,7.614587927907264,5.13179375852314,5.584555350346482,6.059219388307384,7.174371144573491,5.938028559475365,6.609383610358529,6.7557191278512985,8.060617746299126,6.685827558265813,4.274844590493172,7.175030628385276,4.982610425216841,6.298280935185096,7.715318235332865,4.950776781849543,6.864026835609163,5.8453698429999275,10.000683338346795,9.92059955296898,10.444892228963932,10.19096806810581,9.294632077065831,7.955472649006259,7.636649459991583,7.808867322778925,9.285364311391849,9.829164254082468,7.921680053419351,8.318437855359425,8.384400019640417,7.841825432366662,9.432100190854355,8.242214817291899,9.857697049329744,8.666289522566348,8.736169631404337,8.197298341667798,6.019228982925565,6.139873387178404,5.512944727819539,5.426573749624265,6.1002953709533125,5.938159667062628,5.99783013226427,5.901088269748753,7.529730246287228,6.3747946873157995,6.090765361832522,4.826940786667505,5.019712200439267,5.766016578575475,5.68628130839039,6.151044074863509,4.942155568953666,4.501833166693032,5.190831709679051,5.848527233932579
g165,5.720336722335874,7.338500697152517,5.633378010162984,7.091388693401563,4.9560296503338,4.502826238335388,5.615067196480136,7.249730321103161,5.584004853753606,5.573122713231296,6.2685575602471095,4.760002795875015,6.193922244750366,5.581690522631771,5.4213551587768025,6.884668808093423,4.559046751399689,4.327736214954267,7.140939576823131,6.753733397772784,5.816289254851233,6.173336301319999,6.281712324406609,6.010808168290792,7.0890739945757995,6.547319002737587,7.080758313446106,6.108726110175937,6.213005468121718,6.630734374041745,5.573232825047741,6.305669111273216,4.198801714754578,6.215509392557126,5.669035651159324,4.250329207484227,4.573536023710905,8.388627990055049,6.605924239324922,6.054669954846353,8.517988322460795,9.914337655742841,7.660704760067751,9.108258026958065,9.498808352286236,8.366696299724651,9.757967015286525,7.714591736405099,10.013316693678213,8.724867689176573,7.733246990279874,10.501783128294715,8.511413671483862,7.936265231173342,8.435401550691264,7.811628768669075,8.231057723439324,10.581702794361775,8.503063727794183,9.480496421182991
g166,6.999458852191865,5.535794776330338,7.078092311178312,5.782868801142832,5.463362999550663,4.650367865486815,7.21059403185283,6.091828870635727,6.508736955846809,7.19127386241384,6.195002100085907,5.708857474929118,5.102562993862855,7.448495231698984,7.096240648834568,6.77765515601819,5.78305909514538,7.064573800392477,5.0917079160794385,6.470614115166864,4.371894992129544,6.311403754605119,4.777634420373298,5.698934149509902,5.93722126843913,3.5242184076636707,5.676756140869688,4.028395470298891,7.691380671185957,7.027711116110234,5.582867292702332,6.620888885154718,6.550178260839294,6.881883839836776,6.437945574819804,5.675199061097757,5.5267431607966815,8.021917830777378,6.921298819920328,5.877250888147965,5.561768373242416,5.017534808339726,6.374986097375892,5.463724985458409,6.786365147521263,6.069618647025266,5.383811698825552,4.858757509713975,3.700518705906521,6.498770046784187,5.875491298148058,3.4437324860765965,5.208711293997777,5.982995242601063,5.756274824854549,3.082759874625804,5.836793476917153,5.087585480185895,7.143486319530876,4.849660386748797
g167,6.054696692156122,7.404227258305511,6.285207333678554,5.203630203853517,5.402315942067345,5.031926300154112,5.731072105611408,6.6005011914276315,5.046435558561847,5.4488440143597225,4.890947374437597,5.457990931753167,6.115255022204093,6.232384781305019,3.9270887266129786,6.470245317145984,6.0562418969305725,5.818775416065618,7.222214515608748,5.533330402199258,5.20805969082443,6.5222381142318735,6.7687466266963305,6.034629019057886,5.4960801650815085,5.818140974120486,5.878631157067773,3.7406815006273475,5.681348084577954,4.946709528721837,7.519195874873893,6.307502484822559,6.450168294388016,6.346257026995628,5.603148970762623,5.72304707492541,5.047298926391238,7.506596078701222,7.393538653660784,7.116827335575847,8.449637741749028,10.16174831307017,8.990573353220515,7.692298309139139,8.349348327295516,7.984847666037836,8.335871052342803,9.120307576235094,9.513033997253075,9.555382584986246,9.005906171394939,7.186223463774022,9.61126383841884,8.278018329816746,11.211960256792171,9.359387728059687,9.83524779241315,10.843005633602292,8.935772463353024,8.552638760572222
g168,5.715412929947036,7.326023830902103,6.900484520326491,6.247364969221443,6.747282037109663,5.748491823346167,5.902766429280917,5.799970309690824,4.373748523185491,6.292075638579475,4.63862448632735,5.454514038998502,6.58701045327944,7.734528432331597,6.237315299249355,5.621353206857912,5.693275619612185,6.206060217830323,6.184816956322708,5.750277695403583,4.827306875694048,5.357637620422908,5.3860801100834,6.430752091184617,6.43756145134067,5.258354045580985,5.116526710273506,8.071266534613402,5.863491127337184,6.045680318973258,6.6616814876948585,6.409951030159159,5.215733229244315,5.206037143756366,6.589242682366195,5.672642160712758,5.248365280605834,5.037489298239045,5.440328088038544,5.375514173216503,6.827662400945327,5.484251785034676,6.787533196225918,5.646511163021734,6.505020750275083,5.582681188868415,5.581184598770243,5.6874248165526815,7.391196048087577,7.607287728994025,5.74220558432121,5.147885311312419,6.69897140959933,6.052312896602147,5.385678934280409,4.703927429165566,6.725871467895977,5.796190072149808,6.0025594958186055,6.474810528945919
g169,9.897214321390866,7.999406057098881,10.425891251024101,9.86145240127,9.05620364695629,7.885298014455366,9.278050999776088,8.664626811746551,8.13763172130499,8.709310800251146,10.7571374881834,9.444964903597027,8.567549156850683,9.157319107586149,9.855056263088942,10.328895867513333,8.233387068046216,9.37785242607077,8.531849680582882,9.577318213550544,3.5650891023005404,5.274632750963924,7.2208117691777645,4.95168722074993,5.531744530365655,7.187588418109724,5.09006932120761,5.551027893813142,3.2605929633172326,6.510559940877151,6.449438568963535,4.845179650822004,5.904059523612336,6.542515796501347,3.93688525921396,5.705596444113363,4.684025611541888,5.710691518425798,5.678748477489298,6.714828485873387,6.724538318830091,4.0480320195520765,7.749899818340479,5.340125626204279,5.940280767590924,4.959937648910699,5.668048661867914,6.448764932848745,5.391127656739415,3.689234342577837,5.312511500825547,5.973878767531787,5.694674584415957,6.302257079325669,6.759676681501105,7.530143851861842,6.145915319462731,8.545839089323128,7.300993818549712,6.038961736860266
g170,5.078625061937943,4.642645744431624,7.286322673865837,7.635365092793235,2.540310592011965,4.911748085152469,9.140002726856482,6.046402653470406,6.135751562250334,5.489400875120014,5.932163662596516,5.322854364959525,2.126210061280792,6.6725423036132145,5.554335093796504,5.7076359132861265,5.685448382787146,5.514294474887017,7.201650304360474,6.469570911549216,6.12747687176168,4.940291997389869,7.6343354255340445,8.822561679620396,5.805755621445194,5.558564310588788,4.5751284513553845,6.700146566751568,5.335491694727402,6.378514833083992,6.418958593084448,4.70456281402658,5.143161252388283,7.034389131458388,7.206931224301222,5.051789780461417,5.325851592455707,5.631000923146205,6.342559030885202,6.189126328720116,7.352730686215846,7.111756007752927,5.690775027512563,4.609901458012397,5.741081256546366,4.722545955728506,5.746344876637922,6.605284984910285,6.597887482389494,6.917371150094729,5.188687916048532,3.668713742663845,4.975370148537734,6.822734188964492,5.168959342149771,7.673120519141837,6.3011660685363005,5.362376343230835,7.397618125057422,4.992782992374627
g171,6.915269062643463,6.537189859517196,5.902476241729946,6.0301535729723,5.9232946724438325,5.426434125876747,6.57368430448903,7.488634513181661,3.8988974754632992,4.814339464112049,6.602672661979704,5.587033211252104,6.030566957086745,6.223220534397416,4.676422457907878,6.61625255873262,7.76466547354332,6.953539940417936,5.312452534073331,5.332513429771388,7.357684142829985,6.0630817799889165,5.932001537775696,5.379634820068646,6.427521400431796,6.5461309915710535,4.1104779230141215,5.98912446011175,6.496302093841983,5.381297773998542,4.352140030299914,2.8827556049950505,8.300070884810996,4.272029359629609,5.326264749115622,6.018423233887894,7.929389158805487,6.594241295857388,3.974865520917729,5.47133193904231,6.69127477101607,6.99052128356269,5.541598589555225,6.219709350573014,6.352053537780206,6.9732601116526425,7.770105877804708,5.777262463807248,5.261977347427578,6.989887955769178,5.8420752073277145,5.148118183452664,6.418890307275188,5.648772716389216,4.149021013293255,5.772721139207472,6.296048225639319,5.690942566318971,4.641262098646781,5.2863466259958045
g172,5.705445938646386,5.793747323078875,6.854675505892296,5.8462988679902255,5.970472789026536,6.158231791449104,5.539555211451921,4.649691295643443,4.990273580719323,6.261794759343088,6.356930914278604,8.259339666538779,6.219912561731688,4.246107021734763,5.772247169577613,6.236078649782464,4.764041890425148,7.520996833684205,4.837838973126194,5.878725763476508,5.4810957474887285,6.283241786984509,9.776259354388467,6.448553866421132,7.275004814019485,7.022799523880733,6.489462001285365,6.806386091779916,7.4521230845380675,6.663030852057723,6.487690075113727,7.012022970697172,6.705798718463271,5.741140731843618,5.528510359805998,6.752419521241974,6.539968754804976,7.109347076890946,4.319307714937748,5.74427966574289,5.2538880050861865,7.350203144446699,5.741049483424466,6.887811634420794,6.887518983067833,4.67947637501825,4.476857552092241,6.8105301978103725,5.9572965038934145,5.610181869609588,5.5526002266619345,6.014836067433377,6.081481827143682,5.676566813447491,5.231942368714344,5.674991291081449,3.6909229900195313,6.272973360687324,6.942587184850682,3.438323880583339
g173,5.0170663921361145,5.685268005637829,6.805972674067636,6.481324771938931,5.578695007633833,5.998492158647937,5.311776794100168,4.271055769340569,4.350264739673348,5.6972943576798905,6.0645584412662865,7.155570755339925,7.320931771763241,6.737498379195935,6.3161738036411315,5.944665167242829,4.522894972561877,4.754273295570295,4.613945578664953,5.614581310639469,4.322848007960883,5.620852353977135,5.354882698483415,6.397656606298627,5.313440992998669,5.586856254539581,5.307575344508394,5.64195218395083,4.9117963921640575,3.98759537118001,5.333927192094789,5.2725343429758995,5.087448150369891,5.747202917975554,4.953716632044719,6.026596822636865,5.055265376988639,5.9845701556915145,5.7048464067523925,6.7670119187830835,5.832145642006378,5.341944296174105,6.111705185683975,6.269880221599946,6.237375379741299,6.111327270855755,6.761446364932296,5.762751086884794,6.636734870781309,5.19860537266137,7.110518299425112,6.4943345546397,7.569924899726364,5.838630911450632,5.769143776437996,5.990180138602899,6.407276024778656,6.741525438282992,5.81645059445987,6.450325859507671
g174,5.870803012889939,6.158955232184033,6.329171725494816,5.779895631300908,6.069233599455703,5.97962429198623,5.193489676592534,5.747249682160033,6.48778521799348,7.005592576317737,5.42142037863689,4.715198467573682,7.080130922225626,5.48247930024227,7.991018482629708,6.7746921597994,6.979965676466448,8.006571216597235,6.940430277059224,6.547290979441509,8.24981730750386,8.970194890651914,7.744398635322142,8.50809334304408,8.155167033701824,7.950648229353902,9.508854302707094,9.244402251159938,10.380076842649315,8.420769564879468,8.587666266596647,8.138514245675017,8.96812682943779,10.356349628753517,8.258955745846004,10.6786255007126,9.742111700434721,9.819835280212985,8.099457504294772,9.170816574533186,5.783926522384277,7.402698726900576,5.644109050956838,5.933375938402985,5.90829588144153,5.593810657482549,5.285679547138385,6.597821688421211,5.073237273366224,5.193699821669725,5.3864661680082015,5.979291602683011,6.32651705061367,6.03027011599974,6.8452792475354025,5.552096452760929,7.613504141248647,5.067511465041628,6.981653390251163,7.081679949868897
g175,5.058735836484126,6.697963131528052,5.890527435746251,3.9465688562251966,7.656434179894958,7.268588417658952,5.354560608515453,6.2724115548378725,4.552864502874945,4.287472769465056,6.651860445419809,4.836180568578575,6.458654552908857,6.682690365018345,5.558156273399481,6.637324722831435,5.380320159373594,5.543007639105645,5.603916421971287,6.263978002600925,5.640309805887675,7.395700828143099,4.734462912715546,5.823808385765825,6.23293975802488,7.164510326291887,6.106780577599441,7.506125183063581,7.122061994376476,5.914321089836899,5.5663502464364045,5.60333282530498,4.993964382679948,6.468033212768531,7.3377827196091605,5.845396569316325,7.269293318448976,5.993905000960781,6.073543558573064,6.9016350890069145,7.3471186976110925,6.887844042383023,6.400718711586677,4.078263262372996,5.923014396189877,5.917785029224775,4.901707671726774,5.538307683382905,5.337754430100735,6.4662149012369206,5.689195323642094,5.878759447853102,6.818150560052228,5.159326431600729,5.5943351643494825,4.6244764997410375,6.11180152457554,7.014481940075763,5.211408083938787,5.038425574579299
g176,4.527708128102689,6.7535969282532795,5.1704407067009015,5.901206407562529,4.871739311922553,6.920368814058369,5.56735991216,7.703197616292693,6.405468276442356,5.5996509322987125,6.337147054201374,5.46086886461379,5.9256925957627615,6.192623435476739,6.411045344985547,6.0123868689865265,5.285404852067336,6.9286403301991175,6.00682678735521,4.7610914401283475,6.858912767359901,8.572800082241585,5.291500560992501,5.78690099770085,4.759321794697519,7.289761093617072,6.9165900163154355,6.092936648214112,5.697553966270006,6.772745175188262,7.680688793928956,6.526833493940634,6.9218905894263525,7.209382170353442,6.186136561980131,4.733190141377135,6.286593559502535,6.370979213966416,6.328927164634607,6.976799590435823,7.42351484774318,4.697009498145651,4.975753285240454,4.489611735744139,6.1642738171708835,5.153476427001256,6.404324097039341,5.4409876492429445,6.0576415405517885,6.354809440419032,5.099329529485969,5.964812116384752,5.223284971689208,6.95643323841728,7.1714488241840195,7.419673927709544,6.947092850007011,5.404260759619628,5.407558791114496,4.90311446720689
g177,4.212077357839856,5.8682488881490436,7.8591933717678,5.685179749934643,5.501151957084383,5.25047324803257,6.404168450405712,5.055843020833859,4.293792128659469,6.007265423500663,6.6399548148135965,5.681619201860174,6.376687786423848,4.6402456740111555,7.702033923612336,5.0717701658809045,4.4520701935320055,5.202886831943432,6.175406789031005,5.995078063572435,5.5606583268541545,6.552130914584978,6.564748180235262,6.751589968273361,6.515345911344788,5.3898150067661135,5.996836986766192,4.38767178204149,7.263853936096799,7.253956292962734,8.266627816406835,5.956394966698617,7.596894460662413,6.578038962896903,5.848412821180895,7.142379141799543,4.1695959972548176,6.568760028629306,4.9157119815397685,6.99460630358344,6.1015013661005355,6.537250393041172,5.034335922495817,5.287954004790036,5.580611135181993,6.283478664267759,5.1564252181367065,4.695916646856201,6.26625003584261,4.6500649552939635,7.109151055191916,5.819291903924577,4.652390349822274,5.345920536119694,5.666807920274298,6.930895421680283,6.3690910971259305,5.6544951870665034,6.97542901998072,6.203035474716977
g178,5.386935193627257,6.670219021311912,7.00250070026815,4.8046201882485535,5.403314647586768,6.644838104520124,6.799784397946972,5.8171270308577085,4.635698896530501,4.420970765266359,5.413735356099256,5.437730025615002,6.05198801499758,5.552246269395802,6.0978254074434926,6.113355241303813,5.285248505594547,6.252678189180605,5.4526638025107195,6.103774356500332,7.468338388715439,6.809041842856657,6.993400822434712,5.167527171297186,5.961917949504955,5.596349214200817,4.21858786560209,5.935875159728644,4.611685679633164,5.685016787398823,5.357974765614732,4.336837316290323,5.345168669685238,6.957207145077509,6.925916792824561,4.214929877377491,4.427362669436081,5.086898502865111,5.984877791812914,5.664989504003276,6.934114615315455,4.9107489245074065,7.324469861936219,3.8838722408143806,5.99545902930145,5.667375429352797,7.283975107807276,5.430139706745276,4.140592492096159,5.485357496433563,6.501514946886766,5.076130161374742,5.763161930593132,6.073332861801515,7.315625683111843,5.36641412177924,4.229055412655464,5.407478994133878,6.593577144709929,5.298062736868513
g179,3.852265806589005,6.32433669284919,6.172407955283467,5.310873126411651,5.065525343875872,5.488667737755126,6.835116771503757,4.884505779480588,4.9065993247454065,6.634127880728218,6.148907771288138,6.725877947441511,6.608623420598185,6.277244261173207,4.759472722628589,4.865294125825949,7.136915840667828,5.77794226641237,5.910096441764222,4.6420935351280415,6.5807488311584885,4.851435871575227,4.605198596336282,5.651502869426459,7.495421173647989,6.721707979045945,5.056115547969259,6.633333412302004,5.120675824383742,5.242356934011387,5.580560794945806,8.872634992207743,5.318776383267361,6.453435927208012,7.053957910394765,5.8608271719342895,5.208736219446723,6.396303793399935,6.441756281614837,4.809323773550506,5.980235564602367,5.785244596546572,6.684887954212686,7.74539877674893,5.679155900636045,6.018756916789246,6.370893595497911,5.205434010307831,5.436684156218972,5.3248940776486275,4.735121761583601,5.18718981763494,4.780991597200725,5.346694888414154,5.069402018740622,6.887170341753527,4.280538985547592,6.449976117705834,6.454938303108364,6.09123637801053
g180,8.392351501172115,8.987257714116163,9.133106567012002,9.142734350161138,8.706821094181993,10.569056349837815,8.677640045448996,9.214998097353824,9.515838963979864,9.383507610088808,8.003700493501315,9.571491726389878,9.140009880649654,9.47496222624428,10.930813307733043,7.830291954277791,10.053702579365563,9.256981754132788,9.40284653063316,8.860842234894246,5.366808015114581,5.057867933389639,6.655951238957532,4.562728029596191,6.271922786031727,5.215392581562466,6.722622461827745,5.65498744552712,5.543292480151177,6.930247991875129,7.125621053736516,5.975326883232515,5.915419467276287,4.922774376275182,5.576049115956741,6.537725035204703,5.826096250695068,7.94684257012364,6.911481163939821,6.409629740246121,7.557201384136662,6.205087754707191,6.0598564753600055,6.107300931163619,7.3784185480747695,7.426052858866411,6.6471019293968325,5.642105734717241,7.845780748738871,5.294675031793016,5.14320134323812,4.555050189090421,6.14001948773134,4.834253659079278,4.7719795647079115,6.313908939346167,6.60445229693536,7.06830793400238,7.056901031677172,5.668106408320785
g181,6.1829296536532965,7.281997598418767,8.300986203595334,6.375213141375293,7.058067993189237,6.569081765098197,6.031549726609809,5.260774813224532,5.4925966295244955,3.5160953204354137,6.037606801611418,6.960868608918144,6.137610131858581,5.98832747513353,6.896917171949929,5.465836210009547,6.179799753623395,5.1220816396603706,6.055587380640917,7.1836116372160586,7.066058825053794,5.883793201030569,6.843658511792247,6.409991272337862,5.554206011513535,6.512464887726138,5.7066373714677425,3.1488602946543325,6.861176663268962,5.644031855382511,6.917014068428003,5.210874819550429,6.654750382618126,6.0311379579934545,6.8073142853651145,6.125210664567854,5.080358159624211,6.6915515226466455,6.600507410592419,6.906328547559805,6.695939495295977,6.900196786423226,6.857905265299739,5.614757355638862,4.727108684350706,7.16959159569053,6.089331996097604,4.540536866457462,5.95224377963621,6.657482346193799,4.563363045367895,6.614905611117715,6.457162556168293,7.172576823544647,3.8387972448042222,7.154947936016746,6.871203657323748,6.42899012596407,4.852299173464683,5.941872654430699
g182,4.485677812756977,4.913964062997788,6.470262514646157,4.795397915415734,4.072782341668139,4.620142285707531,5.89159708834711,7.545138844825794,6.648342137155286,5.576389438566047,5.349825604289901,5.35924956634339,5.751493209515128,7.250788899979429,5.7623524113875035,5.779099321942977,6.065102275092166,7.0120166892877105,8.053240427220743,6.25225803707681,5.451871934787947,5.6156924589304005,6.792938042498459,4.261688805455534,5.168707843583298,6.287872830873361,5.0554139515088306,5.793648469850801,6.255077453525241,5.220550061463792,6.294142949077245,5.205961977079989,6.884058309722301,8.437740718550975,7.743571500633764,6.463598438745787,7.076058319032951,5.605355674237173,3.2306529310903986,7.229383883372791,4.137107165028972,5.344621022346376,5.073860746039609,3.9466118408568307,5.523511315790266,6.911592430689903,6.1543569192251155,5.752304829600591,6.398000314827153,6.225490983803559,7.319740320603373,5.580783405459065,6.0338001868972855,7.474779124422117,5.088505542957431,4.780289046428486,4.8661291812328455,5.78444823370179,4.875139989980015,4.379934420199952
g183,4.948172505372304,5.913583429902634,5.839078040627987,7.585401329337632,5.505396171554425,7.098629109246098,7.665433077589549,5.592951804107388,7.044173700947659,7.106498550725529,5.197711812492764,7.512916736636712,5.66461032643696,6.376625210107689,4.068610015169602,5.399149852236058,6.01212677037284,6.469344488492266,6.040189512163591,7.423880308582053,4.345364125110285,6.354930400259923,5.408569707145881,5.774048678983841,4.433073518028763,6.668909050286448,5.51355832234303,8.92558144842781,5.251400987912494,6.686597635495279,5.756810133765102,6.233884080275622,4.7552622709678065,4.684543968206825,4.541551075940832,7.475951144459936,4.390019944559664,7.434765410231238,5.865588826196277,6.347336450654891,5.532184122887093,5.26020818727002,4.976565300168825,5.878769878928204,5.213990751535988,5.201852387025801,5.885630358940023,6.292782011632499,5.042749895303867,5.608237730198988,5.690683969771775,5.0028867522701095,5.507767583337327,5.9559822076373825,7.423865092988699,7.361031981205414,5.83554987282344,7.31781313650956,6.172413859747154,5.467867986576785
g184,7.032811537186891,2.9499896372693373,4.829187560118759,5.159612691150298,5.402404176015618,5.295131496069516,5.53595463216168,5.664893518299152,5.475825829051825,3.7395030832258436,6.336208590802173,8.700420051877186,5.9829626503407525,5.647751234195856,6.73462442887081,7.4573079611300095,6.531101286632297,5.129279363487961,5.431724431629708,4.738410188297608,5.565134499492366,8.273248148045566,6.460324021133761,6.103808925994994,6.752143254873073,4.979989183781777,6.1932718877448085,5.216779533812547,5.585631330093158,5.947810853200414,6.318654583691666,5.8171278008428065,4.073038076340602,5.777671447334294,6.5311005729505895,6.362138526025468,4.630045641220524,6.2934900690584445,5.287406803915951,5.698795437259078,4.845177039576377,9.068927079175209,6.02349084625425,5.909170495713003,5.572955649765929,3.9549369400811103,3.8467783625804564,5.748462491206942,5.89066520651673,5.404795933332445,5.648632912525207,5.805771067204828,7.56662036887432,5.4261424350134995,4.379611329707696,7.875679412653876,7.758814128613599,6.894644851882918,6.473954335920251,6.430855339474007
g185,5.976031044144251,6.753123689563574,4.916876177179464,5.978387906383115,6.280378648344839,6.0004122207171084,5.934035985369159,6.464847724439477,6.021404342537187,5.757485845066497,5.089728682232086,6.755964417268092,6.571706525252779,6.231524645115392,5.653195651642486,5.394713285598238,5.754255024041752,6.494273407613302,6.519478245167634,6.854948890538888,7.210607463759537,6.239317211124974,5.4308711652904105,5.582256149757765,7.111340962460816,4.89560350227331,6.84389675852687,7.0918094487461465,5.973679794095931,8.517782865949318,5.887462363602521,6.60737203812428,4.713284381514494,6.835376516011176,6.579847660671033,5.13513976127112,4.507237130199458,5.433989191717348,5.163940410282282,4.955684943994385,4.276532720297619,4.542301486773969,6.1998957315459515,5.740801065027421,6.952635601978077,6.1524789053252045,4.971411147524902,4.615973870543497,7.459536126896645,5.752157881786672,7.330177305921409,7.423955130399082,7.60852958222274,6.384268239834128,7.6620144410151925,4.645485731581279,6.3032711522835845,7.4149731889931125,3.9185511262721158,6.334339739000046
g186,6.999655768405779,6.182710439219424,7.131966251996827,6.220763536065257,6.561487240551799,6.177661530627951,5.159814882943018,5.947629630771529,7.124413744089562,6.097063422719147,6.781110453032335,5.023901977604545,6.3170635317854815,6.312779806424194,5.065931017430142,6.03702334320138,4.826507908063531,5.428822048946755,6.8242227381911755,6.166951216877708,6.683971792877099,7.544427671528598,4.906592241089096,4.911685191461598,6.194788878431205,7.565639616725491,4.962546795072464,5.024253842403545,7.654425382938069,5.224674660921244,6.872510590988952,5.52931871837292,6.568294912468723,4.888629583394455,8.115150115220057,6.430381777121877,4.3154482182688625,6.195195914793485,7.009144289979195,4.255781456800928,7.3225714200155165,5.5823967975639475,5.291856477805833,5.347962471832502,7.199650743695862,7.982742850491041,6.968690596984218,7.228264231754233,6.544368307532952,4.324364912362936,7.420913452582047,6.248998648485053,6.413329341622086,4.392907195600232,5.317963433181278,6.949134850527991,4.2001076491256475,6.223815041681549,7.173753455919026,5.615689738290372
g187,6.2279927826276795,5.85805989461579,6.077314968967157,4.415012729976265,5.722033190679381,5.3054706631553765,4.546493872886527,7.193700601123281,5.1461537303231175,5.483602337819313,6.117695061108232,3.2637663023161054,4.5855699113024935,4.77842141779147,6.652986555398001,6.134390447982213,5.236568780187015,6.473623578399248,4.759313029932344,6.504279813971953,5.2754200110946,5.443358915924454,4.791587209124425,6.508758137098483,6.868699639591086,6.098365659961117,7.599344065000441,7.117381669590928,4.5403869276009985,5.07738186812814,6.845769146262113,5.275499027269818,4.394645192232884,7.394950269254158,6.819752307478774,5.655957459891617,7.541284561481994,5.1196895108874685,6.887772741214959,4.891207701332358,6.27741165582524,5.51290379374354,4.932374931371935,5.357736175819798,6.975262658341119,6.462067077497836,6.0073299215941605,6.4054044008406565,5.559911180029562,5.589773463952628,5.619564612260038,5.893981394170046,5.722950643712648,5.784163000380581,7.221847867756304,4.744213087798175,4.956885144879612,3.9778074436942292,6.392322864832793,7.465415117245929
g188,7.100107633610285,6.230522854257624,5.492100217260223,6.632948690674878,6.706397258409892,6.754974447660982,7.82348180891724,4.549177985486101,7.367283306421379,6.202561457851368,5.3836081570166385,7.435602912806379,4.608273061089263,5.362008914841681,6.593015595165526,4.884172040902839,4.354734970306433,7.945105184262629,3.5771386522248094,5.903964451609682,6.634455594536416,5.086284726946287,5.5366392839014145,4.227141002573889,7.195101603315722,7.272509617880164,5.815177592758245,6.636851864142,5.4490003319992555,5.714866261856617,5.269438020594258,5.941050610661041,7.223024918957135,3.9659480833944527,4.246882257249486,5.3608838954546725,7.147522823619953,5.777597767880024,4.266256377896924,7.286165214165437,6.673907268930581,6.431725821645495,5.751233031741371,4.857390273978625,7.39878154885081,7.635750046201949,5.866002373142182,4.113493586718272,7.2584823179512625,5.8975527687930285,6.467927379023994,5.102743960216881,7.050924982562572,5.223005547707085,6.082253788014126,6.556247300120161,4.385448140796883,5.390032028301143,5.8969808211793815,5.129790207752463
g189,11.007922208783272,8.109297900146956,11.814479463658298,10.464404615138218,9.088737969016023,10.496644402015843,7.5052456274699715,8.582699088654692,9.05282571204124,11.429092334741567,9.810438812085637,7.778501490731687,9.433912758412589,8.602903633052264,7.285238265898165,8.177799311281658,10.90875804620952,9.614288549939294,9.419728452294407,8.583182227150866,6.292550543931487,6.049455354730485,6.389157763303077,6.046116820146497,6.712915932078931,5.232423946166127,5.410190611249453,6.945661193142927,4.164604873813329,7.052696953448784,4.698657370678295,4.389210324931792,5.44481687472603,6.717062454568528,6.343357611837858,5.937665505736268,5.923334315543632,7.802980454601636,5.85818705874,5.55311803488624,5.57574378735409,5.219239503739161,5.506552005507965,4.92720433321448,5.521626450964698,5.898910269918568,5.670810200674105,4.627706525750968,6.304590111093989,7.7617651751373735,6.709585538274148,6.882620788480504,6.466415565969753,3.8097282157466035,7.7630217927603695,6.05522973910576,5.920098308695462,5.171331058712953,6.015467968627012,6.792815732752686
g190,5.7526293765228,4.951524110619456,7.004054014106369,5.330736161043491,5.528918952668423,5.52677250750017,7.296823612601531,6.513332250985997,3.8416308607703193,5.083572949163041,6.4537399094818975,7.156784439930348,3.7688819986381197,7.886196869532904,7.312844326220601,6.213480982946097,5.455249573761843,6.930330150458189,3.2680338708375287,5.87923949159727,4.465775252716278,3.2952969087926305,5.511490533964628,6.615312201389249,5.852820980908606,7.1504572253074254,6.578421123075237,6.38652579179389,4.868884660134989,4.4308976933114055,5.49743549367433,5.344453930694291,3.8459394672370033,6.215482253806297,5.561740224057983,7.685548423826718,6.728204006052802,7.322966960614098,6.7640764709195835,5.391527578142131,5.503008526153614,6.999442116217931,5.747737261846746,5.656345693968296,5.95375737344011,6.627977217764928,5.290161829262484,7.026223436689804,6.658990141533817,6.508442909944481,5.924268379918793,6.127564197791521,5.311901414195512,5.410396419621495,6.893467012843366,3.964546626335198,4.364488327348653,6.537435918538547,7.0424936093237935,6.39186290234743
g191,10.39396213185139,8.384449869481468,7.641330538159927,9.811369922192515,9.123000379379475,9.942706436322169,9.116428658073424,8.404451355744659,9.76066018658941,10.019275967854773,9.101381979888245,8.184518301578576,8.229117205860495,9.13994344169961,8.101812507445345,8.556696438444732,10.714214162152324,10.189836548322775,9.571426841370602,9.183221433653515,5.342914317494498,5.839552872945178,5.606711414150406,6.27520447071626,6.846667337597686,5.6459266753109665,7.2718810275831585,4.71489589006885,6.19191275073238,5.78908249107868,3.809191789802164,5.348838669627023,5.0193192579050265,7.426338805280599,5.007443260240597,5.324513505883888,5.78599093814683,5.948201338675946,6.359720278648904,6.532540501132415,5.641314749297562,6.658683175075964,8.257458210952091,4.562341192251693,6.5330409945178145,5.055993228274321,5.2231202976215325,5.237789502830696,6.304481997648128,6.207074832764844,4.706069956099548,4.980756549775498,6.655155558821616,5.77237921130974,4.877939849113579,7.824360685451696,5.542246762850516,7.27428853623352,7.597951757378273,5.906840610671364
g192,6.208540334755268,7.513501748097444,5.565309011402794,6.4861818414293415,4.789465751162419,5.971779398772301,6.441287329501183,6.949151672529191,6.347710235696061,3.72485705622459,5.591603447115519,5.860048726045042,6.2420555119002294,5.644113765485177,6.936786040052759,4.7289651120283756,6.334000649820323,7.440461641116954,6.1354466668450245,5.6002699995374945,8.49568269578408,7.29043753101473,7.448076483636032,7.207975805669514,5.967031305539966,8.39598105333804,2.723932780228765,7.261251163618481,5.944363599443607,4.9126721960610675,6.296317701236799,6.579435943624643,5.354282106054922,5.813290267704619,6.08215994749718,6.3104026747099855,7.456646453387597,7.045794856704921,4.9394198729826355,5.48968481149719,7.130256995655361,6.482096256209002,4.975534675793217,4.805931356900429,6.687811226160037,6.081724883647828,7.538140671546313,7.302846654686073,5.890346749119086,6.686462553687014,4.986690227912422,5.766780524905817,5.234747289134279,6.699002095998097,5.15112738044588,5.813277537461143,6.458159817673421,6.0003867162661395,6.525590757817271,5.049364597008699
g193,7.250217586533927,8.462881108509263,6.762422764117559,5.318853046890476,6.6859162874374904,5.399038870571649,6.324283347377609,6.477404331916715,7.0114732617210125,5.355691869100607,6.0663878250960135,5.386624293650689,6.48757963347581,6.420898094658968,6.026043915945858,5.059447559241781,7.236160085557245,7.089930841435307,7.886286854721998,5.154804301522339,8.472265575095486,4.93628846171761,5.225216389043854,7.053095939269024,7.014111409282263,5.138828956256749,6.66277007885296,6.55446925069529,4.961963781547202,5.673711410160921,6.47224151165342,5.598076592572996,6.078248900824769,5.976937445219191,5.927120300042092,6.044719780583112,6.540797481130297,5.8048394381696635,5.160051168924728,6.7787133361209255,9.646919327321886,6.7317454046008915,8.766512991403069,7.317406338039134,8.61216117136494,8.842971249177715,9.19406232287156,8.775488900142893,9.770951691578754,8.74785918654624,9.281039549560697,7.580537311408204,8.99739103104651,8.186237322249951,9.902879029305549,8.523403280818922,7.866878022496114,9.61314367560623,8.900866233951664,9.090700282059498
g194,4.172123190277414,4.9015325981385,7.082130336906178,7.023742088945662,4.689597700571495,6.166690337445736,6.288013625605009,5.788956970101118,5.809064483339624,6.711465819470403,5.673322407901175,6.566329086653877,4.652745104685682,4.3468745202442385,7.202105253512674,5.6025826233243246,6.972534662246687,7.0755517147129305,7.52539034295184,6.491639110651151,7.262661680712551,5.220004556561294,7.733637840967214,5.366566301170857,7.3639903225408,5.271141901549135,4.8040516231083945,7.381562669576306,5.594824504597929,5.719288120022133,7.953117277194705,5.994924505025908,5.506265777814743,5.096470540485647,7.050807596694618,6.449458213211496,5.486043633639298,6.15042128974682,4.893844327232147,5.807665384877839,5.717692324079298,7.85795607270646,5.538966838043031,4.879122141731759,5.2761029650759514,5.062149326935024,3.9963457544011853,6.644984376247917,5.875262264715369,4.9904283130709,6.848337668739507,5.691656187820423,4.643260724804096,7.249010610330481,6.210155376824384,5.52789966724818,4.875201902622377,5.956431362162185,3.463084144754777,5.658557848813918
g195,7.882087374510705,5.380347323921983,7.535794141789061,6.8345738025117555,4.475006304471568,7.86410333797519,4.996473457631668,7.349065178800131,5.15782163462054,5.807569796910549,3.4465622961487723,4.916210436205969,7.502872928348452,6.72985529767592,6.531860585971844,4.3021216249004155,2.9452700401938547,6.869116371196296,6.169935990976572,5.8484890111619805,5.993880015665561,6.743155959325541,6.0091657936794824,6.582216790546991,4.581790405548974,7.49712706415267,5.412699804946733,6.083680410724586,6.214523233761321,6.566940096119216,5.7399912975628675,5.679554862706763,5.6743032337846495,5.298105454384741,8.178866410867206,4.455595873937716,7.7594858654355106,6.012185254912843,5.574761353071873,7.043350766630617,6.067949748800802,5.394513198146913,5.329805350075481,5.8625126359589155,4.635462174291511,6.280161904908998,6.598588468769343,6.33521308072163,4.125829156336158,5.980222929458172,6.448175638684732,5.855413240791182,5.008079178690622,6.010065822686005,6.433111277193974,5.896617487060852,4.8507734522225565,5.240652410839738,7.581648415309975,6.672785199633472
g196,4.90757906758563,6.5249748860110754,7.8493994159666265,4.16147025025856,7.240225769529718,5.2676715906477884,5.584331279660547,5.161963936813785,6.07328535635627,6.541445575010172,4.137244967047406,4.480217390370543,6.351809707501518,5.924147012458438,6.325617703079731,5.486448050052047,5.515106635852733,3.8749331540109013,6.264471691617145,5.5305632397596405,3.377288586817311,6.435566142326987,4.9998629034301985,7.245691801895822,8.14597301660551,5.588823995318188,6.488146663689906,5.589148102200996,5.88817577569361,6.985203816410413,7.688169335460013,4.145263488201118,6.518184227409087,5.230189438119351,7.3195984707115045,5.119319676963048,5.859984784339331,5.533327883305026,4.466565449784712,6.57928669357359,6.435798671553439,5.844357442647002,7.290073426334616,6.241723676273272,5.5049728631909325,5.011180890278769,6.850913055828854,5.532343048144207,6.191286812510579,7.767238344753892,5.971962493728513,5.721081107104334,5.343008629391727,5.468517808390472,4.944010845813854,7.541794571234703,5.671822693305968,4.80709853323909,6.234412534642342,5.789985158591466
g197,7.044144076007587,5.1953819280532825,5.119718292847345,6.215179530991588,6.381532810588513,3.9478112051865533,6.445101913231982,5.517679103352721,6.571452459456044,6.791544220867732,6.901525210460035,4.619154728880789,7.158589736344027,6.964933752070681,7.177945583897488,7.774810565598811,7.677146001506056,5.5749898271105796,4.600102008805382,5.051310454532343,6.1900503777319855,4.084573528595516,4.385571472067772,6.641288334239629,4.389033090330076,5.093120155105847,6.497592493100217,6.242524335626657,5.567698389436593,6.2679502597413075,6.26444742236191,8.032825338977505,4.953872560371194,4.739590742297114,6.832997424374659,4.8890638984437125,6.072935704665598,5.208481799336133,6.392069395556683,5.334850672116506,10.749002721643812,9.945215331058137,8.884101592095362,9.952057275466588,7.592411373581942,9.076467774513322,8.952511760138439,8.57173349431542,7.480704903427133,9.034462379419509,8.268309478416072,10.45783586129959,7.825251776742535,9.86790213071567,9.664822805419858,8.196358346421619,8.777719907966357,7.26447100455137,8.189915584062277,7.87040190023689
g198,6.642792236031589,4.509160871990648,6.918860931014179,6.291237620266183,6.619442887670465,7.077559901613313,6.762397904942028,5.947544758052263,5.7493249334004135,4.003818238410217,6.403070168166579,5.818171913636273,4.6853606401808445,4.988689310378495,6.307202585050408,6.56819384745448,5.854444125438707,5.4629542896950065,6.086724065449903,5.6415132692298116,10.072519341070725,6.621989775975726,8.908896611521198,9.535726582342154,10.2110597639137,8.673431802776722,10.68013694252506,9.09261517757316,10.308752040263405,9.381057733960107,9.727190998564351,8.16201211425512,10.12636660549134,9.670067453825743,8.1074885979875,8.967489988186497,7.70945245345286,8.754267856317746,9.951720166057314,10.630542624916698,6.5831099444693635,6.585670217860311,5.665766396548045,5.360214472457494,6.713855620359576,6.213897130354152,7.040377896702248,5.889925769267924,5.409811531611133,5.842714087829857,4.126458504147397,7.322281943880529,5.494711837775037,4.718248462921802,7.471076879575214,4.9401355997563545,5.752100040341205,6.997090740868582,5.9480567528399835,6.063423939264027
g199,6.01075512474833,8.107900975299133,5.974762752203181,6.224737108334711,6.318933229646969,5.9112468864432195,7.0010902001050885,4.3374980766421345,8.01635889648919,6.7933468938040615,6.169201194393171,6.946977853233271,5.6742840538067405,6.524144796459994,7.166390283111964,6.232355507118275,4.339704721913368,6.318035371315298,4.754215473414014,5.431103761403936,7.481451232002472,5.722419425053247,4.844631555750395,6.2474732808026765,7.574386488035295,6.666290190015362,5.171335871246765,5.822903150482014,5.8976884467117205,7.027913158610811,6.367303340627427,4.516234670862847,5.584339004707451,5.13962617998625,7.46473734499083,4.415373056684309,6.365198648585174,4.625253697599978,5.274704685489115,5.684541247842463,5.940318552374972,5.96891994136671,7.022160531695956,4.955001899874759,5.376939123327444,5.255782785460019,5.167151129083019,5.734449806596167,6.0718813685178645,8.318062830821049,6.471363675420186,4.710937472084521,4.922145413910821,6.37298959946197,6.45812606169206,5.648324390913682,4.507668669018959,5.676834481109796,6.690569503643633,4.990554436336521
g200,5.455864526740513,6.521243557025031,6.1065817794552535,4.111064809592765,7.287931891962427,6.202382818554765,4.8504936941444,5.5461656299456035,5.247221262094659,5.28713019350208,7.144513810942181,6.650009502832212,6.821141645121089,4.711805133269694,6.8712229818961585,3.71141558062303,4.160698965586933,6.903065052972008,6.43003790579684,5.042587369282961,7.3460460739724605,7.267002281642452,6.281838015587908,6.525483473033091,3.91729786024915,7.381623763661768,5.572512645174082,5.6571665305732575,6.314493727289536,8.19411724351557,7.188844471223953,6.934573413117441,7.2863146930993645,5.954268049676208,6.4916108675889435,7.30444054387302,6.731882928825236,7.422132417167973,5.835936109351289,6.853185766903556,5.119625286369688,5.347242101191872,7.733907247332386,6.279909580445541,6.34138136580752,5.3281611220760405,7.2521745887626725,5.497337012863525,6.302181531893976,6.392353849901511,5.708923781357122,5.161322692838511,5.077523296658116,6.419980409455597,6.635096698904264,8.453619370097776,6.538660519256969,4.092159593359353,4.550854737335775,6.478814435866714
g201,6.418680263090416,7.233420718297199,6.538579703097864,7.113852471024133,6.7152944916660635,6.561418667249549,4.315027724957065,5.034819067208589,4.9660339597027665,5.889425356819166,5.819667320331195,6.071492775226909,4.485006536055017,7.1577698068376865,8.401348877536657,7.747284724666223,5.2912682015799355,6.106827449893074,7.054285840856722,2.4903391834681208,6.502507570187305,6.0211180105623585,6.060706761932071,6.823862650950973,5.540615802317745,5.8804875681959,5.7541554019641,5.904435584318501,6.430032685571122,5.747775659485035,7.1922146351327605,7.186500806167263,4.483435660956107,6.077540868827786,6.568110697202683,6.794905879384353,5.0354527313061315,7.978978315424529,4.702799097623399,6.092604617062925,7.78155268396261,6.391451432140842,5.806813406950077,5.730337047722633,5.6659921938890045,5.0818741252935515,5.485122520889224,4.33876518289715,5.527790053430058,6.248016532162751,5.929209152731804,5.173566404387779,7.818865901956196,6.393910688594523,6.104274652503113,6.463889395841139,5.9163764703232555,6.4353578426811,7.04349969975414,5.672170890940116
g202,7.265029271122467,7.092823033692624,5.651224036647302,7.465756146515764,6.064546421561931,4.91772822487558,6.529273209727967,6.056950612569425,4.346442351385001,5.047833511934066,7.862335549726432,6.404119699458638,7.159475726328322,6.078558142829724,6.003626113549338,5.472190021821704,5.728300334661549,5.451765752202799,4.862617395229977,6.883024248301992,6.775988291756858,6.556183755434891,4.96874406943684,7.91576079717924,5.8726107523454045,5.708988581839707,4.945641112770733,6.907406885334983,5.363794764101144,2.732569476958316,4.631496942180622,6.465735778200267,7.233421273134237,3.9976229630470876,5.738345901929497,7.59462203591646,5.63056722030632,5.822673195167223,5.588961581894485,5.677519519175723,6.66791588846484,7.681633426236221,6.815797473621286,6.118766872881077,5.27571364569139,5.287940013779285,4.887069640756301,5.991290870882945,7.20317908074039,4.816472760109424,7.713644613683947,7.097389622033202,5.272431837924197,7.64281056857899,6.291821982190757,6.042412860660988,6.607606624622162,5.33521718475545,7.856063514115421,4.294735320921088
g203,7.632627810204283,5.080458426499712,7.343796751965916,9.935608253848184,6.654847108618597,6.184116673536606,4.306697957044347,6.818276636380327,5.374549038103486,5.221686722121834,6.460506780252276,7.720731444599376,6.944565027640247,6.0466719733136625,8.340387920087652,7.1344907224674134,4.272981224908097,7.058146707406981,6.483782779958778,6.225498462756597,7.256798190788909,6.212322918637119,4.245815277660268,7.188036521768192,5.989144728077582,7.221590420277591,4.276666969672385,3.545866898349774,5.708387254740812,4.937542014606512,6.560063298842838,6.669236737638224,6.18296917619696,5.44068445687594,6.90065391507631,6.590571063646351,5.743946867591002,7.271609362873206,7.241985876717056,5.864133808440597,6.466140292305816,5.654739069934425,4.85891932246448,6.530089193022058,6.934687978513303,6.787225697382073,6.9290810811708425,4.82925820355093,5.928540160537081,4.740626605388201,6.174793619202693,5.286814030424905,4.947061312637349,5.838705729753983,6.569205109437954,5.556228331251969,5.6879546360332025,6.0518538415738945,6.147126640851671,5.237550332516998
g204,6.182136061227538,5.770371532706898,5.659341023766769,4.188307782674427,6.270497219978441,5.159266521616557,7.2083056374702,6.458406408030554,5.224378056835361,5.403773241115542,4.711999363036252,5.5035924377981456,6.600256717901259,7.435546644039352,7.433787446346733,6.1022068926082715,3.701625882435593,5.176662246690995,7.402330043936049,6.693235650035329,5.2901227703844445,6.626827079286751,3.4528971142170737,6.356620300845393,4.325832198844687,4.258500987545921,6.862678121527655,5.510356264275838,5.247493899823801,4.7499899426329035,5.854843812484314,5.587784170294469,6.9143588193188865,6.334038274946202,6.978029918767587,4.895308079004536,7.494755789909947,4.336267503853079,7.404353983911502,6.723569887399272,6.295568183237566,5.381359350424763,5.552233198009583,6.193241636965589,6.334719724330448,7.598121755054842,6.338644278797052,5.344049668346464,5.838466337081072,7.589654215866102,3.836524321082519,6.911582515387203,4.713387305145772,6.074083214917454,7.204255976998548,4.456293667262401,4.436743016278892,7.260429022040611,4.861605906081927,5.016072932276486
g205,7.503377577086023,7.8290272784798844,9.86018359356492,6.486041908077447,8.595641355442917,8.735844963806775,11.471714105061452,10.61519147686123,8.943855649063874,8.301254734700677,9.13271264125323,9.254700248542498,9.32471227371116,10.72064917785893,8.474262328684048,9.851989962061275,10.123061768768041,8.686560715681116,9.872946099319094,7.832538038956739,7.3913513237879105,8.250467251673472,9.947129831033644,9.233025181661132,8.434941583226893,8.935185084699379,11.132042190565091,8.636187542381903,7.858486295012661,7.971417352170725,9.207078989712803,8.17110199671965,7.882410037713193,8.432035472014368,10.26261457467095,8.170157839225482,10.247925556932934,8.363022969936786,9.982574278184364,9.942036069576275,8.046192845951033,6.570543187108475,6.755879734011023,5.1378118849197065,6.060297713026325,4.757216552251067,6.033756303396382,4.272272090629501,5.575889887898228,5.9338271673868155,4.4917034306365204,6.031802694976678,4.400239667921167,8.914929349729569,5.584618591541593,4.383479784174945,5.388753869726251,4.863275458929901,6.391358659440771,5.471055646728484
g206,7.738381668422846,5.814029994240984,3.7279543798072248,5.484271647420068,6.690891334149876,6.295606934998313,4.4465161336112775,4.513918638581906,5.493363772685467,6.4100017983052675,6.495420861580669,6.5846093087638,8.658568935709987,6.117468887986438,5.654859500880692,5.738151730610622,4.33274557591346,4.685220465935956,4.161050297983769,6.770065982345443,5.756460835973097,6.03084751663285,5.092728120100616,5.450372344132104,6.696477849077984,5.550652595280375,7.267042661535323,4.305663808097039,6.685527152268449,6.468936374672057,5.4814499855287036,7.467055485410398,5.7686328373671305,5.8027295044854075,7.044983823005833,5.8973791139306835,6.814817595247635,4.038998252513678,6.2762893864707605,6.130835138264358,7.679023251243515,10.402248580114124,7.336597213215011,9.551069761180145,7.969246318433364,9.915904050454477,8.289764093604017,9.03769978584575,8.97599241839695,10.267501658911385,8.409287930778202,9.083440704257313,9.732567189840552,9.4513563838476,8.885600891557754,8.939444992650888,8.843695176635869,8.222467247389705,7.95655695786024,9.689927095710683
g207,6.7728456792762035,4.8563369254548245,6.691959547827575,5.562273347747821,6.47477157005133,6.352706799766015,7.395320753669893,6.0090344615645,6.307830894068162,7.277812360520838,6.5350350322994135,6.659136918573381,6.136510815461324,4.9930376552837625,3.9594401760529365,6.324593285633077,5.315604457158061,6.202398445198902,5.84189996622508,6.585522556715742,3.908563798325372,4.936328695216143,7.416228867409416,7.6844426885330375,4.884064441622129,5.73482474510231,5.941146704186154,4.716627739024151,5.538679994266205,4.5877467421654305,5.395910761460134,5.18314877283452,6.5658846644010005,6.265772935124569,6.208177294560229,5.732355346599154,7.183345716644089,5.3591631439480425,6.305092324518674,5.572458984284906,6.3889782619667335,6.015450548151408,5.80249661496498,7.716549433830972,5.693655720925776,8.412542289781214,4.637965686989183,4.9970383149828095,6.719732772858975,5.126604481808758,5.238713907758511,7.821433134931542,3.9418112879548817,6.484091695193143,7.102169957939232,7.569514350941955,5.381204777568824,6.0989426078123685,8.710500284056241,4.614390515403319
g208,3.7107000646875226,7.263613286927157,6.714597677081617,6.030344819052681,4.979974662065503,5.621524948128194,7.0680828104829585,5.455473270737657,6.869690166085302,7.721054298842711,5.123257118932834,5.746748269252074,7.205356414399968,4.9485024647035445,6.6758538520810005,5.169778762228383,3.942546692979856,4.794043438716244,6.922976501368215,6.507783268763717,5.784076498587936,7.1206613066013,6.295386116412105,5.669815796467671,5.597953926842929,5.581954077774553,5.144938671302262,6.180514953578168,4.7236679991490345,5.124018913834342,7.26717196495269,6.203069177731033,6.998763382688404,5.941643208866706,6.861218990561102,6.144862483209566,5.461884891733464,3.6134990783428496,5.489292210659698,4.614815272626579,6.376792957734125,5.514336243981015,5.7314362403243,5.43450096324556,5.725980918324124,6.353039604444703,6.307487305664266,6.962691666908589,4.148033763234697,6.992933276272075,6.1412953889618445,7.829278881171405,4.944120533547033,7.931171554719856,7.725595185562173,6.092457553732008,4.7039020327064955,7.259621268766409,5.559006096263336,6.988592207226513
g209,4.329880991645867,7.824598799887147,4.679740774767603,5.429852770309266,6.504820386517893,5.8179034140287555,5.81200384230561,6.573668933258657,5.498728759879236,5.23698110074863,5.45523763886353,6.321565878824018,7.063162300248209,5.179273682285301,7.034312692010913,6.30827845784928,7.482202972214214,5.790480488036409,5.199925196801297,6.318983782506121,5.776800297200837,6.300577038080336,5.881244952746317,5.527439208667627,6.790250612087923,7.226099748102223,4.198730551549125,6.1305901411121555,5.1338230499199495,5.8124477053300945,5.57722666108673,4.518729220869834,6.584360493538259,6.500730597887096,7.011883966775131,7.375007211944999,5.273941615154506,6.801758360827864,5.4459049002430495,7.242077447744595,6.830265135058913,6.222428524232471,7.599282997255797,5.502184357161439,7.553866990215254,4.669347558455753,5.76734520091323,6.220285418191674,5.449851122167427,6.123525934735066,5.94726673347062,6.017096611695711,5.238079535084529,6.134928395789015,7.309615207292948,5.251956940348547,5.75666283000477,6.70187505552171,6.452781958774894,5.549558380458106
g210,6.941430179325901,6.573438989224229,5.869496741574184,5.080682803724719,8.385741420439697,7.343509985841571,7.536203476008706,6.127179745700112,4.447246368227498,6.1035173789095705,4.438448327857262,6.966865658456247,6.618053518178655,4.418839909023903,7.13028552976963,5.144328437934028,4.680066734616274,6.451721188758464,4.931646061707909,5.190252640431016,7.067770775009702,4.7434856437179285,5.394666569058651,5.612719092182522,7.05685988760364,5.879695043824839,6.951518115737324,5.234615387131466,5.796612395243488,6.057858695031521,6.273771520892378,3.454143168303501,6.137972375022773,6.213573440038419,7.861162858686609,8.15295404977002,6.018176375092198,5.69582264863737,6.180531379706963,5.644591841238376,6.78862719201299,5.41424353490393,7.512899821642078,8.024210651783303,8.118817960113283,5.214582643619863,7.0881697151302365,5.311178203150696,5.760375774719139,6.692625962411901,6.957544764742958,6.858326419699965,6.49163528313365,6.437658173867275,6.289334933908154,4.933373122053912,7.342350204653115,5.856846097421372,6.501198773983352,5.9024239169083215
g211,6.227467858472123,7.122943161093754,5.771692959521047,5.490264506002237,5.1778478126385625,6.185129115535133,5.803993434379073,4.883632427790787,5.740787592135575,6.87368373011348,8.489932164755423,3.2873847057418697,5.1415994337423445,8.223554838573005,5.5901506835746595,8.253311444586355,5.24735111520711,5.768100911594743,5.97817075240008,5.021185829079246,6.658931498557458,4.835356519042004,5.572662083873102,5.224182462410323,6.513138376049979,4.229248921890431,5.896331014643641,5.025466418610195,4.865103135843737,8.231521370709359,5.81549831570209,5.144255598380686,6.527878699896512,6.017872515240662,4.482231814105949,5.504839540317332,5.806077616461486,6.499803707473665,6.176084584004401,6.851470949497896,9.182957205008659,7.810063806051722,8.224179050027072,7.5811233422746565,6.711412446892443,6.455177882500889,8.26610967845853,10.178818965920925,8.219942035821106,5.918043285126573,8.955484970909975,9.963889271662921,7.641136083243073,7.6878631192910145,7.627042099052994,7.699258107831894,9.785376585382608,9.49040339926752,9.808545161452113,8.90518672348432
g212,6.829548735505778,7.479065483870485,7.638220623388047,5.131325056626127,5.860771509569908,6.587377066853499,6.903883729048417,3.127206436813227,4.96929102004246,5.181825958488632,6.2497658678791765,5.587534279752118,5.870849202988573,6.8889099173582204,7.040718640709098,4.621691133404557,6.912577907862359,6.043581630968529,6.907894290138261,6.712419308508905,6.068588883085245,6.967495245331554,6.469195701379255,6.584723479249265,5.249493288398351,5.8671085800046345,5.633277944621267,6.208069193229807,4.708212177530118,5.269254980619942,5.163438298948648,7.604361754950542,6.228022378097889,6.0521275572202695,4.049597895537085,5.812438238593075,5.909522603712457,5.297093958132765,6.778050655185165,5.256511308149544,7.806316994519631,8.902396323120437,4.344295419175597,7.615103680753583,9.794563537743421,8.706576049791114,8.795277524230936,7.928702081371556,8.386201448422252,8.166624338252221,7.737575571052062,10.242504621931126,8.201867475925587,8.507546886544809,8.203061485888707,10.718977111013782,7.399902806599,8.659909500300682,7.606731859957855,7.682705934036269
g213,5.743885072599294,7.105160153691326,5.328798992056815,3.5310425435992645,5.534576209596837,6.618346398203902,4.683839116078755,5.855955165446904,6.120272023229981,6.324416389724729,5.637491659721943,5.737625853117765,5.911260296346142,5.132416887298829,6.270737773960561,6.020300871007516,7.6889460866667685,6.292998803051986,6.50058738060442,6.806114121183085,7.401745541690129,5.3348120728515465,6.899750015558166,6.724856323778876,6.509538987242707,7.08876840662369,5.3853309888956105,6.680864963192301,6.3267412788942075,6.309348165697819,7.8818728507223135,4.15955537341615,6.665504105968054,5.008397539854972,5.39113585694579,4.4178202293721265,5.997334146710783,6.397074918675627,7.107024393965487,6.033844273258589,8.901082704579917,9.004092571123486,8.316172079333818,8.068977196822093,8.131500983149433,9.597741991830823,7.193306813809742,8.392648398548491,8.040865651060146,8.4418993731747,8.84510610130079,10.033899352472407,9.529245808765971,8.83164580678751,9.393113286478435,7.868339121119331,8.122905395938634,9.049250905453484,8.270101357032495,7.481665047004634
g214,7.585914423366416,4.8519061429688515,5.346178988014566,5.666740618390067,5.650024271891395,6.193326832678789,5.13612926856376,5.230092514696932,4.795400120055271,6.441335089343609,6.2451040532282915,6.428029568469778,6.745534721411597,5.989024374135386,6.782980571989932,4.5197704634916995,7.003727527802763,5.902306738491615,4.927139044976753,8.384001036787676,6.833303835951727,5.633136733052384,5.008170881614953,5.543466731196767,4.742185965428413,5.33935439744439,6.931762358031545,5.797757980666503,6.683437375305296,5.315987179754297,5.0976907771173074,5.605657002028258,6.745286486051693,2.286573635363863,6.035416809930165,5.866363348714217,5.7271533766311595,5.692697373158674,5.960262514769346,7.799504195866742,6.162812227193558,6.62927235506385,5.972140719891397,4.131692263967066,6.119732685809929,7.0479591520185885,5.702546762699302,4.748945733735498,6.628399160843972,7.845712566010667,5.81828913471409,6.380944422184848,5.766946499449574,5.696683699351509,4.417964876184499,8.278799325084307,5.621722241559284,5.765604312538347,8.014777418744776,6.388335984314848
g215,6.7572607965191285,4.388132228140871,5.698618239823297,7.400305177901182,6.907750844601314,8.515411836678794,6.509661578981083,7.377295371756077,6.284644801285537,6.382379564761217,6.623354132872928,3.867207653007937,4.813522322474274,6.900340479866466,5.5492463972672,4.219175840251578,5.973186503036371,4.890645234906312,5.392039602802012,6.885542257111869,5.177055665697819,7.399608455268135,6.9140814006352445,6.527703775851316,4.659466711406775,5.588670394091742,5.934680166190391,6.109466342195457,7.410918652351566,5.466632800176918,5.135903583614892,5.490634683831291,4.451440067831195,6.169141500859529,7.245560917593276,7.007545711322119,4.657919123448972,6.6515653089530336,5.656692700974507,6.215783811261028,8.487546373402939,9.40572616791124,7.504407645400007,8.706638549530883,7.834526794369056,6.598923792756066,9.584574109846846,8.960466797912495,8.825206509540138,8.04461703412181,8.884508088334645,9.70538426407079,10.814050233780371,6.765651636214822,7.311797674529672,8.943659454863646,9.062896392337635,7.20747673442046,6.839037893927917,9.200976199198053
g216,6.188130937025318,4.768704723962134,6.6762405000934395,5.658920759684419,5.866485752544646,5.263788306385325,5.839696454308446,5.828563446970943,5.845289367709434,5.224051988883879,6.458968355021991,6.057916484280803,7.120553303559257,6.574445938793569,7.028333102929518,5.804490696324612,5.3064199695633665,7.2178099330528545,8.255874863076105,5.547084755955453,8.51257099809082,9.212906830661323,9.338945415308268,8.321154383582314,8.913357284856259,9.91940458728469,9.526100077190407,8.674513116090072,10.37294755388677,6.357067568227121,10.158637313336044,10.558159820209045,10.369990034003001,9.366508351139906,8.484951454805175,9.387300171647292,11.943739987280281,6.574622453749223,8.287076385167786,9.284533091913634,5.512627202198447,6.062531536104181,6.889639441066737,6.075404680761111,6.534714536621607,5.745610954229927,7.622886532695559,6.115220089824952,6.390565550928807,5.130725260745703,4.456808254787662,6.2235559984575355,6.499381640815391,5.565925245652205,4.3008343434178595,6.149038981229922,7.080210958289332,4.615480517514195,6.059129606840037,5.403027922648127
g217,7.802320486673298,5.502216708826484,6.748017985256699,6.275987506219071,4.957909823636894,6.943344855035533,6.967028475185421,6.576148075837411,5.038646806937406,7.197949992433135,4.519435645083486,4.502310057715508,5.366769508642313,5.575315531250905,5.62280081402029,6.975889951736365,4.709108690916683,6.915396020880016,6.392036254004673,5.4490026460728,6.468944300707079,7.011777916320144,5.778673821159938,3.7635624277496684,5.565423514272711,7.615422397881328,6.978141343962307,4.89000013534818,5.966170180817252,4.718045490914087,5.528241347712948,6.847038628763614,6.522861356632649,7.248344136433517,5.0749420002670975,7.44211568899538,7.273784451338319,4.768063026132074,4.7881965161680595,5.1457979396616444,6.411537355154624,7.476264340108008,4.392807749995964,6.172750569528568,6.433996504045104,7.213895476388661,6.789037655547966,5.986839116033155,6.580740973876184,5.271152125373119,6.273263232673491,6.489063334517974,5.395686891936258,6.975121468247599,6.661473971856488,3.802588859268372,6.492360829078232,5.954877242138615,6.815055398834993,6.349917830092857
g218,7.644048015383007,6.141197950010103,6.048838367600237,6.414611482978538,5.78096106660077,6.341168953291676,5.787889434849328,5.439343064607602,5.218422356016268,4.944450038076027,7.031541402782102,5.952798420342041,8.25666700711929,5.099129532524843,5.78286240300911,7.146188018222273,6.75836659938117,6.067670052231218,5.567570947662379,7.81948335637196,8.396922088514756,9.59903582904833,9.148465888909719,10.189310530231777,8.627739842690476,7.995078184543518,8.977458951578159,9.368304118296978,7.957547470516488,10.151740998502724,9.915375864437884,9.143952054370404,10.43991734108231,10.082330860001179,9.74302182827266,9.670563211963941,8.955747313463883,9.943451405073818,8.72358322979739,8.445935454299402,5.9661386207737435,6.4605825224782,7.400856968959792,5.855548468687103,8.815771013404117,7.736549589796493,5.278737015031222,4.431365840921086,4.8794062802538445,5.199367435415312,6.221954299865309,6.405965848006813,5.698868570716279,4.366104317029639,5.8962090656209165,4.35314947961586,5.871453200097932,5.18494165585135,7.189139996772792,6.231902467050481
g219,6.390709073191501,4.979602514946299,5.3679484448750285,4.873549318720634,5.8411916328606255,4.881524191382356,6.390084071988058,6.101645489509829,6.596265129142355,9.180787657708896,5.271765485247971,6.519809961604759,6.886274517844802,7.827856568408466,6.557391050001024,6.033202361609686,6.349011884294083,4.471876369394945,5.967824978680298,5.602256969660941,6.450850570016984,5.358215486661619,4.285319693340623,7.363604207548661,5.378661713583896,6.711532185376084,5.111216984948708,5.624718998077905,4.20237676312812,5.7246664644045,6.155658940092138,5.59373188967777,7.931086558445424,6.817043903126991,4.833910500208703,5.226965493183259,5.723557620705153,7.893724010494422,5.037892172486593,5.96293335684869,6.434845341407415,6.536772021798821,7.183299318126139,6.592424911700079,6.422871569785743,5.538473186954613,6.804107234519654,7.157795707046467,6.022596067908293,4.543216947701472,6.649267510512815,7.106829674724535,4.233808481444483,5.727424978246283,7.594568133758722,4.369630861572217,5.88312691388421,7.930181840276182,8.116295391549972,7.793331229685803
g220,4.244156336615948,7.20544146762801,7.596325827572986,7.993613230792514,6.43751653138248,3.878467296114557,5.977560663174057,5.583113152097357,7.215953971667647,7.051848829952883,4.41246802917632,7.14769096857378,6.974644762206083,6.206070564429899,6.856277730432192,4.725502329255559,7.399116017454459,3.20945981526392,5.751804842348999,5.750276819440708,4.7034622844305405,5.636892511314504,6.499003157544247,6.552572973976475,6.003631238740682,4.598167781476546,4.532784902352011,4.613469638999344,7.741681979607527,5.875933137783602,5.4169259311942985,6.530016448417843,3.8964633482288913,8.236285653676838,6.537789024756974,5.993909912097068,6.111863450189726,7.199098302347766,6.509018172534673,5.456702939597822,9.738577406001784,7.7754661963130305,10.082265070006457,8.964275762555593,8.694464891893233,7.673623765553322,8.449184402756428,7.918969236227173,8.984071496270321,6.703161471522219,9.90481236214142,7.834374851782319,11.056782990584782,9.75401818920319,9.28719761542489,9.706011978240259,9.469611349208504,8.11984575543399,9.578088959297597,8.873549562122204
g221,8.817943961274027,8.835977942711693,8.908041517092707,9.362941083422562,9.495440489702009,7.481230055529414,10.243319709290876,9.443118210610592,10.765178450991648,8.816543456929406,10.899218722799317,9.933078395998983,10.254324559262256,8.98425744897379,9.015736213590532,9.17590168451311,8.619588016594104,9.444470855866804,8.788779544387813,9.001897760361139,3.476240536130682,7.683582535685291,5.779762388637867,6.282381651493468,5.436640917991861,4.875642595097314,6.616670984354149,7.723745143571603,7.129729375389903,6.915328154577409,6.81850230684004,7.0846618696648,7.312799153246664,5.375367564235642,7.6101931505838465,6.064430468964594,6.92921661507496,6.5359532110601135,7.037481667385238,3.9632582845458892,6.54806173030661,5.566819056120199,6.750029722887264,6.363490346845249,5.493397433451735,5.815834198863171,4.8278978016867535,8.35829597871573,5.619662564941221,6.496759698254897,6.430363441769319,7.017401165742104,6.137150798861001,5.540145760776645,6.606015433272289,7.535657014792243,6.148992229995448,6.082846742433338,5.198455351950866,6.633989446314478
g222,9.696687329008853,9.63203878736251,10.037246422237704,8.31174992723501,8.677581019599462,10.099509175520808,9.176325534762828,7.441177580639755,10.116417673355715,7.073961794042047,10.198070209197741,7.882025168424763,9.6775988127726,9.961464253164458,8.417584894908554,10.09399886588232,7.700348299194207,8.57501839169674,9.525428221492987,11.384777254953212,5.977121101545073,4.145331245146127,6.166424925540104,10.014728901512544,4.75239605472008,7.2184311046472045,7.87471588862924,8.043913777609514,6.0419397636423176,4.82667164872127,5.498506557193831,5.362850049518252,4.34701676900953,4.849880632361682,5.817693553452411,6.0126808727146654,7.398887383530622,5.932697615962834,5.272392595410036,7.473562248615161,6.354385544374382,5.424972379278278,8.100964917744971,6.030857903154605,5.612548102433017,7.176397670811111,5.557462928602858,5.779034099951171,6.242124241209622,5.181984734849708,6.438203402101032,6.632173950691369,4.69447347079169,7.374060388628978,6.395195300987604,7.19265142363748,4.8794265094582485,6.183624876488991,7.478434874837301,6.589164862336646
g223,5.359217943636473,7.014849491530008,6.724546676579947,5.406021627257132,5.662390647144751,6.814750441179167,4.793174367072379,5.211414146096203,7.196548960604544,6.893215288990518,4.211165826168871,5.732497227619345,6.623257883488728,5.56596295259695,4.646092518607413,7.0179511967713015,6.796085188379474,5.605605693329595,6.852499279880775,5.99010477760433,5.70553395620845,6.469863231014371,5.792487191723938,5.443464513733076,4.389594574705291,5.120492486799174,6.231885954922374,6.191185171803454,8.397342853743709,3.592340622142803,3.9930630334206496,6.52117030794954,7.058254649100625,7.050497075956877,5.694711793647446,5.000449401076164,7.175387507056339,5.803657831679785,5.454322196432283,4.776972326376495,5.7493296601040615,6.07290718392779,4.169790210930389,5.96807444089007,4.759625546995866,6.535182379407441,5.817191243451694,5.298972322167469,8.752888179042536,6.652031834804408,4.498989123739922,7.007674032785374,5.5988540968941605,6.156521910417535,5.0996373171188605,5.963552990513786,7.920884977417145,4.819840365775069,6.001178864650521,6.543872330779961
g224,7.184792304040016,6.286700306555861,6.296912500227185,4.829193573164402,5.335969030336789,7.11543434513468,5.698523970085755,6.701106178656392,7.799042958806502,5.4150308418779485,5.318208944899808,5.06019976041744,5.037150895957219,7.22681022557369,2.6903932411249425,6.4470026519996315,6.3185511807388695,5.991896944629581,6.485798894375481,6.456375683078616,5.390069609926892,6.2248822944722395,4.316686778296406,8.076359083713736,5.459640888515034,5.853280812590489,5.438895867635605,6.183940055210887,5.94524744868294,6.559435855388744,6.476559474086537,6.545450572481075,5.339806680540384,4.931286156176764,6.554372518892542,3.62719032059901,7.136532958427954,6.9229461890595845,7.009208821242929,6.166650041647131,8.745987414453705,8.637284347080202,8.497728586379704,9.009774232994882,8.552670258150957,10.408164498091775,10.456163129408575,7.598093748541785,7.989457655525353,6.150457516346822,8.617677261770273,8.765229956800425,8.247121023282146,8.687112533789993,9.513889178936335,7.946148056676188,7.588442197814017,8.991128325634952,10.930695284204258,8.46425435196319
g225,8.371403096615996,10.731375999866584,9.640077390467798,9.485591770816882,8.385961571834555,9.528569571949735,7.901749879844184,9.68592594519863,9.035402551223523,10.213883901262982,7.610666416752532,11.182844373858277,9.229301771790755,8.540038459801707,9.371065062376225,8.857530505792862,9.075723138944895,9.186787771872053,10.822426041052584,10.148894396199369,5.587740557923357,5.855707811321884,5.277592257317762,7.540028494045714,4.983858502809046,6.784769875665729,6.044834921473873,3.8456277041190305,5.102765573149997,7.783298290844371,7.418805408011279,6.042554237652653,5.0911322182133505,4.14612583506174,6.214156359460723,6.2525466332252115,7.199568927205898,6.2491471144711275,6.110384684111937,6.778165687781235,5.704210918184929,5.897864860320951,6.443845730234979,6.632617089644188,5.378310510375344,5.898804630848577,5.856495042196286,5.398314644304161,5.254991873446375,6.653569535218276,6.076172141571306,6.725901177701571,3.8365333867325555,7.21988441318614,6.545567683924938,6.222692229988446,4.438130499179415,5.612984127925119,5.852126596842261,4.374743058394343
g226,6.897598708181455,4.5419068685167705,6.660443511124234,4.4779171427614095,5.121919445797193,4.518831223323631,6.3115666015290195,5.9487770528564035,6.4973760631764454,5.350433075034175,4.399313547178325,6.316197084708056,5.740326586042636,4.974282108414368,5.169243281961564,6.717240240971558,5.459133406287435,6.235387711470515,5.901175617296319,6.756184746422855,5.732906837956998,5.667317292251116,6.6952782597516,5.192656138566321,6.363914186220079,5.8735150420376225,5.225410967875896,6.11394103544709,4.554494606112819,7.187334672640134,6.209874328689427,5.019259166306849,6.818990246399585,7.069551319544328,7.765415577356281,8.388073113275924,5.180903709369508,5.710095918648011,6.2813738623476265,6.410271479937998,5.927440183502113,8.070155532814931,6.318258341289059,6.586856731146209,5.515916875436063,5.099449358755103,5.635029764800021,6.630064654614498,5.123433670368085,4.768732943460742,5.525704618847443,4.397766182422635,7.471488206556005,6.070144927584902,6.545996348764751,4.792114471368965,7.034193187355087,6.306926377889924,6.700017616950864,5.622322628639507
g227,5.7025437529230185,6.762981016858063,5.606407528452988,4.980768885296131,6.2461977744288095,6.177673652983802,5.624108861953325,5.9164461589538835,7.910781609415125,7.816041566794897,5.520276294355344,5.671016705846147,5.739212765274319,6.53442515929149,7.246942667535195,6.7243330524521,4.907125680958158,5.644115021484152,6.212553155072634,4.802852834702513,5.40504712045037,6.98874592350376,6.6380762526350106,5.183890225539044,5.673414145161555,6.23468769242277,6.500311661999923,6.630593476359234,5.4871890408240045,7.296526749458449,3.0516424425628164,6.211493459809118,4.9780982077075295,5.895060856279638,5.410281682265227,4.897482567068456,5.033232109344715,6.107464659586196,6.250393713376699,5.74094560690766,6.362710706720811,6.148463168442487,5.620469570973435,5.70157057872488,6.239417117648918,5.648429715360606,7.538240764267119,6.91082442420328,5.769353555875084,6.2498410170156085,5.234953099868914,6.939775232048884,6.188470565114997,6.569949402478977,5.189381726867923,7.75476752402536,3.959577295474162,5.78084736383408,5.752014023133459,6.504125956766081
g228,10.226126949562017,8.432146612499096,8.681302066981424,7.465322506848635,10.756980642675787,9.265462122984928,8.495154992503547,9.320747191707204,9.59714248412357,8.754309180729253,9.191085450713588,10.64022062066391,10.132385144944482,9.77529186601768,9.10961992575265,10.200365935003799,8.914760834179358,10.224667537762084,8.260856852461785,8.712819659023978,5.994524158605719,6.066854667960581,5.5934558814261415,6.408537767598186,6.935893089687197,7.244998287276568,7.853378376981709,6.696433683862437,4.284145690961523,5.730982471015327,7.113180266922966,6.7762931105817525,6.183033346922615,5.735802927314094,7.674969632152437,5.681134728718556,7.381545866442183,4.187707023316444,6.75054615743007,4.90727667015768,3.291785826428311,5.048835952634416,5.188646011334974,3.5315592662059156,5.8418846682378724,5.87671596436061,5.73487681190008,6.531421065607226,6.088701753547004,4.416213609590848,6.114497669490861,5.077551279240462,6.811265578601567,6.919194795216602,7.027093785561275,4.883356923935574,5.990857076278808,6.251587413056384,6.391016205825487,4.194764375712401
g229,6.148617366128854,5.6416844332355724,6.753851473673123,7.071640885808781,7.687454293126377,6.791154260872777,3.33467255467544,5.660383191432084,5.879742994794764,5.945540638283686,5.619404557023744,4.9319969020095416,4.858796667596618,6.0428487343539565,4.793369810527458,7.282012102046252,6.272447548370743,5.428826796436715,6.518462571416592,6.065480418799192,7.334891868237027,6.026839199472558,5.646036261803576,6.235975615665153,5.612794345803687,7.360189766620273,5.196121763309021,4.994538024699739,5.674991069643739,7.904789716185355,6.982816152143834,6.590610796909574,5.85674848787309,4.980798915788839,3.3271877032710457,8.664041571752508,6.870825284615691,6.779787171766648,9.028973106976213,6.746951848043599,6.428158447694795,8.30854984598489,6.951422924871902,5.818426596906509,4.5928450737653135,5.963433468043689,6.740983111721454,2.637889239287839,7.517510334854698,7.304167483845239,5.138072120206251,5.585784414077004,7.3119116134267,6.248173108578739,6.12071535259166,5.20389003657807,7.552629539321985,7.9773534677231375,7.222396022753428,5.4890185868889585
g230,5.104749734708215,5.31164762110019,5.036580795946214,4.619258708122824,4.919891445726284,5.257954022458521,6.179052875067793,5.389643332497198,6.5654867562011185,6.316301757726184,4.0173703342447356,6.20308386850032,7.137933354060445,4.488182912347787,5.536028722876917,5.669144243973672,5.644883697350232,6.8545697512427095,4.523303713460323,7.041242760756459,3.9882150752890038,3.443439834945906,6.433378866186025,3.8917248650046425,6.301348015907775,4.946593425242231,6.325626753956926,6.652396937605074,6.388115342683919,6.910035703990282,5.778984948420096,6.3479230960059585,7.893799740975955,5.003219845106334,5.992914754504619,5.680509203099827,4.905161999351524,5.833082067541705,4.892487234718497,4.944045409212963,5.065554340392377,6.684903550351593,7.348262635706966,7.0529926008259505,6.709489130264443,7.015128770976139,6.5586604240628565,6.392498584652383,5.745993204715362,7.439924888112805,5.636494644626935,4.9355458273149235,5.066012660388345,5.868410286110422,5.480744293092947,5.163565762497926,5.815575272119612,6.320980223716113,5.6873545357877155,7.163467562998259
g231,6.7333607611236435,6.804033592947261,6.39536782827571,5.288472353703451,6.814863146785563,6.341940391653763,5.270054862550987,6.8334699959093115,5.023384559353127,5.941800980822214,5.5150565711922725,7.984377176301072,5.875340906857332,4.103746260032954,5.039791008007203,5.508962026166555,7.401995753150127,5.147337560274658,5.905333607231031,5.280631732567584,6.078743392619932,4.395099404520457,5.389843209036913,6.676471514802623,5.382797466145818,6.426319062247415,5.7169784414903475,5.022780238763578,5.49660373587588,6.8969315663442545,3.301195261910143,7.82914130878097,8.303167287788376,5.662247995241511,6.090013619031765,5.883130772874098,5.920066105700512,7.671204070790858,5.35696229444008,6.246891893938177,6.648068680755651,4.439675212157244,6.439842560447148,6.968579640967111,4.902419899028378,4.923380423946451,5.732339141765616,8.376545295459952,4.8987264037756875,5.969342581057978,5.524982728310712,6.24214280012288,7.280824143627635,3.9246053910653282,4.77071740774428,6.021563913590339,5.723004461407162,5.8298050936275425,3.864505088600306,6.695391398718587
g232,6.769390999837552,4.852904494069662,7.002729319891463,6.200424750590017,7.725757084516558,5.724235790643067,4.675588267105892,6.318615822522662,6.0849447112789585,6.244241438926523,6.827360012440475,5.29439148542392,7.112386921211163,5.655600248077579,4.789542850525567,7.208636909935855,4.375903707314121,6.358516677574622,5.9727391200987405,6.055967492307593,4.6177805461817005,6.778282787311699,3.670894109242777,4.935150251083643,5.55123062116567,7.737268879178909,5.1545387335572235,7.0921120625889875,5.6390964660618605,7.007024126049853,4.670233761472197,5.31558423185463,5.705464292645857,7.522287675247188,4.719505588894254,5.279577295616223,6.137948954218848,4.5611618022639355,6.6967729468371555,7.432318691362745,5.586722408633233,6.540683416412179,6.384440928006972,6.368922323409337,5.4633353438863255,5.726345773842156,6.561377002753212,4.8992837225850865,5.203943563189825,6.273182572667393,5.800697849319248,4.863923847037821,5.505783602601662,5.78304230235175,7.01903354577247,4.207286396824194,5.992398012592507,4.833957920077141,5.961270864265606,5.097633687894911
g233,5.5280876248150586,5.745217187095033,5.579717067392241,7.5722916130587326,7.0813638834904635,5.9377155996515825,5.947057825199188,5.594110336441237,6.4347970049448495,5.856150563718246,6.333538897971973,6.113429208626472,5.354711039628232,7.426341017045385,6.66309085615744,7.781366150461667,6.653101185662182,3.9997527911500654,5.480940544898359,6.538217290484242,4.518359051792403,5.624807581871774,6.461658561080251,6.555527926369127,6.063455054364806,6.907852675777066,7.410316064357597,6.132669478225645,6.3308831791309395,5.11416429592749,5.470387576197313,5.531946464347778,5.833738712447648,6.06117903584713,6.1486521148916,6.7145367826157445,6.301742617539478,5.825846751262617,4.685628992519975,6.296464625104013,7.094443612640662,5.22155126709261,5.231492746152849,5.88980537830936,4.15304840401186,5.646282713682782,4.418165379165214,6.0604209621970595,5.404150916925042,5.355378490900014,6.57208368372648,7.525380945676729,6.6077056413809085,5.82744010055243,5.999642108305782,6.485750915844113,3.147356897741674,5.584146653812447,6.76310446570373,6.213261222633246
g234,4.781025157363875,6.42841462761562,5.627615947810573,4.668211634858147,4.652531661977764,5.696483099351298,6.537332692062026,7.046235113211309,7.589058635636339,5.845361079711548,5.277733852325534,6.8506997190114145,7.702264770794862,6.349788473366432,5.907249093669975,5.966761302649557,4.621661045695781,6.601553737639679,5.539974669797335,5.698581973106324,8.106398111899368,8.354144743604103,7.857708702188152,9.794257348015414,7.926276255005591,9.56586657172776,9.06367606630563,10.570334984188321,9.521211343027222,10.35927824173464,10.01726588842462,6.480707484732237,6.205975489766546,11.10163579489123,11.028938863568854,9.469608685471151,9.706133065667617,10.048674983366835,8.191905067087093,9.108717400820419,9.048049615958078,9.508222507912297,9.940472514713314,10.210021848701643,8.03802457093821,8.553473982972184,9.192351226277005,8.82940156702812,8.644761131146351,8.730956903197782,9.625990908127765,9.281680766961465,9.585503268409457,8.627601610478486,8.229143814821857,7.684757686416931,10.279034498656127,7.351394991914265,10.48304679101713,8.320691517466143
g235,6.487029128326342,7.658748655876278,5.096538296343864,6.498867191935788,6.149911550747667,7.328261427472102,6.523195538156754,7.256154212007925,6.228108430065536,6.612415007613521,6.684442139269715,5.208428156793531,7.2806939695066175,6.536528922327919,6.000103938925845,4.398058752385621,5.877884965425416,4.880074350546341,5.6438094307696085,7.843253758529629,5.014124729515123,5.378187505711041,4.679531211102452,7.367385867404945,5.9932936269619494,5.517948089909488,5.633223563747374,7.48285283636695,5.466735777899972,6.329060291308109,5.9894184797341,4.692733232610306,6.130555665226249,6.008940443888121,5.6837262317478014,5.574145615295229,8.491160052965167,7.250577036150694,6.628453799938119,5.728501303761624,7.486362616614404,7.257094798704204,5.318801208433671,5.7089516729967364,5.331818524205629,5.533172136339416,7.400121626004987,6.110156753952376,6.817469764802305,6.0529757917995015,5.038270564719032,5.3743542094095735,5.074697834268225,6.624717464426827,7.441957854458489,7.568949113391698,6.202953576871013,5.469976760141465,7.640279459248634,7.364287556549544
g236,5.627129186245866,4.603293444819821,5.096863342956484,5.06227117509574,5.627715634739901,7.464026313642546,5.141529722064465,6.004229311346896,6.517067019874148,5.5356936432832935,5.016773799979263,8.271809761096458,6.433057889448957,7.014441565005588,5.84782103877738,6.199863703356116,7.313239257757013,5.2260377042161865,5.288494014361248,5.862097817909986,3.2702953398486314,8.038743406908896,5.250192579385922,5.946667827298096,4.936146665093068,5.54951976215602,5.872012786551801,6.02138546630561,6.507193958213029,5.050179688776832,7.449473226678239,6.327648206710799,3.7190744011720605,2.960073808999161,7.5291799982634995,6.664290193165526,5.055404696301705,5.506210953011616,6.7320003048392465,6.028892192925806,4.783135985123353,6.655669518060001,7.65258593370112,5.002996714601576,5.509182436858568,7.143962414104828,5.26275746952464,6.301807757503979,7.701005170036995,6.093577086161808,5.690540748418105,5.90401356157419,7.736903708639423,6.411569793645269,6.872657668335099,5.299172668161699,6.789551341187927,5.125435334447318,4.741426916747265,4.191085118878893
g237,6.866151904347026,8.257880217755812,6.08986057708218,3.823782884307961,5.944551440970611,5.648029829275125,4.977499321995848,7.493987514934435,7.410787130152063,4.420168752128786,3.8434341764407796,5.623789843123091,6.739907749394347,6.258875528901845,6.275551692472257,5.416042692104849,7.5893365106196775,5.952678076122531,5.193567856877421,5.602256058210677,8.960174245047247,9.695882514799205,8.628049269423068,9.357791153678438,9.158472291255826,10.227777656156949,10.597836931889523,8.831841678588015,8.522645668596407,8.02809908657592,7.162788266431626,8.563849845381046,9.596507519783636,9.021690948438252,8.932256315369921,10.96778695881753,7.619059615553445,8.666706935238444,10.252643807279366,10.317357399403985,6.1432483582869075,6.228697450909556,6.0407387161627595,5.374883053149093,5.164704579101921,5.84557739508953,6.228235375185963,6.18103990842715,4.84899807740654,6.003436955820611,5.505209982737637,5.154335827443849,5.235784096196087,6.7506876662517445,4.599779419694687,6.726033035555039,5.831743221402153,4.7218817733739,5.115135354236764,7.647864828065019
g238,6.0004602298995415,4.63816570964735,5.819383877614761,6.028530578524997,4.966212490934078,5.339384643099555,5.4131954004400065,5.844641018143304,7.3051684477348475,6.103392238127102,7.4422005654259795,6.611291934387821,5.228939188278553,7.07291499041332,6.16349002885296,3.116044656882015,3.662322772672312,7.354980042826465,5.55214526336891,5.492011894269705,6.75084885360041,6.761919602724975,5.878913558184895,6.841168977893265,5.267498537184668,5.492833703781449,5.117742075065749,6.697410846941989,6.720332751905941,5.090940902327502,6.310930051037697,3.4510556854436953,4.616084401092466,4.813923513886418,6.234095267272548,6.162990317706626,6.701833752738056,6.929607007013763,5.864985388057345,7.314489160229069,5.586961775185642,5.043589469839056,7.658259935737018,6.7547783184413746,4.904963691909921,7.334234897910695,6.175947801779212,6.42847535779327,5.4619820200231795,5.441949011973666,6.925530257156457,6.255545239980391,4.840953709103785,6.344476929977165,6.657145962025183,5.888611369455491,4.896892932110596,6.7040009217895005,5.881286415508548,3.5182586304336323
g239,4.4211873523076815,6.7414233911327885,6.374354616522533,6.444172651618339,5.498597734951563,5.200082233673466,8.383021381250549,5.151140476597106,6.615369661171257,7.419347839454004,4.882256268215219,4.912161149479682,4.931411173686749,7.422504552288209,4.0997235694481295,3.804343630243806,6.218473369392158,6.313398042625146,5.008062787180254,5.830989859746011,5.688526458004119,6.43339943201512,7.316955339484486,7.606896895243659,5.690289821768338,6.025703374976952,9.208728945280969,5.945702620675985,5.291617897849592,5.94732648061175,5.374585128264277,3.7773698671321743,5.2596565012214125,6.9044102650834285,5.548061585697322,4.376138194745261,6.483048606647065,7.094847713713923,5.282209797688489,5.379537395107675,8.068384483826186,6.497916399012408,5.628346878906077,7.961089576575857,5.020254504927771,7.899426023697358,6.498357018819685,6.1681808895492285,6.636369638993026,7.459563727848999,6.648037170112351,4.921591480374305,4.432978077428231,5.345351529830361,8.291615344157373,4.341104409694408,5.74656838397537,5.583652674016288,5.874638655370483,5.656050971401254
g240,5.915376435501707,6.560327354796448,4.723994889992882,4.836387023830512,6.2892485881298645,5.76158008556787,5.696601828291013,7.158837527678733,6.962016285693312,5.980235314899994,5.440806903362854,6.509402727851534,5.68852245576935,6.565312221926795,6.124921569405478,6.326812594640433,6.7029355995699325,6.068976302764901,5.175564075393979,5.94080697172859,8.339494018894605,7.812876441479817,9.311798984550823,9.878142896022757,9.281520379936223,8.486346217353285,6.825503600638877,7.885402814772947,8.252083350094091,8.666792226497742,8.45003836384752,8.648282384508578,8.586363956674383,9.021475193752206,9.333295276665591,9.702050598183025,9.256068851415,8.180136197578156,7.620895389109181,8.629536511173866,5.9386857036798055,6.086951376456377,8.095866086830313,6.5561414533473465,6.6574122471454835,6.126758838869021,5.109095589119308,6.008134789939678,6.607420983188019,7.44431030785703,6.082701234847316,5.104227715812851,6.638909344074585,6.083927094186674,7.1489888541654105,6.631482176547179,5.330284144386965,5.440733365041496,5.3593009827198514,4.844470294920306
g241,4.52579083956837,5.610422700153943,4.134500200792984,5.497424189123969,7.124465076518869,5.677905496025314,5.788688515062985,7.011197078832995,6.598026721417245,6.04748784822228,6.876509243301566,6.467453192435281,3.7683562961371786,6.116796023810499,5.87414341922348,4.874754591279264,5.912866305394949,6.349991512361022,7.9331416264168775,3.9292857835645076,5.734665217620276,6.95195828404928,7.5139845474847595,4.555788869334243,4.062923180194121,6.0880687429765805,5.653860954686079,5.420620837224655,6.477411501336372,6.275680675351548,5.615438374086425,6.108069375437486,6.8731149892778705,3.505321057282603,6.329794155100363,6.017368339167046,5.486626350647342,5.006557720775964,5.118015017751537,5.127987095639656,4.817423007479496,5.254281338406283,3.8366575245103935,5.781590753785494,6.967923345587,6.459824668911221,4.5173202223980695,6.871732022663115,4.759619275713882,3.954852225743599,5.519147334511815,5.3779399549949485,5.434846772180593,6.185846017642559,6.298905774662533,5.652864554714602,6.719977142514942,5.438470060298548,5.844897944453455,6.438291268915288
g242,6.847381796977273,4.871529344058599,6.466620227262445,5.598729161129967,4.804299168091907,4.923132190309081,6.905976539582648,6.36761188658663,5.556527526100524,5.906910740909545,4.147781211184823,6.490912664036814,5.6196804896104915,6.427167586125524,7.940058579843099,6.8245298009825515,6.189979578240782,6.4634990778429575,6.3353410262859855,6.503898397526418,5.947425193761424,6.975120654009377,5.230915538528208,5.650779884657823,4.14541919733721,7.256103340787779,6.691923123832334,7.94139663361536,7.3427747333247115,7.128906578473251,4.780010208854064,5.738358925529715,5.056118520282393,6.689735179217157,6.275777709843034,5.966851120628113,6.158615169223033,6.431152881187432,4.357219139340166,3.718314695181212,7.005044804359455,5.747836710879193,6.1745547508239165,6.611800848373896,6.758023245278199,4.444601307799001,4.620660377054015,5.246863928156384,5.379227642220336,6.108384372463204,6.765516185702099,6.3074598210450326,5.547009655676963,5.870958745673981,6.479095509287786,7.07042107993821,6.553161876988719,6.390942773877333,7.222389008131737,7.712486243443909
g243,4.931855896379281,6.4933329489308065,5.8750737461078755,5.351987657856295,5.574322837343192,6.238198177200908,5.039710954612341,4.9460531513722135,5.22770788150398,5.086128400305884,5.903933662802543,6.534414521696844,5.98352771860251,5.954506556031535,6.250587157174799,6.32676923245606,7.149327407685299,7.038674293367177,7.212705121293786,4.772090657554006,6.392586017747499,6.37140844946837,5.059928914496676,6.308620400362315,5.396978903349376,5.228688686562252,3.3486459232411225,6.590708159525123,6.365267937347352,6.135805864313825,7.247588041328745,6.52465205835002,6.5870577044757646,5.647244330038984,5.420213968538098,7.556636177846478,5.094544947871716,6.3104228490278675,6.30013321992455,5.669711061588761,7.04421294344629,4.569631057564473,4.03972436790289,4.035360801785426,5.168906617708684,5.746694976143004,5.782454109760959,6.386815788705726,5.958149952308769,5.692157897295889,5.781338410196745,7.039992592225498,7.179422825946524,3.9140151791325617,7.088388007784129,6.074793412796454,5.322602646351223,7.406335108012305,4.720001031116991,7.263943755014692
g244,4.8289905323012,6.685987724889559,6.437201711744648,5.706281893960848,6.127911946947631,4.5418827042404235,5.851943606270963,5.036559613996403,6.007754859113632,7.642451485313902,5.95911603411418,6.859499916214706,5.56884869225235,6.354501532709564,4.470407651841787,4.7706332913946286,4.185927486749931,7.397807357886194,6.338875913520047,4.892582858691167,6.4117608884414565,5.627788960713502,8.191904306284577,6.047714596158904,4.477889106818732,5.030394758683096,5.566939094067475,5.752953148647646,5.564415007230211,5.199857256409986,7.42715688141563,5.934554564089693,6.817333820409553,7.12376025561692,6.664352331665543,7.010347868207584,3.266682768480576,5.476482127256625,8.035694706457358,6.59030198205084,4.511940839823897,5.4830395525002515,6.615417051981786,5.59186613304924,6.494990579150232,6.239491812478254,7.5442836276014855,5.349578821120266,7.3344661546001735,3.5502645682964875,6.019447554150282,6.836281831793261,7.596616395275823,5.490347459755614,5.372613342981034,5.025966946429609,5.126747203809319,6.2741050012158475,6.097621341586925,8.157318339590963
g245,6.928886982981276,7.084958194990491,6.884333282164802,7.291777105101527,5.644528119582925,4.626958111596181,5.862542437066023,4.518715557440252,6.367168261509388,6.801823888607003,5.818078822660418,6.804906680472766,7.430840774527614,4.785730274359965,4.87469175087079,6.397760829359143,4.922587452592876,4.569690729960202,6.421313045139523,5.438507064290386,7.467733540908535,6.569671176816902,5.460644531856136,5.84781816576392,4.7177561439195586,5.237169397381643,5.825791402147141,4.280660797935617,4.122119446452711,5.827310583622569,5.968618067901452,5.939631182392335,5.152400951224111,3.9184123100611683,8.029796274175377,5.240274291050917,4.985513332600959,6.508723224138356,7.246007873146489,6.743203740859144,5.511077034435164,7.0042768585709885,5.329603173504493,5.977845333119374,6.32700504882858,5.681059602596555,6.266041869043861,5.558517522681399,4.704355158328593,5.188776379852824,6.4610519487271585,5.988645623468002,6.423432967706674,7.83963340343074,3.6678579817757893,6.523266235713837,5.644909981136889,6.069556894380814,5.749983711788546,7.3769105159826855
g246,6.246339798018073,7.791569565040621,6.498956429079022,6.0639781140951365,7.772035966827529,2.7022003347214247,5.297802886251282,6.084727136091136,5.894340667629726,5.509001999334734,5.864585721855076,5.536208054433382,3.918189479328062,5.265601199674999,7.21185473541336,5.291794934630625,5.374014285122632,5.000880531500928,4.924449897069543,4.590487005270377,4.961589735335488,7.357648702162981,4.982344961460938,5.523757393412071,5.2459543344380135,4.676278968585074,6.458634069289259,4.874525821699345,4.635175702457768,6.336461499607994,6.476553421018089,4.461190984546511,4.473134069272475,5.800030817762887,5.902594583229417,5.898776903249196,5.098301800575245,4.895820372876591,6.033844251520461,5.722834590323752,4.452803039829573,6.783765914232687,4.803488465071822,6.218180235033219,6.483375887811994,6.177266047174567,5.307496605054538,4.326462974101144,6.632734491884129,4.031572390136159,7.798276005699757,6.299627723635878,5.769121741217488,6.249549935928145,6.032317461887553,3.541661505954865,6.057726282880307,4.27250335267068,7.75053528288465,7.09902885728518
g247,4.729322259722448,5.843203269196218,8.414390685918708,6.82409969149349,6.5473158696255815,6.724126062895623,4.266769995460077,6.056041537815083,7.4000256971303084,5.800520838039554,5.4615440785464955,5.559703147744409,5.480734149797859,4.471015136275537,6.270598952018499,5.965503284827681,5.967497054332281,5.924377652910573,6.771365794380043,7.372310922434774,6.782405885540216,4.804576030839851,6.199081803410119,4.156916858057753,5.950841516756633,5.418662194365897,5.884421738909322,5.672514129779534,7.084971466157916,4.353654766037683,5.003275306878026,6.529796441506754,5.726313584907596,6.923124546622505,6.399796574003724,5.586107610844777,4.215838006452656,4.813616429672685,6.642160204238654,4.792592363382622,5.738132808283517,4.486787107295544,5.487865448748089,7.40593471844627,6.652316226811857,4.706575912006393,6.523820860332209,5.891400594962103,5.186531910604587,4.8709138749179814,6.44093307367446,5.508269612765008,5.338609617756845,6.281507207459082,6.19321412181898,6.34416038262616,6.390292525128865,6.3065819202887585,4.729273289085184,6.001556457509808
g248,5.561122143540864,8.464343145255764,4.954450084544634,4.9163430364590495,6.073838152498283,5.866494594444738,5.588481076877579,7.579708274988034,5.536511848102535,6.209231702246888,5.8029659357020185,6.035669861614024,5.625795311198352,5.828234570857578,6.095749623755588,6.637367101564684,6.080154184453271,6.34407241630479,8.689809188969281,6.437298451743471,7.7915740984511626,5.634903206195248,5.413430552055313,5.868116642637556,4.993504659968816,4.900036780318244,6.187538201708553,5.330864768650044,7.554833476708586,6.054958638328132,6.663725481957241,5.872078016918103,6.4587572291791675,7.123780967729404,6.379947239806091,5.405712261724159,4.522765707704064,6.288374979842937,6.552705024353188,5.526848978053785,4.538564625762518,5.603713057858444,3.3186417543006765,5.558251421059234,4.632970077585453,6.539098690111955,6.8594475235291235,4.335766313842912,5.945958136677141,3.636952178467161,5.898638135701519,7.38197302412283,6.932055680372372,7.285258230689893,5.077715863587964,5.016448444712018,6.133013743680375,6.240299906454596,5.197831757640797,7.091788011784439
g249,6.106757649527463,5.670921698195125,7.268938911975459,4.776999340101122,6.333878953001667,6.3293399222190505,4.695391358112317,5.825170353250076,6.337374099540355,6.292900602740142,7.165025084667468,5.3258899091922975,4.422676751565256,5.44939224622739,5.955798461799778,6.034914454315326,7.117963134098886,5.942813507106229,7.825748593261618,5.069072316916369,9.25838330253577,9.601310517118074,10.366689225032648,9.58591946300269,10.586025394643787,10.9840946530286,8.71553087681262,7.949678725863764,8.763061021352117,9.596832676259295,9.836158051823988,10.256529205077024,9.481561843294209,9.247768482071233,7.130236432358989,9.344736785545331,10.658997835374318,9.581537582162998,9.53508008418608,8.193757330067063,9.065698814710684,9.67327642649016,8.727233053311764,7.135776642432634,8.550906709598635,9.93407901395872,8.633078686844268,9.132503623566198,8.802315135319544,8.768432449915167,10.134250677898185,6.935029150090981,8.991655296087348,8.022798619788421,8.998966763263015,6.489071929770409,8.93475424872703,9.8926816513614,8.207724087124646,8.799519317709777
g250,5.804780288290395,6.506505678802105,5.093441985552236,7.936769595586247,6.406155748689003,5.099698276166571,7.187046162917108,7.001236053123227,6.319446470933259,6.266444094091351,5.770674556908383,5.510023681370486,5.941582016550742,4.681711312665293,5.449258697796188,5.265446733456026,6.438661762881925,4.298371554467362,4.612358192278397,8.584378105446595,6.839321621866456,6.74569998266567,5.256029824827328,6.357459773339091,6.784923477022331,5.374868069210193,7.655231146926875,6.513461243560526,5.500737357983416,7.225466267899937,4.539115696717154,5.071070712582794,5.577905450398413,7.162948615231762,6.534662066019844,7.119146245720975,5.474949305075504,4.670064104630813,7.6586707176454425,4.430801327405349,8.336346181359803,6.569907106456086,5.3798051432465215,5.60916439117113,6.977428900245269,6.75431233960152,3.9304385111676385,5.0874743967090685,5.555210047784339,6.864600105555373,6.2059108598435655,6.989617720430234,7.124673043158859,6.379980933260621,5.309577300874132,6.2382337018895155,5.27087947347519,6.480657981083786,5.73922206770198,5.010861184244032
g251,7.102656907256006,6.207002270226097,5.952429194018787,6.569872061816262,7.257092547773851,6.28802024454781,4.76045034825857,4.051574157226218,6.226713984196348,6.074041640672945,4.618978774155313,4.816159803837316,5.498847639057987,7.353034779404511,5.893871393430806,6.7991152718007655,5.392885207906613,7.585665947427457,5.96916960935014,3.9634891971314627,8.398242580648086,4.579410061796046,6.5278366104765135,7.253400266223735,6.28375249417486,7.768683640439401,4.68896307599502,6.37547400631519,5.819325511488468,6.823609649020233,5.13645218415244,5.6901070989213585,6.39805430440519,5.752310246318864,4.398597921894549,5.778532451806892,7.146314789013161,5.2834986480033646,6.351723419084562,5.550458735308539,6.967752128592546,6.346485783501337,6.463793410947572,7.251045222739063,6.332259072716612,4.636802360231919,6.216255379565538,5.069001343765102,6.456499605383907,5.2702741272562745,7.113447898763068,5.268759399442775,4.538732197971187,6.034998395115192,5.451002627474676,5.146340963774532,7.106315988891353,5.349679977754769,5.672388060575412,6.605741395392728
g252,10.096764397185236,9.324929615879,10.134675600753434,8.944364139464252,7.850900303347082,10.020845065128494,8.511220556998111,9.983758060602515,9.388236534585939,9.956978931290035,9.444822537819503,9.419879642085672,8.875995038523058,8.868718863707194,8.255828270610731,11.27050880412734,9.25316510185798,10.12322514781957,9.650165021205078,11.777163984912082,5.333244527867882,5.558905524488668,6.959704648369192,4.471853728394883,5.62607573917493,4.884753649282092,5.737156440390386,4.6387110321268565,6.952032011697486,5.759940398746368,6.7823607928103815,6.516828712934195,6.941666692056772,5.431429574615411,6.206156205175532,7.956923051970397,6.280276694681249,6.206109171401672,6.97242759486366,6.149711269709827,7.22852292669911,6.07264049939472,6.308340029940656,5.8332857193868595,5.918770447845602,7.1641185056454,5.813995538964252,6.800897934541785,6.211950990997812,5.8271456399344705,5.406579259828911,6.123308005541506,4.947042658300224,7.727549560447739,7.8709926982886405,4.7906425378543585,7.319127874467689,7.350686259219871,5.712877811944668,6.5591175838523315
g253,6.343804156531108,4.257098499437033,5.186051967205042,6.1244736842226075,5.081768712936865,7.975356892857046,6.0226450595563765,5.164983515438816,8.24684958061945,4.715464411172852,5.691840411093249,8.221705052549309,7.290820653079168,5.340020967850468,6.764232381028048,7.865450581648058,6.594710316102695,6.503869204280359,8.636473599477902,5.469631450590206,7.166526395220148,5.579534217809932,6.259864334259507,7.219001653435393,5.571380439914328,5.787531639096152,7.339406640319721,6.076970682816868,7.20646441264695,7.142570945757139,5.665475959943371,7.981696372861527,6.74253700441671,6.608559440514162,4.576751076006538,5.178259724814692,7.42658350532608,5.085030085431592,6.246857797615202,4.770131693457088,5.401664796290906,5.2659515722006836,7.177841339155301,5.6275943571305165,6.228585803100081,4.985568583223852,4.253442709382008,5.8721283724015985,6.887801520290375,5.987696330597815,5.89452589643953,6.31969415595858,7.6223055503982104,4.569114169609528,5.768520256820125,4.894641374620172,6.566430317708459,5.221116857578164,7.994817096757619,4.448349119113747
g254,6.243682123870984,6.0828733999258455,5.345389230641595,6.118751651173206,7.019923053823845,6.253376951936303,6.78351555848301,5.788071815828469,5.865461441100147,5.997335242834466,5.222808840695472,5.314693097005103,7.323975388242497,5.996466238771471,5.796712104599887,5.481640668377636,7.185260868650581,6.576547612259331,4.949378531777795,5.292640253459918,4.956167455412939,4.658693227788539,7.093438147891989,7.670819014046977,6.056189590649446,7.757353208451411,5.534782816001587,6.277757064663339,5.876724239858256,6.600519476342734,6.9350518127762655,6.525558338162719,5.260886178220113,4.662594842244591,7.912476629991351,6.515363024435086,6.040741601155849,7.7305961435139094,5.890846497449805,6.898383204198969,5.540330408169779,6.560005535488319,6.035346675738529,7.12260630585975,6.687799944030978,6.808194840025109,7.537880965156107,7.568129985067272,6.548256261289724,6.713968121883765,5.6617854599869215,4.485635506637989,6.306331364045452,5.5713490685665885,4.830903149431116,5.366794758158091,4.9371109194909195,5.050491849954942,4.827603749014813,7.538786913983127
g255,3.6422349642392415,5.878670511321274,5.249733963244774,7.162216326466056,5.951928657965096,7.322586811867224,4.271704679319721,7.376557004704349,5.885418506102818,4.939564966394192,5.090020280698943,6.274211827564789,5.389873690950041,5.864732293866209,6.756753885107294,6.699916716391769,6.7375601689055,6.234823644938266,6.112125820021566,6.623274277035991,7.608076179289714,5.268052527146998,6.109305951071519,6.101343931605204,4.124377851450286,7.790547771467755,4.924665085343817,4.677155894200752,5.796314215031144,6.560498377204019,5.278457266046341,4.415757160752074,6.040812011927776,7.412527503569037,4.324406759057991,8.10327851462801,6.890804195114742,5.869120591417179,5.929221129771718,4.301422660030183,6.061556550345653,6.0815572559730215,5.698184683792589,5.8365792524390745,6.625652271285185,4.522406871144563,4.79042082565769,5.844677221122863,6.160938951664538,6.647350750847207,7.745895575997634,6.806962462155109,5.541594820041287,4.402814515412089,5.656511365109305,6.949012460716159,4.535326003848943,5.094008658898385,6.285791971156136,5.722099239516044
g256,6.443336734800492,6.71173434717184,6.677708629530888,7.475558707925134,7.103814550332791,7.084113348065096,5.73719805338142,6.329917182053882,7.214677623157227,5.80940191783186,7.732071265486166,5.838787482788188,6.259578757116818,4.890317715049781,5.81468512809668,6.952914446136361,6.399545272287726,6.155655666441215,6.501778620579246,6.1860914159817355,5.744063509543509,5.847701870153632,5.596642750467166,7.120534869385487,5.473635965912746,5.150181010937056,6.004712635280935,6.536815174709387,6.018324798129595,5.200671971808046,8.658005989462326,5.870095088915212,5.562359275327719,7.394235169174238,4.796940607094056,4.124602100610817,6.331173277636251,7.747840343641631,8.29536955157775,6.144529876057464,8.732858538828282,7.845767468469183,9.063362598849587,10.055888060105303,9.109017055030893,7.775855754193007,8.00770221020453,8.237272613817927,8.35541342013089,8.269403269410791,8.916348592342686,9.700093369136663,8.72831767885977,8.309573534113365,9.443535899859139,10.531846673040313,8.09386325172996,7.958932896055988,8.329065344442752,7.401171592453328
g257,4.499436225416332,6.725765638460168,5.390752488310177,5.34979418416202,6.551454633439015,5.668652649241818,6.608462334330081,6.385967055886924,7.731329486065031,4.7220310367605185,5.550816401540297,5.876387829968568,7.539375863172823,6.047454148475973,5.3299386108200215,7.166054159581627,6.724570083717757,5.541316630858632,5.734855423445032,5.950580371497755,4.5829657336184875,5.670429153261021,6.407378933957055,5.151489968432208,4.779063409023827,6.958869284451263,4.117386537654693,5.880968468317215,7.179005891306616,6.446178083076194,7.2457272361122005,7.358554793364909,5.357417345489513,6.108523934992172,6.076487432441553,4.941859771885435,5.127858887812112,5.349393331888362,7.192910208980782,4.059916600117589,9.267237741919404,9.426173802271741,7.615032406071147,8.642270749567931,6.825774827042287,9.448653342588386,7.3508932922336685,8.647780891196797,9.47132937708434,9.630946530628439,8.773589728270103,9.372831011033849,9.820635694000213,10.139936319857448,8.86620100984122,9.595249418822297,8.59544508420444,8.48894449932832,8.05197561005653,8.76701014308706
g258,6.903223641720195,5.365236949985392,6.915213466491949,3.322104693009802,6.044675667396603,4.946740351476132,5.867265433404666,5.933949590540406,5.875190974171889,5.9380635998967355,6.484829061788686,5.231766497436458,8.05126259952507,5.7214077204499825,7.320588526047964,5.201082593286022,5.213645327424502,5.054795248702575,6.276429916985203,6.064935560760769,5.183618411092452,6.157923996065002,6.099730393729185,5.978696228647767,5.922904222897857,6.366119972529454,5.544311681186575,5.139362140043908,5.262190979402059,5.203001078557096,5.9423183215186555,6.022045389333488,8.201170242437286,7.14135528648202,7.123324881871963,7.14070556638603,7.257494082177767,6.346238420512821,7.062668453623283,6.525627320396381,5.7210972579529535,4.6456919407575485,5.580825660429971,5.165410972482839,6.03512269536359,3.9527128640419003,7.519574034952607,5.790556024716646,6.160169838084896,7.854920601359398,5.7478184383922555,5.7489989207493775,6.2990811742895145,5.447061488947537,6.6146784948629085,7.0219669204868165,5.004694743808591,6.480829824711397,4.9249793293763195,4.9686049590660515
g259,6.164586765238995,5.5706642387829,6.804390871027398,5.972021260263001,6.224775814411082,5.633606748171798,6.700400122087663,3.8038940677060715,7.054464468153263,5.846269238558765,6.938357887689854,8.28727244997213,5.455457573404193,4.645720217408074,6.625026404126898,6.515577509464427,5.401422976120759,5.625527014522024,7.259789751315429,6.143953789714344,9.623178066391526,9.906981491070413,11.01663512563692,9.304744758366915,8.48046027365186,10.206241946299759,8.71234570318189,8.116369674070395,9.162130500514404,8.382625101784205,8.692644327103457,9.984141446129145,8.134315390846453,9.2573641906111,7.68126845093402,8.445181628849914,7.752683538523209,9.014149522061265,8.248754652624713,9.136943522831405,6.420499266105877,5.3438157141055385,5.659134049736754,6.28095434751796,4.958868339834682,4.422889636980848,5.790307950334442,6.731807269571943,6.935400194526133,6.032631963510774,5.767506779759991,6.703797183424267,5.9194373731151915,6.202896110925124,6.525651308441985,6.521123057772327,5.798734000481172,5.126005269451425,8.391682446738999,7.921915018194657
g260,5.172894636494123,7.667211029511474,5.81828893112453,5.470549709864168,4.58225010831183,6.636317970606135,7.463668586044619,6.289063045448506,6.422432355863645,5.2885409091621245,6.482742139382888,5.258600473951005,5.947861647792063,5.249247119858466,7.348100187784855,5.188444576279017,7.875216671504564,6.653888968560275,6.190919961477026,5.798316554418452,3.7555354236123284,5.391047384619828,5.540963502897754,6.734599035878275,7.491674944682238,6.270578830909928,6.032674970918853,6.038460371185396,6.441499555226158,3.379364395282076,6.153173524526636,5.103349902443749,4.7345513655139655,5.201103281760325,6.385729316937934,5.352053470135365,6.483046488257909,5.432140367671417,8.15418669648529,4.937525117453114,6.551671447202702,6.024814245093614,7.452852296807513,5.946207085371351,6.966600564130078,6.541131419383079,6.235400599367294,6.075405330284831,4.670207101595582,4.63450516569435,6.028769406678311,5.5330204184542735,6.488288539231886,5.6665513247554475,5.748822765066088,6.240560696397527,5.346886023240386,7.097868634580388,6.798566272715173,5.188336016814839
g261,5.809861682226475,7.208299141135986,7.126183241801034,5.460201991429196,7.790510802461369,5.85325781557526,6.1381469514093165,5.978183550318613,6.186255697439871,6.435309592296311,5.35926100550946,5.448773085856155,6.606162874676517,6.964051535140698,6.90909234297816,5.254335336901399,7.660386308238065,6.439045287283286,5.4096614351153285,5.13700448370041,7.244746573907515,8.897868029599952,7.0316618207242225,5.303418070976887,5.980713789443168,5.342714656924285,3.9647002562304943,5.584917853259334,4.648270949338664,6.6874763946718865,5.858440546707495,6.309925806165773,6.510896887734427,5.964305676255086,6.878761427757745,5.402035789420399,5.357977455564363,5.700779291577041,6.088197610288097,7.112765991618648,7.307600689149123,5.354698216421131,5.195490224244343,5.367937839144501,6.8940921578864955,5.847789299963848,6.07044806428286,4.126267180812928,6.749458479166832,3.7712076019462417,4.636466680621587,4.628993422017966,5.849856587406966,4.3578902175820975,6.404640313376189,6.341631471319977,6.749131178049145,5.90173574255282,5.702679205520483,6.496134523986715
g262,7.732390125861798,8.975738266425829,9.206296470398577,9.037408254871373,9.260837134851844,8.643363575249088,8.912348013918425,7.801849899629584,9.90346380879776,8.423610504914896,8.597112367739678,8.742963150623163,8.342233762131915,9.948406651616502,11.530749074368137,8.90037791017292,9.165596124643937,12.032483745089557,8.389430968599603,8.304129984536658,7.315708157192674,5.728584666742229,4.56633123100135,5.989027386819273,4.705976083938822,6.005160497480476,6.415119289777297,5.856066844030408,4.755047075131874,5.892902248492524,5.622249181735269,4.827128004646973,7.196496491341048,5.619431613798708,3.5443420759381303,6.952687853574507,7.948557442669925,4.934482479939623,6.213153060448813,5.533192532184714,8.777434658444484,5.651436187404046,5.693569872622121,3.949689657311747,6.028300874589615,5.60272662230966,6.172997131017344,6.6092925261124105,5.3081837163338,6.178066224416323,8.41696483049282,6.10007915308229,6.591374206590279,4.846024488885667,5.330292657133954,4.15901781004446,4.411064182706971,5.347726950085153,6.998893982912961,5.93114130931868
g263,4.137675818114832,6.2191603957402,6.089007789236662,3.549827605989825,7.274389537225997,7.007475972005716,5.684756564246032,7.202583758519136,4.813808598859449,5.809557145681327,5.562714482308313,6.658480156476541,7.719837746834949,6.817069594323233,6.310248813126728,7.8756547167867454,4.890382237606501,6.199192518218985,7.42537254470551,4.556722110908589,8.759072896983904,8.903204513305623,10.725534702003783,7.727283940778484,9.22402395305036,8.35260211816347,9.712935791752189,10.870522224291566,9.761233349279546,8.424676567335007,7.925886490045636,8.301211230812065,11.928595378357032,6.748821812593249,9.271871990140097,10.522825259685641,9.03624148981588,7.9163053650866395,8.964424254961408,9.246673121155817,5.917218393064973,7.093053187911321,4.4113100545565835,4.225315735320202,5.437770914082177,5.940662250745209,6.055625143421342,7.147689348750113,6.008084152466415,3.402416310403474,5.322766230652752,3.5099538278256412,6.446893843558014,6.942485797571917,5.3846239581610025,6.135759547451235,6.658512030988279,6.8719129079875865,7.718806385970833,5.15643710978364
g264,9.102626985740695,8.416276040499811,10.338789416967424,9.800707628075852,8.100715747674283,9.340441567944307,10.50941967464937,8.237931170909036,10.751782915212411,8.863848325578948,11.572400378256816,11.52854340961325,8.777497615998428,9.295516870825942,8.510902481417912,9.356539498901093,8.183442066145037,8.341611177528826,9.475322738721626,10.101274702279566,6.64456691359901,4.219338614067656,3.9840991016352314,7.358539871185277,6.557200272655787,5.554468922638275,7.263689526495772,4.910599144205094,5.389816333481256,6.1052488825630356,6.485998520935334,7.483774533357182,5.370432305490916,6.287759977975091,8.275025416780908,7.295480145306102,5.845301210038644,5.8351443145406545,7.22115236370392,6.998734388350986,6.871094964726835,5.88880122222062,7.290298906075236,4.584528203569446,6.176921761914021,5.721629488469223,6.371638504720165,6.242102004698337,7.545660035363743,4.307346690464725,5.2268246695438005,7.954357005718734,6.083085004515418,5.960894102006752,4.8566570094426025,6.647854617125251,6.198147848488831,6.381517389539976,7.334544455612351,5.377938264949827
g265,5.383380166080114,4.872313022862355,5.674297035931389,6.139321661378175,6.364329043371901,5.639433036828928,7.421425654173987,5.624221050985531,3.495820331515643,6.376597967857453,6.27697897931396,5.926631749867166,6.517300771490794,4.227241817735779,4.637636462446901,4.180452377874884,7.170817346112243,5.938496502482854,4.728174778964593,6.593443452821561,5.3355995488453285,5.722496541053953,7.151794997752602,7.186264036363543,4.261097501988291,6.317097934523074,5.808962592522888,5.007768290927864,6.159283375088608,4.124043870817881,6.782990913594764,6.554279018894468,7.774433288006997,5.821997602916813,5.16027941516645,4.410207983399596,3.385996418456222,6.968122085480391,4.836759558599695,7.224559692710313,5.4241681032496905,3.782658494928266,4.648373901265809,5.545003110978557,5.2162211935914895,6.910887503058925,5.935218813863669,4.61044911615631,6.586071893189474,5.57362383018278,6.627461809121256,7.617621653282451,6.389329567743777,5.8535346299338595,6.504165080321593,7.186410196847358,6.913343612789366,6.843643236912853,3.5032170896046315,4.877499054012936
g266,6.824575047974901,6.2678066364714615,6.299179949817399,5.3962706759726045,7.72167173506024,6.395522848261392,7.279146555301419,4.121289312109408,6.139096098115929,4.768669405529575,6.83352791520766,7.0848727596937175,7.180539552128403,5.993318005233294,6.225551379941213,5.744119786134126,4.501665447221004,5.268678381643602,8.034350037832008,7.424496007021874,4.047026294355136,6.701474408346675,4.873571552519904,6.194122656486059,6.019576392287685,6.0994717873991195,4.747344723847736,4.246582652457867,6.9338807223388415,7.224471211362637,7.085253028052809,5.96415893510352,8.424403277247094,6.422097356340094,7.436775792437196,3.364548243718132,5.822877598121474,5.78814066071982,5.178690101232311,4.667330770346339,8.965632128590231,10.72442884067003,8.3786367806583,7.786970176718746,9.343591130798568,8.136715542683636,8.774781073644087,9.808270438108025,8.054226109941002,8.047434069465295,7.369163337238365,7.467781487119654,7.902956921905449,8.426057895127563,8.63046625627241,8.594208761635555,9.110121432951495,9.46294262950281,9.105103428230183,9.480451287340824
g267,5.70778947539439,5.492190254803928,4.447848131827187,5.436447409387576,6.8262969899727235,6.41521982040385,7.045440310090214,6.153990777199258,6.040323978058277,5.0124913922524605,6.294405186600326,6.06408482162711,4.816197314018145,6.238020721921324,7.104847569406883,5.917303199827209,7.313794988789897,5.569972577121129,5.290495260071424,6.474022427518589,5.149410861911131,5.994813687119951,5.396753764608929,5.338641489557676,6.407325269052272,4.840216686017016,5.47881357220714,5.1889977013734825,4.956957557971463,4.291946982245263,5.413029176623123,5.595416692580083,6.792564232443566,6.197471625674484,7.437932065121088,6.2615464998698895,4.732768896395837,7.204616818632608,6.255082223827069,5.536196667064309,6.473508464953492,5.119221677553535,6.282191325922484,7.237656965677438,6.9369516010671495,6.95693401304349,6.364893295302144,6.157871954601926,3.5618378280216896,4.429511344088642,6.332054238892693,5.599769079145988,5.993212963700081,4.841965593918014,6.578265570809215,5.947102240101944,5.330373299403791,8.666141615930686,6.288086733072032,5.089196607116017
g268,8.699848447888979,5.788532878357367,5.703634030112658,6.87403430344591,7.024925330929597,5.240054480801549,5.9590452342110485,5.400834119466522,5.519088332977783,5.577514516557009,5.900803079413138,5.778598003827527,6.325730646768668,4.168015360945025,6.640600457846222,6.666723652412101,5.458439972932601,5.4728077399727475,5.6868518557843215,4.983100875420554,6.006774643444867,7.901186212378526,8.212663068258877,6.770584763720359,6.598344549776089,3.733605783883961,5.659418278624584,5.786593361220151,7.019171598972793,4.422577358126316,7.145847902974574,7.75659039425663,6.336196537247701,5.647286369041017,5.997202065860661,6.483692385352139,7.009526211022626,5.914304265406646,5.356735841896547,6.13201893952431,5.393672655238455,6.428418484588379,4.368303084062131,6.152315650235662,7.739969722421513,6.632315207244623,6.108057576461701,5.047296997248447,5.1686767812638825,6.351039513354779,7.698066867626785,5.906652423325736,5.302197275149515,6.1775846205802765,5.7963426573085375,7.475155758858464,6.060554581757679,7.06398894092911,5.026285390727888,7.167670528551494
g269,5.019249821174487,4.808002050619276,7.021004589089065,5.230245602419344,5.530296870845584,6.505518777087925,6.759882454622094,5.7890681861603275,6.102161808889079,6.307364134241458,5.88936494757696,5.461693679391731,4.758537128328401,5.21062999522827,5.783947055864802,7.701120303349816,6.396893138312562,6.383714586707715,4.049699271700574,5.366118706735232,5.6655804424218585,7.572097852020887,4.321591953816672,6.4265754076261175,5.343483773279876,4.941470292155731,6.291876721072971,6.725900279783504,6.8752564817595125,5.282907284188885,4.63979987725123,9.234902582284178,5.826419513191197,5.913113114775979,6.114767612650709,6.182010177144821,7.491731763536114,5.3031424302708094,6.248694737050681,6.464402166284999,8.937733267524145,8.315838583372258,9.131484542810611,9.126544734312308,7.999979642562238,7.230621177027607,8.477756504455227,8.417103090003437,8.632371009644856,7.62426043052736,8.544744202009493,8.2352281070174,10.478993735764604,8.98609198685374,8.795461404148782,8.014193557511232,9.61119785497234,8.686249825935157,8.18573148611462,7.2824832141481375
g270,7.463190557825555,5.0462134271593975,6.790148983052298,5.676843515258249,6.870451216313746,5.291270552261507,7.981517727394996,5.214816304156937,6.049886590121974,6.104817258791889,5.020680822119135,6.256970556789305,6.022290893617949,7.457429605818994,5.808223225947875,4.389788310382794,7.3767077281202456,5.976694540793315,7.026554776233928,6.338099217424584,6.13922971355784,4.656578570726696,5.8407902471165105,6.018507155448752,6.2382243381270595,6.621504429818422,6.944366873280769,6.139093944073227,7.0408696714438435,4.9996970650603085,6.331642290909741,6.3959593309919685,6.5178548434873615,5.5560502049579465,7.056541010916024,6.36266149028543,5.351512736308527,4.955498071615771,6.802996515944803,4.931584495591579,8.078642775406738,5.127193116331843,5.7384073675402645,5.025773192435604,4.339219361190082,6.482499118509021,5.97681929027885,7.113245320215627,3.5485295885628783,6.980922908386732,6.633706479774363,6.065725358188858,6.540792638883232,5.6518516658858236,4.249258959480594,5.838106283250976,5.494778387945212,6.468695307929366,4.983320930591723,6.008373221042231
g271,6.675856983331483,6.294023016002492,3.93956107564605,6.420648871234156,5.841796831786538,5.843606574083874,5.662397938056489,5.656021473190329,7.5891637766959725,4.80279999699545,7.348653538354573,8.806008024183564,5.246659191173376,3.7405563467429586,7.53387349813641,5.490570689517785,4.8440626441302985,5.844772806579808,6.573729999334686,6.459790208333963,9.814773631601645,9.244260921165289,9.198965544609356,9.216987088575708,9.131988321389136,9.39530176502515,8.539083736092474,7.413579326114412,8.205500386895704,7.841096259747355,10.004996709190143,9.309401287563233,8.088075837983922,8.695351343478812,8.002518467360526,8.004702919025826,9.220327468300555,8.450958233487196,9.50140479197205,10.144601152870553,5.882705461752527,7.548165975958925,5.404394061998492,4.755235166345999,4.890955557451684,6.836232709062022,7.934264358231536,4.861166943354624,5.911034870720778,6.774904236879664,6.642866308685486,5.612471062872579,6.118662549341772,5.1029844696358,5.6110318421072165,6.2066448934755,5.390552942101631,6.106461935502948,4.95254404005048,5.130695603467661
g272,9.40174393158178,9.390363715280882,8.661622822719243,9.725771855005759,9.612174078495723,9.719695630744582,8.45145903634777,9.146553836274673,11.31729833670071,8.048512505203464,9.47352381159074,8.274900969951299,9.385418831188424,9.37263275648386,10.288685976905153,8.800416552379083,8.008762275724845,8.330613104059106,8.800283988745145,11.342695620368369,4.504172981804396,6.636741848722843,6.285465207756813,4.586190280860929,5.515841878384007,4.8183074332172104,6.586424749600237,6.477650566427847,6.044521146253615,5.225452288828924,6.608198505197346,5.295056284518211,6.488053533350927,4.7916046356053,7.023104781245665,5.316785246831557,7.086295085533934,3.6812299850635934,6.044611401867205,4.176919182378946,5.843077446683658,7.277812821441671,5.344030350890268,5.152803759265522,5.416381106698879,6.482238094044023,2.747792551892394,6.576676959950029,4.329333282725232,4.524872355445742,7.933349038615664,6.9768922512356815,5.359220121709602,5.740899634867569,7.509687021349784,6.591951484996989,6.970446497163754,5.406109656793544,5.666244310159511,7.559458707962577
g273,6.341539541659777,7.023122388630048,6.114576730722074,7.082144840552299,6.132275998361524,6.885332923758979,6.708213506506111,6.681950188435433,6.889194071993765,6.1589677112591765,6.427167302120174,7.097098623944676,6.22002108841906,6.151323942492639,5.543264296415383,5.8299627459019145,5.000461174640307,5.908960575851831,4.65641617525905,7.039451855717489,5.952399803796182,8.222315071901951,6.510574453886684,5.576571860320695,4.428588218066723,7.318178924680984,5.014003121076221,8.176481332332989,6.438119781220197,5.403007770821642,4.811621111187694,5.981990462377846,5.668499253174162,5.346877626465875,6.096163421845162,7.6998568717392475,5.970359875608552,5.620956909909694,6.3347177798396,5.020995990925925,5.621095230357033,4.037592675637111,5.442209575341644,6.093010063361708,8.383011438831703,6.2876747857315625,6.273242645193371,6.8922453719177685,6.103523750441906,7.1593771187239446,5.770007516667643,6.01973568055709,6.9038981773455,5.430351786101151,4.600799230887741,6.932483936557791,6.017509531831038,5.924007536966316,3.297710547384074,6.328791118627449
g274,7.190535532994199,5.66207647925758,3.773743731261272,5.6481139885557585,6.048683636052223,5.1034925270238345,5.859440326982427,6.115889859794441,4.26427341438948,6.255432689466868,6.804331483708649,4.207068077712631,6.237344123572902,5.15372602185672,7.8429270292339375,4.178103241194067,5.827444856775208,6.908132150561677,4.714848331488203,4.0574928570003355,7.363613454950465,6.306887590272004,4.918643695648584,6.618168451380205,6.771684457233915,4.6424320911559125,6.012658336093458,5.073723160751015,5.428690125133016,6.171518193590131,4.5605314580207805,5.636352468710576,7.7606514942451135,5.498885159368493,5.5451268392871995,4.114001373786394,6.148969099806706,5.834054117718816,10.011289616838802,7.159930048499426,9.690609770016543,8.65266246936035,9.265089343114498,9.14721252333073,10.698982067061529,8.18478379644915,9.65314643023343,9.131299240758963,8.242238482637955,9.077977014350342,8.24808517653171,9.751934434063418,8.633368686226465,9.276315936780815,7.796252556163089,7.340299627040268,8.515031457811338,8.968384556181052,8.508139312719425,7.349948905846807
g275,6.044628339409167,6.4855811132704275,4.069248965356624,5.333670985061297,6.16768467358434,6.404413768923891,5.7231878094128055,6.228007199364881,7.091001371016748,5.913239211854853,6.900501514203231,6.043769527143869,3.981229064779053,6.989370794465926,5.594548219135941,6.481813583449671,5.246041155405938,5.661867199625844,6.479625771194475,5.729837285447277,5.829282650825751,5.214018721935848,5.560284163831982,4.162232523993269,7.044052737021512,4.721603068414352,5.574248487575904,5.360767949543257,6.961632073605922,4.498939229305318,5.140177751972421,5.534230683218329,5.788629166607972,6.42839852569971,7.031786962374759,4.6807582411616995,7.000153769493808,7.094537197660954,6.188414433286409,7.201475398232876,4.860141177681372,6.237545032593078,5.737869081986198,6.4268196707187535,5.808737467666759,5.445459949278784,6.031397039251746,7.1663434545931715,5.391690341543746,5.360503968115542,4.936254397779589,5.681338723139309,5.6033874563968205,6.981052796619268,4.319804351116787,7.435513470386381,6.628520424207324,5.1901955355006315,5.227785134234064,6.726862294124715
g276,5.41918252305914,6.664032492035065,6.192881872690771,4.461956573117353,6.419779496176435,3.966930675258405,4.830429514796945,5.823173845651438,7.449071825562453,5.947770327281981,5.08614363977009,6.5532542264337135,5.06490479481686,5.172022346941573,6.023764756962274,4.788380167337211,5.125501186703994,5.896441249778103,5.9442259697115025,6.2378475541063025,10.495485831351916,9.376242554466584,10.184236728245207,8.081845377212892,10.187004354690506,10.415617571744963,8.18654200809286,8.412561636226771,9.21706245922607,7.542689056573666,9.927864333258766,9.168691295461823,8.686597311816678,9.389012582520492,8.465613723090518,7.822093453682054,8.000042255548527,8.953697509037378,9.997879149554338,9.411937902051145,6.253150513458605,6.472292900683665,5.741777310095581,6.5699424354473965,4.878261218336694,5.511334794399022,5.907990267691079,5.247034751972268,6.390888739791838,4.476293203182912,6.2984685672923515,5.461362132448213,6.799654010021025,8.3385477187792,6.142866776288952,6.670022614991221,7.528481889533644,6.093401497836321,5.302251266580802,4.696994447945133
g277,6.989619754998645,5.821198949847178,6.56216470187959,4.781350311271644,6.013297262014368,5.9426162867059125,7.459055262452378,6.7755136836712015,5.021874202119786,6.562776435510537,4.4208303375946665,4.169507265778794,7.092649342791624,5.7390449525336376,5.778924422775795,6.737162806790219,8.228063753934023,6.191024026012519,4.9137512775261,7.307438453505324,9.751781657987873,10.19803975611545,8.726930230337803,8.12877425580072,8.79719828827818,9.048086469552686,9.291065897102548,10.93943539639315,10.939296890180922,9.766109130657888,9.433920269482883,7.754901260142157,10.048277269888608,8.216199712305846,8.133485615732683,10.760779473821593,9.417481174298674,9.18746488079705,9.692726354199198,9.726342085703893,7.928963732770332,8.21853046500991,9.101368396584819,8.772561206953217,7.789062163942988,10.037735312490302,9.618729607496018,9.656769151722303,8.035466057285097,9.016453671402436,9.22914829386038,8.726273534299775,10.344746972143398,8.94433550084515,9.407733922087441,8.637795188047313,7.398566396706303,8.701502295798878,8.756028793666303,9.913265851726614
g278,6.81583581229966,5.467125688130516,6.296613908641599,5.0888572990747525,6.221164667846824,6.505490611168904,5.282926709609043,6.52543900496506,6.691530626156681,6.652667582928346,6.075027222558127,6.825348378098945,4.918867780565096,6.275267698407773,7.117817951393252,4.767820116776925,3.6631494465097703,5.562917491566759,5.886533907947958,5.179343447096773,5.287876473991525,5.702593036216935,4.458722067408587,6.891316545517074,6.902716180953887,4.835485733245482,5.957189456848805,6.979263089181338,7.416893299023927,5.600514693217493,6.26363612428364,6.577235316787733,6.313314958710469,4.7951483644509345,4.7519313827294996,6.373446304312916,7.208126411664827,4.5419647448457345,6.232001687686189,5.667423941432277,6.7789920921203946,5.878874006305345,6.442209740946764,6.00097457210442,4.440812725272151,7.3873383341568095,5.876809131909432,6.6101746427587385,5.673809178589165,5.222717114912217,5.316223351024977,6.588382506393776,4.755209734151849,5.964307836818362,5.378804502278055,6.018192683658203,3.860257028318914,7.728517614031999,5.394192799785938,5.927248772426539
g279,4.444136861085309,6.423068146646293,4.7250840477076235,6.071422951586457,4.410119492183766,6.737163231954722,5.98144889553062,6.761098069438236,5.611003001772565,4.442081041642966,5.769187778739402,6.154511308864378,5.845619087406475,6.33549213950733,5.271021455132555,6.106436518241208,6.35263915273178,5.009282557313037,6.467092567628972,6.728540175409482,4.5104134152599125,4.6331227347618205,6.428415320895493,7.0837404759012,5.484752381441747,6.950441294020252,5.3007990178540405,3.989935230374944,5.311324302504346,6.862114885874995,5.399073170750235,4.808680256675964,3.6913690511573614,7.317803726752832,5.888028341589126,6.501292744783249,7.6673415729692955,7.637759368516605,5.905355932876717,6.6152558225447535,8.923560513297105,8.959443501312768,9.693120525139168,8.388324837444252,8.38337385346795,7.808881568717747,8.270670430444675,10.818911079581909,10.43216136324331,7.538842254406603,7.188140922274558,7.100803022510039,9.726360262881485,8.688730922457452,9.702737189086784,8.51396863184463,9.038856830112017,8.505066805181539,8.652088906454924,8.83854405843232
g280,4.388605681170997,6.174761267975169,3.775028798496643,4.54700550578174,6.09652310761292,5.367285361471943,6.218065272865245,5.076219493263823,3.829406136786895,6.985584699710342,6.3524025046539885,8.050777404592786,5.139620630460363,6.03992643901288,6.773719376456272,5.472484422639652,6.231892307157304,4.843529861302702,7.463889224106771,6.557790009877337,5.021590858939035,6.295873990919075,5.875119571657208,7.459907924624728,4.986414421124594,5.225845692585895,6.591163321748546,5.314309202412209,4.495333071035654,6.111995317614864,6.8729276792604335,5.914359465407597,7.285723393777646,6.561104087960308,7.223151809234134,5.466784645878107,6.2691895665431865,4.776638856933352,6.210456969562556,6.559022294208893,6.232958634845998,5.82882816157645,5.8715102968860675,4.362766561742095,6.529667827961938,5.821424126055174,6.134241744127399,6.81889374833475,5.942370714839809,6.45134596886181,5.17660374918054,6.689531975089139,5.312888177140161,8.685487519445315,7.283147745149149,5.927424326164881,5.847666966752805,5.393433667862217,6.901662838964748,6.571968922744485
g281,6.360082667900727,6.993069250587299,6.156201556031997,5.705335639334608,7.4778853937448,5.477813684782943,6.495599468729619,5.394406009994033,6.659203220571449,6.17476797261712,5.764787254459351,5.740399136872154,5.711343245732348,5.320719879727652,5.79022464111426,5.83808276124601,6.436314570875503,5.99257043298159,4.157495168610421,4.707628122844822,7.063250416850231,3.699752168352871,5.796689253227051,7.825506567864161,5.528160382602547,7.572286089006606,5.580107124682736,5.1407724593741575,6.310645344177677,4.631920446314278,8.078223131704279,6.824013808544251,5.520818698245673,5.076088530659592,10.596522373929755,6.2780835677924145,7.066052036927473,8.020052213897035,7.439709543641474,6.242332678049779,6.52253749430563,5.067076741013858,5.569793623574725,6.0827452199166725,6.669664106950874,6.836715695486738,6.293750468082821,5.332887171211992,3.951544628238288,8.337669444246554,4.835759501894355,6.3859881688521165,5.774456049348031,5.247955842437522,5.992888621321526,3.640107428706856,5.169269695642662,6.915518901266429,5.70605242819679,6.604258274104909
g282,6.109609413719936,5.588403544544741,4.233741335467906,5.9069344832092865,5.0281528514643234,6.535681215166633,5.147929648429843,5.924948814789886,7.10752956340283,5.832218303512339,5.503830862578345,8.336500523084679,6.44057629272118,6.480053347078588,8.421431169030063,6.2914171889572685,5.755175126355188,4.345774870640858,6.328659087267076,6.244329502026967,7.008057121059648,7.6812859128633,5.720063055040207,5.297940401946105,6.3228063586185375,5.830189268174291,5.882432493137241,6.757493516624699,4.18480912781704,4.529948917788079,7.8010083040367215,4.5722059444384415,6.868048140713737,6.13890796513828,6.106684271027718,5.871771630375906,6.536546119686254,5.222209433790487,5.261862781907641,6.974726901713228,6.121091227310123,6.270235796256294,4.531595686909653,5.2914408539780675,5.6430165549321325,4.691551495676675,5.173711190694017,5.635205636636877,5.251746535618001,3.0395020889753375,6.456427710781428,6.868758531055914,6.234732080459398,4.239971969939935,6.398090746333848,7.115484241935803,6.727342704789674,5.694580989267883,6.432531859661095,5.5374710033873455
g283,5.195883179045865,4.962830503066855,5.722383991482626,5.712418373791255,7.997204400799424,6.429233734478354,5.66212024200899,6.635933353761825,7.16689009785204,4.6526527737987475,5.006282447888783,5.74375311544746,7.316158020342131,7.9790104384008655,6.019174091380457,5.260959065132447,4.086416044050553,5.987091720828676,5.691698353380186,5.455096062200735,9.815364175010314,8.087888689444956,9.819546434247826,7.889817749518796,10.180110140270328,7.923390565993651,8.5389412371558,8.2673145576897,10.007558526655156,9.533549163643684,11.042388292126764,8.307001405854939,8.632701056008159,8.191338732916757,9.97797744281225,10.528379967212697,9.654299423962629,9.42192743418233,9.156771473513619,8.892960346789721,5.856045333195376,7.997590099619357,6.117640913941415,5.538760743994703,5.490172608143221,5.7174380725834,4.580933388867712,6.311778657654583,5.883203578852101,5.777817324853468,6.4125607123260675,4.8578157040531,5.299709996620909,7.125389462206485,6.796566487864337,6.317879203373721,5.846797336079306,3.561317340144044,5.4811473226967795,4.776138191482307
g284,5.044094762137128,5.249382439483527,7.374583384277764,6.4296750903281605,6.5209111973416976,6.14361243623834,5.405392753020626,5.305781773020513,4.927899036359222,5.289761215893443,7.3961015156212575,4.84486538254609,5.15823408190964,4.074637899513844,6.504466865936235,5.15576260025128,7.040139181546362,3.303669535889007,6.569063709484896,5.453785689540546,5.394721261970514,5.01222922655559,5.4694004358362305,6.237379525375949,3.2039056587445,5.719914933769987,4.973694030009377,5.6084753593899315,7.089916135306159,6.6513385042905115,7.220112153198568,7.095512851712054,5.827983168012867,5.583347401246025,6.247936119073332,5.371108366925767,5.585217646864567,4.459069031276409,6.445330537364991,4.852727413502869,8.131575667345523,4.559592626702922,6.912358773330086,5.933555290934207,7.532778476042234,6.54737032335798,6.81792181196334,5.873582578079411,5.973421863534174,6.962813641153942,5.83774138934682,5.184398676243776,5.993045581347556,5.014190321307114,7.572090584340978,7.358114440783817,6.058797045871484,6.030480485070283,5.157164623947845,6.191142829646429
g285,6.066116870320307,5.607550629749763,5.510943825919219,4.792238725441363,5.833332180294185,6.455146094714085,5.080960341715968,7.498291185792658,6.842596309192174,6.491982172678114,5.667304111600777,6.81355918661718,6.840756467169981,6.561097292843692,4.1260173451753825,5.733201190836479,5.392334737818916,6.1994974956687425,5.914444390011514,5.677350988525302,6.39631077875537,6.319740627100204,6.718771560674094,4.450737905110624,4.011672120603271,5.021565739527621,5.340811831718236,6.346092716816104,6.762903718289243,5.886667797735357,7.336263956329159,6.226291143362695,6.306477650467126,7.174882565229265,7.262140314822207,5.486384196537551,6.1828521825869185,4.938341875816635,6.313153651647381,5.126153693502262,4.412797259136143,6.242945757199067,5.38755959192584,5.780092246368955,6.38039554242206,6.5966122816660135,6.983695469655807,5.589948395017757,7.777744745383675,7.192140202616042,5.494585130010138,6.444259174918694,6.212509998694489,6.239183026391871,5.819860315179702,5.191167294827045,6.512841336009262,5.895870444966758,7.237521085238502,6.065243810390251
g286,5.342008727946275,5.4290991528045724,6.491944353010956,7.27159103086972,7.4928397248470295,4.92897297266571,7.128819256147185,7.829631786754579,4.975669415405609,4.717066226044966,8.188242754367295,6.81365821333356,6.079261504990615,7.537551171739802,4.976379227920802,5.110594393149132,6.44956577110543,6.737956568247405,5.3848855120229935,6.169142790179979,6.2333433346598035,5.605648523047194,5.25808306140941,4.44043821078537,5.5735555919686455,5.926321215980202,5.829484492379725,4.988739887041144,5.9044889871881185,5.622502539290755,5.960749679692441,7.834021423643416,7.033820353525701,7.515173596481172,4.983541331601124,6.232886194297701,7.3052120757872,5.063841635849143,5.371862308344776,5.245649421854457,6.545721748347304,5.519993921923491,6.654318502032082,7.011679551335842,5.930977638091986,4.94434853152487,7.005699283060675,5.9762804193010295,7.2666532080778605,6.836107742582543,4.14099812460477,6.725428248473057,5.303319094055709,6.130572284566563,6.858441599089738,6.402298433924215,5.871300672373034,5.226304020844535,6.546949202357885,6.492842729884331
g287,4.837262437800058,4.66128456576735,5.015999580605845,6.641237819692065,4.8136076311290505,4.99780584361188,6.088698685751829,5.360684462443234,6.803893764783695,4.0238327097476265,5.359355316715767,6.264517133493358,6.765539919294962,6.675349293010102,6.880843986711878,5.991841472285568,5.502724923604314,6.935731024754537,6.61631526215327,6.4239716118941885,5.002311463706411,5.02843073440295,7.18546869971015,6.360604220356069,4.489447818687857,4.716050947781424,6.225755751876504,7.1769559416957165,7.593445126853524,6.57072046849156,5.588837430511713,8.789455481380937,7.164528640023081,5.829662548930774,7.3461373923315465,4.6373419357412,4.239194056087953,5.721177170019837,6.32667509518608,7.895480584837121,5.262677329470065,6.010645559027674,5.406243132430754,5.3949392531957825,7.433286837662916,8.446578131888767,7.517951484112212,5.563674099878436,4.988075329687085,5.636208818038244,5.944829108830713,5.048596993735648,3.726545340691837,6.8018146629141665,6.427303167464381,5.843829910028955,7.188877591864101,4.892918859543087,5.6287858549699425,7.227696454448931
g288,6.108855629732049,6.771353274650779,7.554954072262047,5.215494042837388,5.88682745288301,5.770458274639117,6.670511630109967,6.4253057967510765,6.398580020766809,6.430397331137178,6.674182868818786,5.268787094529145,6.004838487045245,5.822882764382344,4.749326000038524,4.912713493767178,5.8383473866008995,5.385626353234215,4.71447299272125,5.597450385307839,5.2952151663176465,5.409496300855242,6.4390721647147915,5.586678984326169,7.823917134623398,5.812361886083217,5.480207242071977,5.430756216210823,7.014540046862735,5.136790522890933,5.360861894273904,4.8823422802787695,5.479979534264876,7.296246887637249,7.213634836460162,5.6118936354135665,6.110176961306431,6.110374115106937,5.131815758856642,7.0672738308902705,5.933016797167496,6.080235305073818,4.817475582864418,4.772868135876654,5.531533799721399,6.718474620682287,5.271269432717632,7.302018362155962,5.310643061411935,8.107648657067266,8.536448503582543,5.227490182769161,6.217884147037837,5.743821338162951,7.764217833203645,5.952269240643643,4.20303112577833,7.695586800001475,5.199999919907867,5.825851068233681
g289,6.9285816152822095,7.9001283170670575,5.097955285038725,6.95653390614244,7.824160845322801,5.388826753041304,4.847287936838514,5.226874828793765,6.248502786946398,6.548484465187534,5.257204173458247,2.426117212937244,7.627579548369256,6.055775218886134,6.256382028805709,6.902763223346328,7.0862631764494255,5.460573946871332,6.975755007045062,6.9657977728689096,5.096520607647183,6.0038140728916405,4.936584284099176,5.720041336461486,8.419751734985198,6.336623769088087,5.273587050949439,4.699657748985374,5.18361155963085,5.863584227760687,4.644949336388947,6.057398966812109,7.841781492775226,5.474168164944286,4.856147084574703,5.127075341216353,7.070845698631775,5.463388210317806,3.9473883052253957,5.4526266509196235,5.240872904348262,5.080574252408207,5.917270014161398,4.363581893245939,6.294609732505301,6.408612793020666,4.752523021254945,5.641444188680672,5.334230350974954,5.7812710196061765,4.042574267997975,5.943554873707078,6.406527768178999,5.9697799534589135,5.248939727019742,5.6978058637240885,5.863692368539679,6.4436262229918695,6.137711846587662,7.058659210879511
g290,8.80081798645773,8.203099924901856,8.895219652324526,6.848240628056834,10.563176326824077,6.856394783319614,8.250483591459185,10.032201639693433,10.905455100251379,8.724724523776363,9.416786803699646,9.062190254594704,9.628670911469179,9.956228003749192,9.135415991033321,9.524334958662065,9.09984863809887,9.582858187814722,8.733571647284027,7.825199276858612,6.141145366028503,5.84294970630243,5.875436703501127,6.060465220123447,5.232509383087217,4.025369799079023,5.207561416450674,5.7174461341028024,7.552369319140927,8.936487327626466,5.678813290702441,5.228051962426813,5.667492297131908,5.9493207332576254,6.85658585014541,5.671379300202482,6.901312145669312,5.280233987371581,6.029500973546957,4.745016704768931,7.900287365426926,7.609982378859867,7.936929546544607,9.811708744242548,9.29925375944322,9.177615428826057,8.300063035895548,8.472859001596387,9.180578795690284,9.30765524857279,9.089335112339175,9.150894277643964,8.806612066447999,9.737582427587915,9.229111732488334,8.21837909781987,7.709155038150038,9.114976400264203,8.366416362294832,8.678473914780461
g291,10.187328341834252,9.48094218924384,9.035618274312762,10.139818200269119,9.758382679155604,8.492687029562811,8.06804732052897,10.14528766341714,8.638720205001988,8.77604052067533,9.60686548277194,8.824026928600892,9.4431696212676,9.659372565733285,8.34287255597124,8.432865075253357,9.721512671248224,10.437785286726523,9.82977288968783,7.137672098266498,5.583674530711344,5.561032053165084,4.768842096327043,5.828691832484432,6.5028638954484865,5.029539277076097,6.669471869305262,5.809208846862441,5.330729482993082,5.099046636118135,7.36060102143887,6.405413499549715,6.650384602282301,7.049228490773533,4.211992151718517,5.877869882962639,7.058108997265842,5.38919908347762,6.053170786961401,5.882228452697968,6.650815498609384,6.2159038130307325,5.547101719853522,6.623488700481386,7.644440104959771,6.165961192588094,6.70031436218378,6.421053908662862,6.695787150448079,5.715984304750414,6.07116842341914,7.891862721698574,6.179157249616791,5.31487305652319,7.641465492921071,5.41010741325833,6.619242119357854,7.001115340695176,6.738864394075076,6.680858362320359
g292,6.23686819468413,6.152510582344412,5.686650996304284,4.472584971525351,6.423075620237631,4.483018700378542,6.502045485913835,5.78016192779092,7.069711231042719,7.6296935751090516,6.443914474611192,6.518421935555805,5.10309701083975,4.944769779372088,4.365841061260867,5.957503137048274,4.210190610996876,6.567529372965255,5.270937970454231,5.172311171559026,6.163075974794935,6.472408780927828,6.089833181935977,5.797285173420432,4.826638081313129,5.0474453208127805,6.305566603201429,4.542021596422922,5.971386199923514,5.167845598134962,7.381354533761535,6.150530890817394,6.843600264539586,4.947869849466667,5.049592780996943,5.538670132625553,5.0929591790017055,4.10739820158393,6.045660235239726,7.31444800205134,6.549165202892841,5.088393773509713,4.183137000537147,6.282868622622923,4.668008264063316,5.756455597086888,4.817717781335358,6.549338468255218,5.99220775138874,6.0804689154293765,6.758079136048441,6.398446738022179,5.587890219509576,6.298559010220812,5.879047962814323,3.8764070966590656,6.225538831602727,4.011673556386997,6.008659139691721,3.5017943570565917
g293,8.50943311654226,5.5849423169906585,6.318425344526932,5.865594923148925,7.280056386704899,5.365159934358209,7.839694869489211,5.916339521127679,6.226144043934768,6.129237800228483,6.839524912895257,6.512677263590161,5.9583943410580975,6.947318097999918,6.176249665367176,5.796880183292259,5.4569726110711,4.797583235524755,3.9018909936929296,6.721921226463119,9.257402494646696,8.833190628173568,10.446592304016995,10.649931211338815,10.475457604641349,9.531575470595424,8.11860250202824,9.612510078914559,10.643453259882751,7.99149785312744,8.296675835521349,8.498702760877023,9.723834269110702,9.115327724300903,7.296168473492765,7.704208006554115,8.337956047931865,9.836291367673264,9.41908771759455,9.311081695104074,5.752647594206715,5.500891520846501,6.259349505037628,5.705875145974514,5.863160559688325,4.954218321163604,5.600871199146304,4.483028659539991,6.095515449180495,4.88915069421916,6.440184149324961,7.159658533413788,5.486701350003702,8.268574513016722,7.221350535748035,5.555670748415781,6.33922488693992,5.505213996207167,5.836267393968907,5.914709591521368
g294,5.194316025611761,6.5607536090438945,5.429891424640712,6.382183374899547,7.350485994981799,5.26975311490361,7.020747040187599,6.4932809777778155,5.72240509266321,5.793170415201718,8.55753229834156,6.904112674471755,4.853243964703525,5.774407611306591,6.858498989365043,6.238925005078758,4.100309233853563,6.787645820256996,8.206928316549778,5.053519580053932,4.887455899945312,4.323575436536019,7.00395285571038,5.8270074802952845,4.843058603450566,5.428543414278373,7.3243594937767575,5.131834619030682,7.845084488131678,4.466752372006523,6.269697168388206,5.791394544188989,5.40087265476312,6.664612489529237,6.172656893376132,5.683169389745315,5.323459750503818,5.238268560510832,6.464401746522807,5.377488691733905,6.446610034827019,5.2468009008895375,6.905364854204889,7.110140508085822,5.584504047729515,8.03216031632448,6.180219245093984,5.737763767428827,5.266545681588466,5.266528298113695,6.770231742844663,8.908240033961027,6.040242044008114,6.462346202524164,6.143158947428753,5.734804627639962,4.527088183715567,6.806517322657823,6.692664613136099,6.47558193080652
g295,5.164632884344627,5.654091116864801,7.843487744292224,5.413546932309565,5.445926600427866,5.879713046051058,5.497173408058652,7.935684141909309,3.6898126558497406,7.221536765407155,8.1547855989631,6.127163256523634,6.26988532835057,6.718323871390619,5.196317020487403,5.6516434404767,5.428046343527365,5.207094447124608,4.666715800928335,7.4602568480699825,6.211343223408995,7.017744522940951,4.472209595583667,7.8284601318557145,4.383720189792289,6.970764411003981,5.96513078509818,5.46319809030196,5.933749699682039,4.333897903198308,5.767343424216604,5.18351146421956,6.250454107531291,6.218909577491381,4.586604304894661,4.9142610299924385,5.3777958038191045,5.961411764193137,5.751797000940618,5.95472619141921,6.995654124609372,6.145617270001513,7.05133370889255,4.411630326427845,6.839478507356887,6.772807805820986,5.998140000405967,7.385555045880679,6.3846629420426595,5.105497923308445,5.290153937779933,5.566279364229709,5.2139144610672,6.204450413733409,4.869927880660677,7.5046121886242,5.3560416280116065,7.992328169374833,5.7560042997195175,6.142745688714225
g296,5.369094076454572,6.820326272787477,6.6750828812670955,6.25750260665812,6.932304539219316,7.350439414552981,4.322933018669784,7.0336285164401815,5.670878011178931,6.029635540978719,5.343572604100979,5.950325269598725,4.415017787775266,5.636805733391252,5.426019037633527,6.191808220001782,4.8317355942659095,7.702026230629757,5.759747134553163,6.799337380102473,6.496733184828558,5.995430960815038,5.724117926784947,4.686924517311706,6.948210815879248,6.536858133939955,5.512220181634156,6.591957054693915,4.914841391535654,7.501318025986782,7.039591786589783,6.437924769940377,6.008058487332846,7.152935071889686,5.531597573302249,5.365055763721684,6.863199138845404,6.4263764255013,6.1297692784048765,4.0782432812276115,7.561212378398197,4.471532978394536,5.051647100019752,6.494780649993773,6.822749141248792,6.327106111163065,4.989957220047462,6.21776909890875,6.518554041420618,6.6464515369954835,7.0067973364206235,5.005070961724175,5.396264751412436,5.85268913453792,6.333728651409233,6.61346602752177,5.045543000935127,5.759847803975848,4.816571575231796,5.371701409266088
g297,10.475905429739647,7.77894701112719,8.133505821646953,10.321568602987638,9.380868175884498,10.968464603149442,9.390585397321118,8.795895384549674,9.987910329876996,9.113506852872781,8.809142594328478,9.479320916855272,8.76108923725868,9.625024117206905,10.145811740382207,11.55954620667602,8.749826126530403,9.169681431287955,9.505694443771173,10.091960631891277,7.225293769263764,5.469255916646688,5.472212632665746,5.338827399153344,6.054138017094341,6.212505753150909,5.601219053041024,6.775332729884182,5.698976360174197,5.069635299729818,3.7638765754349266,4.817960154042526,5.786849155320075,6.5480002552560705,6.30633378168395,5.021545642976128,6.408802757811403,5.06976159977233,6.638401264084885,7.315563834475725,6.696355644517416,6.114926620282488,7.609494746327519,3.6461364876095166,7.983219823214031,5.419406969201269,7.563190013050002,3.561459679194083,5.596906506079468,4.888408237803393,5.956986158880523,3.3341910634474297,6.3307057614905435,5.622615562729263,4.816840849967793,5.035037354184708,7.733062739156758,6.187903825781382,4.764723101249071,4.019768893124944
g298,7.537936466550694,6.0090229477700055,7.70678278342112,6.02414670165976,5.755267084639743,4.831526377155706,5.3886192738226,5.4487800599718375,7.380436433215472,4.16225800242592,5.784819832628386,6.32493879490801,6.256671871212874,5.051096887704495,4.727934045382747,4.741195877172148,6.1335861785514245,7.863905885552777,6.731705689715292,4.340458068516734,5.1294118504512465,6.27647310685005,7.065317933182684,5.681228455703867,6.2788326913363255,5.851834686247475,5.524579574858581,5.111600039172127,7.11079947948601,7.701751422684371,6.78708252342353,6.079623540717097,6.916120170358901,4.952056007123692,5.1920926514836605,3.860990196181002,5.788796630751819,6.757769558629341,6.906313194241702,6.48420733352622,6.720854672681083,5.553543834501413,3.484945189463523,6.787983852373158,7.214537181858143,5.737333888581274,5.482913149268918,7.0181100300251105,6.375044654176779,6.6666810420127405,7.145627556496691,6.908661458385279,4.284423854656657,5.804444254155781,5.0624525990309115,6.90397350684579,5.916053256327258,4.64718600650839,8.254717322920037,6.0304640686222495
g299,5.596347265871036,6.89493010009894,4.612396047591112,5.88012835608401,6.275257538899003,6.886682418838299,6.782082220837268,6.244461683123507,6.271144083782555,5.2349718259763565,6.409776296035706,7.049227698992419,6.200980233331476,6.593200301555702,5.835591189666958,4.1921439956127795,6.00057708223799,7.150560514163918,6.224729762735509,6.55736650281553,5.5196684073905145,4.849950740383411,6.432279143259225,5.925690911815816,6.369506999200764,6.203008689929768,5.62649224073571,5.83649232998073,6.43623256502899,7.490003904718318,3.325422194922203,6.051577083687305,6.507901293691566,7.5911558920428375,5.375791574221946,7.21826377701986,6.866251188316629,6.383940451613956,5.704125923101438,6.862253281938486,5.20020762858019,4.523171064059794,6.246113046115532,5.88344703766053,5.834897748099663,7.192982409732807,6.3509680389382765,5.355042355435588,5.854987938767149,8.117528959886013,5.46009168009538,5.304446205489561,7.43679013856114,4.725608661328596,4.365233085615384,6.809618631700553,6.629467517947898,6.565667591804105,7.7088290637681425,5.304538803098919
