0.1449933898094797,0.12700347979094498,0.1427001647737941,0.10318015080988162,0.08799370302325002,0.12833414953949276,0.10193674268184591,0.14092894732980255,0.08263141420458762,0.08422971394103139,0.11340986139142985,0.125253483503487,0.08999437994933304,0.05143888482322641,0.1419686448560183,0.06170372730351643,0.12146574023091078,0.11535384793880916,0.09549191590770502,0.10022713329620528,0.1172734996351331,0.10657841405916858,0.15317278843711668,0.16819187448008166,0.13639855068899823,0.1477254603733057,0.19382011527782014,0.17682403605227362,0.20314481828637374,0.15993747689058385,0.15434918331184752,0.28644949586195634,0.25470376839065617,0.17724583257006657,0.12574650279643929,0.20623608631149049,0.23369960645055524,0.17567293831933828,0.16410799565896556,0.27526529893496676,0.1776262557853032,0.2171029513715001,0.20320653901476574,0.20664592802506748,0.1594545174270101,0.17876031507393775,0.18332754404718227,0.1887269266758526,0.14369688878436584,0.21038897519785144,0.1712617627569462,0.14613492276826895,0.13528567902142452,0.10961226668289675,0.12093447246105331,0.1322092115984704,0.13810463097247305,0.11986344464644366,0.08661801833617556,0.12401733425396888,0.10749017330884525,0.14285538380354432,0.10735114698928158,0.08781266324500438,0.0711166126354147,0.11879256614929481,0.14344058146771818,0.12595068249202876,0.05798987406828944,0.09664189807076405,0.12776238762355607,0.06339058020330395,0.1445818102587555,0.1581994316710194,0.1515310657236474,0.1382144259956968,0.15497456914830132,0.2050956181646109,0.16130112760338264,0.17615835837177332,0.2083902934721306,0.20980296984120045,0.1511293547743813,0.1750470917219539,0.19591102267054686,0.20352882707142933,0.20488035968660653,0.21763695199359337,0.17093628748724835,0.18906546902958968,0.19778006886120295,0.15370351053860865,0.2072615539077075,0.16324678369212378,0.19065752805877742,0.15960544898636647,0.1553837129704255,0.174610914246308,0.16461851294518312,0.1851672879909263
0.1359321470931807,0.12553311004307177,0.11253055557380433,0.06457023738430141,0.08928209623140029,0.11902136219563772,0.18791443705237598,0.12094346258552285,0.07920752564730704,0.09244752882858794,0.10834642610456222,0.07255862969385847,0.0868047099193123,0.13968103106175989,0.08130170166402098,0.13591663317409133,0.13739459784935307,0.06256167987713068,0.10129018877713955,0.10229255802889936,0.0931792147174805,0.09292219673122348,0.14182787122913842,0.14967978382117542,0.18556694441577504,0.2246150047879578,0.19824085478585088,0.15817688716603265,0.20487848368920944,0.1671004286929907,0.20891770024510678,0.21314756700409912,0.2199316643751028,0.1960193410574483,0.1759027390113548,0.23119224829210594,0.1669989428370124,0.23710966367128783,0.17779314918725792,0.19612048825739128,0.2092600167753928,0.1739057802513967,0.16358653022639807,0.20724831483700315,0.24266936269472988,0.23051932576343193,0.180378246015057,0.25761998097609384,0.18541605147350224,0.2188663199174033,0.16866898295994917,0.1810942023967828,0.1762822970496463,0.20695028778584929,0.14792734920824252,0.17145419198411843,0.17641509175234327,0.14016382267963481,0.17138202542073003,0.05078073609150012,0.11407443699725725,0.12707060756864577,0.08265778315237879,0.07900149688737573,0.11726078340677555,0.0807868309050374,0.09677848534385773,0.14905767401090342,0.09172818887419266,0.10131741557113089,0.10961559579692014,0.0844489310942073,0.10817132538417508,0.10264682179895558,0.18233781522000564,0.1330223893681086,0.17817680768542293,0.17063028175571657,0.20111898043768922,0.17633586185176517,0.1753335983580248,0.24765947873991012,0.2086301987312833,0.22070438438889442,0.18530677167866458,0.21051873650588057,0.27232657947140637,0.16449483882155952,0.2106143186391364,0.2241503311415042,0.24567400769962036,0.21662598743252082,0.2225302195461925,0.20997018599731485,0.24168349187350469,0.19300629001001327,0.18426946389109672,0.19785191810104277,0.15191421143341066,0.1407140163183264
0.13092535732339272,0.15119910312282617,0.15895244993885554,0.09491141240624133,0.10759499172226736,0.10535581134732715,0.1462109546093223,0.10430743573340147,0.11510120236293614,0.10485744743173334,0.08337429606359338,0.0701895077479295,0.044751775459872606,0.07762110645338875,0.11579993800844429,0.15837023092652955,0.07910145945880671,0.14779542086428896,0.1662681043030622,0.10280127180670046,0.10050522933354283,0.11253528065407929,0.15970816981672384,0.20898115404648582,0.14326506271075615,0.17594827817185038,0.18152735797839922,0.21061326512701667,0.18997083120202518,0.21788459526478454,0.16359587689526384,0.21567014196361572,0.2541151605820336,0.17895021997189642,0.20683751029550293,0.2379652359782818,0.22545883046668969,0.18402343091435552,0.25440246578888576,0.25606759787901706,0.25180399956031263,0.2700723857504852,0.23525868949693035,0.24600473681363577,0.16156861291345068,0.19374038636282517,0.22205021234488453,0.23114319165883118,0.14665553214058455,0.18234611528834518,0.15059198595982684,0.14453556979730567,0.1290818337249396,0.20838551453935641,0.12188843448599161,0.10576894798600113,0.17299492597027538,0.1624331644565193,0.13353899328457758,0.13405492728187776,0.06143760630841183,0.13692789388435253,0.07548242909312967,0.09659391757531016,0.1649558686916658,0.10703397655398508,0.11601285680013029,0.11388679532024357,0.13598512438156068,0.16385352930231534,0.0784209132093122,0.11583438510364169,0.1602650461172278,0.1262697044618858,0.1618283969721606,0.1424125125250676,0.14342732707588,0.1789744407581622,0.11867902844758708,0.19715336984813675,0.18396394111531253,0.22920283919949383,0.16111150985366027,0.17276573708378531,0.14684359609815795,0.23927372279295617,0.17337670930456026,0.25412285600987333,0.2277582111294207,0.23624338570645834,0.22405213518880668,0.19468253655128376,0.19927603919743264,0.20935152855885228,0.15949282802833314,0.1991248665512267,0.14865280010629586,0.22421891556293225,0.16059590622843015,0.1114530525186188
0.1305843041128704,0.16501598090559047,0.11422955985847469,0.12614636290012263,0.10704204139143922,0.14190282682062513,0.1263995185038981,0.11718068639375233,0.11453968032724775,0.06721079546550437,0.058015822595530696,0.07800918377933305,0.07382073510314947,0.12771908501293674,0.1172423268075371,0.15000885071995487,0.057149505971305276,0.13263201055057497,0.08514601577174816,0.149077400225114,0.15112699192581838,0.15875888023748583,0.17218570898419655,0.17156127581281672,0.16780011556096108,0.2088616957867458,0.12539457258628706,0.23066852815424288,0.22297306173479875,0.16841553685221278,0.17609547795570107,0.22859411946718763,0.211513825124135,0.18737876925935887,0.26186257989992845,0.22280696810893405,0.24892273683287214,0.1501867176153357,0.24582548049656383,0.21515214077077663,0.239534169130617,0.17666237492663353,0.21361019743508894,0.18742485668919093,0.21756034133088673,0.23739331165969155,0.20957294415588035,0.2396991620058853,0.18261845405208502,0.19469243266660474,0.17320765252103087,0.20124208530311474,0.18791513955921207,0.1336222001627456,0.15668722903975385,0.1883888195857687,0.1637270003617605,0.14252358414324565,0.10976693357304802,0.06674518823370204,0.10042048909281033,0.11966515259923019,0.1174477042110487,0.10979671267006556,0.12617979721786887,0.08844855847094918,0.0884292220109844,0.08006645074041477,0.10952282235638253,0.09825547318017502,0.08996482713287382,0.10963386171511486,0.14104535067956847,0.1863416441516382,0.1607806167655097,0.1600851088399193,0.16604974291147032,0.16031053438389756,0.11908161550263671,0.2143497115798056,0.20086012605601816,0.1455833453713004,0.22120503255422044,0.19486640482587692,0.16555629062997596,0.20803088867996997,0.21919907014540507,0.242779186178207,0.28009028102773015,0.22639801252511416,0.24578140870398887,0.23805883379061296,0.20367135466021843,0.19722217899415884,0.21534092258572532,0.2293358817863131,0.19114780933507527,0.17390346644037968,0.18037439095834842,0.1593612078055289
0.11726913684922391,0.15755881671897792,0.10805722479059182,0.1254894648872086,0.09008941303096109,0.10489605816008442,0.08258272353680307,0.052475083714707674,0.11037406732510573,0.11918390158249376,0.04022694936562075,0.12161865257517411,0.07808244766569182,0.08391422461480491,0.09097542032847089,0.09755736572917655,0.06959450728363654,0.11690128534053955,0.16489177824951506,0.13464216428824655,0.16020788870981315,0.17249804458356463,0.16920117258970696,0.1663862807332959,0.12253987094145055,0.15914047203055354,0.1681179105903611,0.2120272228970281,0.2328316013168186,0.217831107793966,0.1692759651228151,0.2067433614166266,0.24701088738810098,0.24431559523260735,0.25523761066885475,0.21626823390792055,0.1946877432502762,0.22668569813363382,0.2887525883192511,0.20411158995511952,0.24577797692992812,0.23932560252394788,0.25236602589693263,0.24397732059305374,0.23231181524759661,0.20662502013000866,0.3080241952789897,0.22458788209936098,0.16852805913406071,0.24878220019065744,0.20747876955928332,0.19650681087523061,0.19354031991719467,0.17977734974903745,0.19746030276913865,0.10240488987026505,0.13728667165614658,0.17770048734785393,0.16669486240372441,0.11494019641536865,0.038722535926248115,0.08514851214737656,0.09940802832864443,0.08963519316079749,0.10620571711790304,0.06710459149524843,0.14238136008920016,0.09727671770303375,0.10250385015651027,0.10675285406733281,0.11050642720881226,0.11402410821359125,0.13162128824880603,0.1603542977496141,0.1477703746778597,0.1517020026376971,0.215873686987408,0.15823252406252244,0.20130501675970094,0.1735959555325865,0.19234153754915842,0.18662896673776203,0.21063488611923875,0.17690300272536033,0.21847973924295963,0.2716858943730792,0.218802506175252,0.22976127176273475,0.22549718040062044,0.1971616057516771,0.21967247010662846,0.21561542234508202,0.1886673187740349,0.16942713067950313,0.204313746722494,0.19006280072313364,0.1941392413863408,0.1429079637051,0.14667239682911978,0.1390184898563603
0.1427699667543793,0.15815262750750747,0.08007952433838374,0.11646540968896625,0.1298585582642764,0.06444466381271419,0.10050680115454087,0.06452500023659699,0.08861566917950972,0.034301742020925285,0.07424274951188442,0.09547553459018651,0.06855492586033343,0.07076363483878077,0.06879867699209892,0.10324888488392686,0.10630837564414114,0.1471014957187887,0.13718872110855218,0.1302033842556459,0.13056662956953272,0.18280552597457944,0.15920177281074802,0.14062462887191723,0.16380561186341785,0.2658042275813498,0.2257008846398887,0.1430974243868447,0.21962051808144264,0.2511885404089729,0.1567356225162294,0.19181438854251928,0.18369722909803377,0.24065072386442632,0.21562396811900889,0.27049345080005627,0.28498801736004153,0.2748474361280824,0.23262706504940248,0.2692821987785969,0.2246363618426509,0.23823579922710195,0.21882197743661816,0.24356636338992682,0.23283391123593264,0.27845736522988523,0.2272749733132089,0.21270824734904192,0.2220329165850479,0.21358039141717694,0.20076010410226164,0.1905465820669569,0.22124344096247014,0.19600083769910356,0.17983220851092882,0.16077927297055064,0.21137626678338126,0.18920594620527567,0.15339530875976257,0.12062263494179803,0.1293468252174464,0.08549375791002593,0.07247413088628783,0.09682267539067793,0.12455216484461751,0.07840968989431267,0.09301367067704507,0.05922984873372722,0.1325013362908094,0.10160256270440228,0.10096304179993547,0.15717103532486282,0.1508737769296649,0.17819664884836464,0.11926554325793853,0.19098446262906357,0.12457713222640018,0.17381403003590654,0.27055373436601077,0.18388480785002942,0.19363284651077403,0.22193132692443013,0.23630872489460555,0.16077674871922448,0.2103933829208685,0.22858383277983818,0.1872359172694369,0.24676480734312442,0.21093385512471485,0.28189606065177913,0.2441058547243077,0.1925105183324059,0.20393513509089095,0.19359299926495135,0.19958963267073798,0.1621013193068661,0.2433455605331753,0.18200800234571357,0.15448508752280932,0.1637532020247365
0.14054251852730593,0.11264731717389129,0.08543126931849424,0.11205884617986703,0.07450667624170414,0.08501727321229055,0.11406169808320293,0.09150594809193204,0.06402330013420278,0.08148155591705349,0.05096096968822826,0.038103584775605076,0.09625710784256968,0.0875392991161113,0.11998639404052526,0.0843517009162339,0.14754090865553132,0.11402471450204717,0.14466032276972016,0.11870824948843693,0.16576080974258064,0.07536049077901005,0.14768631865530452,0.15462908020621607,0.21454673227075532,0.2140796766908026,0.1533308346186482,0.19269057993573172,0.1640075004644673,0.20715147717054747,0.18129691252276814,0.27199188783243117,0.2130053954560538,0.20941094532803262,0.27727387750132243,0.2608244118735611,0.18889708702140673,0.20414946177733176,0.24438085627018072,0.23583427669226303,0.21044716161433588,0.25065301290095665,0.26837069732313407,0.24335351971650482,0.24704063965526382,0.23763711489387654,0.2629941869308582,0.23390972421446676,0.21635123407714862,0.19054290784650443,0.22047428549411846,0.2576072624499263,0.2280761400686013,0.2116229560513393,0.14738010931164292,0.12365505377761496,0.19945962598075614,0.13765393634200365,0.1361716303940637,0.15336482552095718,0.14745152536452916,0.1023042095948323,0.10316303344256234,0.08426490517824739,0.14209015344504647,0.08214431161702472,0.12310256566714188,0.14166152465231474,0.09335160584700257,0.09371125044461256,0.11502156443509069,0.11936757630214283,0.09182475679281425,0.10653136768420192,0.1854081614201749,0.16650136902022136,0.13654228679329014,0.212806356466746,0.2069096152221192,0.22837562797882496,0.2548876692368736,0.22077664212557077,0.22122154351673384,0.18603922741631895,0.19789021578402444,0.17402957431599578,0.2164230771220078,0.20300190404043023,0.23659445843015955,0.2042756279424075,0.22856630231106476,0.2627270630118375,0.20860012101885292,0.17044649701672593,0.23524522522194632,0.26229027306641517,0.13387459800276677,0.20447726531009933,0.2289695306003926,0.19844089747686214
0.11524209512230589,0.1293954763442256,0.10368647587968143,0.08454930239848966,0.12591447924831137,0.07739106233404647,0.07408071879248303,0.08581909485800247,0.049283731657186414,0.10141706031393548,0.09086715577016799,0.09838890863419772,0.04398833598982067,0.1333943950561189,0.06055877716662913,0.09448787310470909,0.10325375498249513,0.1313760964322935,0.06551584829125498,0.07244368320215808,0.16194327596143535,0.11477703145587997,0.15390072247053135,0.14849208235176778,0.17068610187086086,0.2006634641227,0.20085258251201318,0.20552132881440396,0.20520567526790812,0.1947705007843576,0.15001295588664676,0.24993006685022168,0.22014514428396512,0.21947865016313456,0.2070034704574291,0.201224910676482,0.25407024235302317,0.2304770959014874,0.21801416584745803,0.3057825238141703,0.2691022443500548,0.24377629724265723,0.27498388402219703,0.24335791394265482,0.23838073497687823,0.26272834516293764,0.250863827193813,0.2542446101120565,0.2159613513610217,0.23995358169424305,0.23383411637202844,0.2026094779264603,0.21137706405883924,0.19493545000976548,0.1682743212532326,0.1389229469494139,0.1227056053068658,0.11641160654482817,0.1558504974715114,0.1467774021202569,0.1430476034641487,0.11173314633996605,0.08974468181721194,0.11044920171683957,0.05173386170684463,0.15738557521285926,0.03475868941593123,0.11563159595858191,0.10894412858525128,0.1371576702006062,0.10517726503764437,0.13542548769285404,0.15823182244185352,0.17069125625406084,0.1522479772711077,0.21455161389763863,0.2081501858667337,0.17970083267422937,0.20993676051419677,0.20706776492001527,0.23437689305917567,0.24527964270335012,0.24513896343639305,0.25762083902545363,0.22215625852410048,0.2457143790516843,0.23395097081940286,0.19336194182493022,0.2204663605929764,0.22911891093060396,0.26076775272706865,0.22646435915827562,0.19858552565568346,0.21914981365562503,0.21101694314922131,0.12423252730008003,0.20952764258883946,0.16599271843789107,0.24662578451861056,0.17507856559948234
0.14394147884478378,0.09749134351444375,0.1004621194263274,0.09591334390918581,0.13369932121376035,0.17049788007845038,0.08227338643162793,0.06803765376737565,0.036908121860207914,0.10975724133690769,0.07129687933516554,0.08077794543575074,0.09238759576278102,0.129580837194065,0.10478859929814012,0.1027570394027786,0.17429115355465197,0.13250949295862832,0.1606427217769919,0.11932806715187778,0.14564794178581808,0.16929776750750972,0.14173775381630352,0.19476217264917547,0.1795544957420643,0.1773616248308642,0.2012732955994879,0.21114573554282573,0.18152312836407505,0.22164036194280617,0.17592883914738716,0.24133368727620322,0.2472529572251073,0.22790519415126423,0.2163102705047814,0.2833197668135907,0.30018010702870407,0.30326966871624134,0.27055528215268176,0.28315928523535117,0.22549185094616017,0.2560412593978883,0.3122708678581577,0.2832503692371099,0.329183335023891,0.32539984942113953,0.28633959004491455,0.34078664413815896,0.2747560880633722,0.2689474974997609,0.2237861175415569,0.22638728436480218,0.25656824964411307,0.18491098924243252,0.20865564715104906,0.18313160505344186,0.16457140452251084,0.13206095251283326,0.15282811096861026,0.14024779464844694,0.12754468356150547,0.14694319977479417,0.12141296395279481,0.07709904289528258,0.10403367764639151,0.07088037573873648,0.14846151019916975,0.08951207491762701,0.12492307076172375,0.13527121445190773,0.10214325624698527,0.16306780348314018,0.1288755522777324,0.15201837405115276,0.12149234290275016,0.1719792880416641,0.1963241494911073,0.21091644259603662,0.1920283998245299,0.20599943573471818,0.2478529430233968,0.19012589723304757,0.2617592966172133,0.19938583809819307,0.21386230919386573,0.2428872269428223,0.20297024643818196,0.2070367826778408,0.23595959327486074,0.27720676288545365,0.22551769907265826,0.2113550973947886,0.21927927246851478,0.22118772508371856,0.2626296668242121,0.17344946983151366,0.1723022060088034,0.19398477239892303,0.14142984987128063,0.14325843101490426
0.11621777062600651,0.15918816226661958,0.11613350688671067,0.09765258766122695,0.10746506239530042,0.11281360137223925,0.07270646066111763,0.07856367359041729,0.08238846130537199,0.10521860358981551,0.04617197216901308,0.1202221116328617,0.11576059913020438,0.08949315413953794,0.1028088082379014,0.07895730846167462,0.07604929344922055,0.19552899691037146,0.14726133819072654,0.14436156054957347,0.13043212575470617,0.14388036915932417,0.19198819728209052,0.1690293860811453,0.19638198406412705,0.1770558602120381,0.1293796330354411,0.22731894003160405,0.23371533982149248,0.20545443792519544,0.2343506471306069,0.2075581143136581,0.20977946241308465,0.22973187690221358,0.2458014961064203,0.26951200950476073,0.2057395884974563,0.2303302077292878,0.29679619418311737,0.26365342882132564,0.2529990351727852,0.33993116560432396,0.2951772681881848,0.23378687122499492,0.3045697933263425,0.20842087971092865,0.3466256943765958,0.29101314728558014,0.2545835076949351,0.2920871722567308,0.28910716788633345,0.2635788322914421,0.27006351710149923,0.24970686856913854,0.26287531430152267,0.1907424043145314,0.24331834539104902,0.18038456918815898,0.12207645871904964,0.10115444196989498,0.08573842999985175,0.09043892703840387,0.15563096000495585,0.09658595127400535,0.11415898666449924,0.14691365998411296,0.07601177482484642,0.0907807946061059,0.180456856503264,0.11848612095233263,0.1471677730443949,0.11892499673523284,0.11310448037259319,0.1684544849483608,0.16527557933643836,0.2028273797792649,0.14628982704786378,0.133311971671083,0.1602055226464096,0.20648686336995709,0.20737392927569911,0.15520962491338142,0.24093347151354583,0.18557688462954722,0.20855131441493308,0.22397154711052783,0.21660570106470242,0.22960928284275783,0.2372487015488234,0.20689387700281195,0.24249750802250972,0.2247077452739568,0.24785751597207153,0.2429780099451113,0.257330350518095,0.23330427387389546,0.21037280586485976,0.14262101559743057,0.1626082757527852,0.14945104215508045
0.10083036509159458,0.1346561095176828,0.10456332312336948,0.0955452500489553,0.06752476860074508,0.035669831534765606,0.10354754237671185,0.13213977812241096,0.13965688949308597,0.11075756508244154,0.11220351793439934,0.10310716142252373,0.07913349390177522,0.14078403381234308,0.1740265443616908,0.15025401141716815,0.15978413548810097,0.10294057909390435,0.12726987860293423,0.14599446982091152,0.2006020000838369,0.1587289579068391,0.2210984876197145,0.18121568848170197,0.15544695459335026,0.19111911739190657,0.14918894116385883,0.22314041971059206,0.1961881609247934,0.20332960686956156,0.2242139054190996,0.21082534544472495,0.2371813091028606,0.22997911275869318,0.2113569208451588,0.2662101933081772,0.24274313887195534,0.20289804145102316,0.2667301856418629,0.21972793229138504,0.2967366370653654,0.3002104680579919,0.34173390483442273,0.26982884029856874,0.2726376505513923,0.33542750405823546,0.2837418177818979,0.3432168347656176,0.34485086436411544,0.2524249196290886,0.29542895374469,0.25640249366112855,0.27586726636285974,0.3116555380524188,0.2636074874730212,0.2038051135303211,0.2456579595326466,0.213956601997916,0.14404831714443952,0.15381111014539725,0.12547761750066844,0.1978886277298795,0.12341281173459658,0.09288301005663895,0.09325383134729029,0.0798305643250579,0.151399374048828,0.07032857292546334,0.12736163388564511,0.16465657534009823,0.14793364506943762,0.12749154515748556,0.1792136124983446,0.1536042125698259,0.15812995127962093,0.20362936749089078,0.20019517906658718,0.21098889760081915,0.22935686673710784,0.19997025153441014,0.22637795520572626,0.2053971962207411,0.27595207097278035,0.27460417423914785,0.2787403864778971,0.25685621687540283,0.24701872674647032,0.26544758829749365,0.2836028881443799,0.28948567150745214,0.23742589379012566,0.19063762782369076,0.2288951607027411,0.2388342617085565,0.2261628329973232,0.19868500893428864,0.23176140182585483,0.17139587029830686,0.21975625215170966,0.1875373784295394
0.19377773609876872,0.07586026277004619,0.11645268487556318,0.10045541825076429,0.10315736720620945,0.05892560939219212,0.07867753585027723,0.06886145390679095,0.11103813056892392,0.08694944020911385,0.055689251197158056,0.10157170260430978,0.13637859574103547,0.06846668915809065,0.13046605371157768,0.0950207884163575,0.1685799655329547,0.17685816452142575,0.13384548615340572,0.11785225554213534,0.1494118835253492,0.11209311933637761,0.1456962277849027,0.20728417618147799,0.18366280329178025,0.2272103944660819,0.2095800528380324,0.2231114292428167,0.2054483998730401,0.17134998543074137,0.254945405703084,0.2111615886885438,0.22186141331103987,0.22479287465917608,0.19166213028128168,0.26898936408401586,0.2980439208641828,0.26462235933509953,0.2832042428157688,0.31512893819787186,0.3082523236244342,0.3804291031811491,0.33786198096564607,0.3228354082756973,0.30793326785545916,0.3411290785075512,0.37146176323374136,0.3068798002491411,0.3477619715144746,0.282900724017484,0.2912869097679267,0.2842121067255574,0.29650788823051033,0.3096104198898671,0.22252732512811618,0.23558477698407795,0.23500959789092,0.16413408714216265,0.15213820443106557,0.17377654436673756,0.10195174069480759,0.1287453548609516,0.15030591311121946,0.08574826823741971,0.1254230967770534,0.08001620795158766,0.1378382254219549,0.10998417684773712,0.13367896826110243,0.13129874905043346,0.11422625028005573,0.17640099210721163,0.1569659521982204,0.16115331574002223,0.26355604696375756,0.22880565899946262,0.23205235698643817,0.18813845285589792,0.22448256420536458,0.20137388912133203,0.23422860411479826,0.1876630072489228,0.20608944901322782,0.2009223676499783,0.21859383299681018,0.22688357629496714,0.2505269580569365,0.1998367743094912,0.2832540398405333,0.2628981869636446,0.21822290315496032,0.20950847305053352,0.2238040673921081,0.22082346519879292,0.2373930313402576,0.24165171305685906,0.17817738025717797,0.17478504531885367,0.2082142835797734,0.1766320502928966
0.10409248301767966,0.07419604659016696,0.07641860308784976,0.08515213484580338,0.17367888885147062,0.13441840025097135,0.08859850322504319,0.07543008454694841,0.08858539105518497,0.08477848868243039,0.07381471033523873,0.09099967770259772,0.13005751985090563,0.13995095658273474,0.10017691342936264,0.064497515668798,0.10391130289068186,0.16824166513921368,0.14949604365321206,0.11435829615529121,0.1656881224287507,0.1993929311245369,0.19848537171050779,0.16681075062865966,0.11801393165565441,0.2299458182349506,0.23054897005929953,0.18129722476233978,0.22484501399469903,0.18908973931518244,0.2085355625109635,0.23478773535981898,0.26763389652749764,0.23847754087257794,0.23163020100385223,0.23822420484410045,0.27810318597541195,0.3080413323729783,0.26847688267637887,0.2960740664987598,0.26172144354414845,0.3244029429080439,0.264747014689841,0.3638606004092824,0.3475064781732418,0.28337966672880793,0.3446407919056708,0.30157701525868924,0.36539324272526275,0.35339923930558165,0.30672919872162757,0.3479572502727403,0.28707350839273715,0.2804448310368437,0.27582054678033097,0.22283167311131152,0.18107990483185013,0.2177190121968722,0.199254855158748,0.2589080154093734,0.18778102886261824,0.12315157221281083,0.12080345960709017,0.0891279168378246,0.12686391417295553,0.07170382475596217,0.12415150341298693,0.10981563657553642,0.09037540291289625,0.11973431016371758,0.14171617099669764,0.13787435403337206,0.1744508972096892,0.2040641976824016,0.1736753136672448,0.14270467818272942,0.2177322516827581,0.19428383145995595,0.27504618696106875,0.22349922455345606,0.28348254827527586,0.2664349289608503,0.2113533520471248,0.15532813836575796,0.22560558244057635,0.20894474754114645,0.23710828570559617,0.234574517081198,0.21087324290795367,0.24375054301505997,0.282883683691448,0.23264882026372613,0.22253689927107118,0.1901017999084861,0.20389024685693638,0.16095703785044882,0.1882829245713883,0.16507370252061643,0.15936881414948412,0.13153593831859692
0.09246137712933629,0.09498830253010668,0.10541314952869836,0.10514267516769316,0.0891325933779844,0.13131927097204707,0.1668557152867943,0.12002197447118912,0.09951322230808607,0.11620947604355095,0.07306977228496489,0.14747730170788048,0.14283379216973327,0.16594800731982348,0.14581603626547612,0.13447409814222586,0.16391060948446978,0.209963974225822,0.19770944378005223,0.2039526830728107,0.14389159087593098,0.20702175798118766,0.18696569416457232,0.23820012762525514,0.17699401608685914,0.1875813136818485,0.2418057051484067,0.21719119008271393,0.241665799829019,0.2839089792420974,0.24904306940642387,0.24172415904912803,0.250895719586509,0.23810243006649615,0.24163732165626708,0.2845718216707214,0.2801783425227886,0.2508289577406827,0.25499718113264797,0.3296831497672736,0.34856769498485496,0.3096925088091425,0.37881023807404474,0.3486632303010402,0.37595821966573223,0.3679049337329241,0.38962431615324483,0.3305565557962291,0.37805212563289253,0.36150277096212124,0.35458712481088944,0.3905577565569057,0.34552182972885537,0.31425679926545874,0.29421308898242526,0.27201149373225186,0.22511393194044033,0.3134457460910675,0.23235973986563835,0.20725071342861612,0.1915933669886699,0.1817939480296935,0.17448631540810508,0.14089410832181493,0.17319596413372612,0.05703474301404907,0.1485800822816915,0.16282038244429414,0.11779122864675348,0.20003551061954136,0.15322810117904667,0.16364569322082992,0.08470550224037426,0.16544025244446547,0.18241392433434458,0.17224386094323638,0.22120256772047855,0.21145450997691675,0.24355189290512858,0.20312752501653086,0.2833598658821325,0.23905627721893122,0.21226818368491213,0.2627161221355851,0.23939030400073388,0.23966513153085445,0.23312387800403303,0.2325473063685566,0.25408050130041165,0.29866715862647225,0.1916926411777183,0.25249351242501666,0.17884057842845086,0.20319170022853178,0.2345395969683225,0.1560692583243247,0.17231101323613013,0.20154499168651682,0.18941245886688104,0.12160627852164427
0.19166291604395316,0.1425832806677691,0.17274176199861566,0.15487887605965103,0.1222014879078203,0.09500599658139834,0.1051685253258269,0.0785420725296411,0.15098786631494981,0.1311928049165023,0.13180587126041918,0.15159630362692308,0.1929697461242452,0.16432770356866908,0.11585698030390172,0.10818025201470668,0.15716975925539378,0.12529962509215936,0.217687673367309,0.16481539662340638,0.20438473244006677,0.2142899039378281,0.1889110918173163,0.1962098580214805,0.24155448019155126,0.19722712771167908,0.232683105842434,0.22581108097553784,0.25759452224770646,0.2803331039908439,0.2502815587628004,0.2803065234637161,0.22783618233484565,0.26003971759534844,0.27916843286831977,0.2348076690465632,0.3140516495290241,0.2545024184172522,0.30849818447896293,0.2684241563559567,0.3129695531555311,0.3490778832823969,0.3575809425722166,0.3998252466301084,0.3963852187898608,0.3539518480625034,0.40247120186891705,0.3311505689567957,0.3990462100688941,0.3716191631947284,0.3342915191712047,0.4358502472912319,0.3635313069543139,0.34196796151663483,0.36181557473577325,0.2922090961241586,0.3078158789097504,0.2969427122740883,0.2610593662598437,0.18884745916615525,0.18962529010913035,0.1779181675265776,0.20346909183850206,0.13924452396604872,0.1626216129136132,0.11862130391795711,0.08968226585838576,0.195894127467105,0.19008836975791968,0.1811575019031356,0.16515273128241945,0.13700365754166913,0.16381304437371408,0.18943619105647103,0.19073232749566896,0.18739768126266387,0.24820613155898397,0.21795257280426333,0.2169915549855637,0.2556360115204143,0.24240956396054375,0.24446804728140747,0.2382094219868153,0.19116017390130743,0.2630655769793512,0.2750830387433003,0.23857249489967866,0.23265435856446956,0.2015599955485411,0.2242944338113834,0.22310350747282046,0.22148648306422328,0.1629313337062157,0.22967922498662058,0.20921578794698778,0.20886635987555965,0.22640586475304156,0.20816625197365254,0.1658281244251902,0.17595073310789516
0.12850136346863883,0.09622178829053768,0.05905512876255101,0.1537547278802472,0.06143352974888784,0.11970771988520675,0.1077312281941082,0.15063787794291653,0.19311196332794622,0.14109907301920863,0.18023440709986352,0.1350572540639813,0.1541522016555716,0.1348607423949907,0.1805683523281552,0.17232145709662444,0.1478894657756513,0.22788704696433812,0.1967218701222404,0.1772810656570089,0.2117232149688864,0.2315646558499821,0.22656617194707432,0.24869784711634757,0.21697351307287274,0.2299780567347351,0.18966447156866115,0.2231800706562857,0.21536720749540925,0.2667343898753022,0.2365755239038629,0.23642738486431467,0.2217663046458303,0.25176617537518603,0.22843193370447318,0.26736003115804247,0.30034675239958847,0.29912670708504385,0.338194924451931,0.3131980903834809,0.3348285053237216,0.3514094620275221,0.3313517457507288,0.3608643396512287,0.41453275935639433,0.40861699768892007,0.44562007795726566,0.4257452042265714,0.4489552578256408,0.4862917019464444,0.41547559513879817,0.4326349389310141,0.42264881673685645,0.37881337975472473,0.45113305433353734,0.38567689771878233,0.3616610089474309,0.26993377687828135,0.27468334080506007,0.2520520729988421,0.2556966777970005,0.196192111652033,0.22427820906180307,0.11419173725107278,0.14802594187731158,0.1739535407332522,0.11758755081072708,0.13377990453570845,0.18319787813437688,0.17073672440104695,0.18667203724865725,0.205952033769117,0.21772894362729245,0.25010232644652086,0.26225295390197373,0.22571984527372327,0.24799998141883653,0.26774231527833664,0.26523352218364954,0.223795977027346,0.21352323551219207,0.25461082393200696,0.3048605536520495,0.2015077590320122,0.2115930859306188,0.24839209270192517,0.22361170206347336,0.21814864991231253,0.30870858798875955,0.2346702488020348,0.22307076693344863,0.26779098959980974,0.14991079022708667,0.19965026998319818,0.21647811252511073,0.201100053317587,0.20251869300511363,0.2114496987892353,0.17691862506766995,0.18186795519038448
0.1332374852790967,0.15947227980575587,0.12958849996735278,0.14175151026445018,0.16635568084399005,0.0792530442807543,0.1463492243410607,0.11899350808191175,0.08819084024373501,0.14172467455313806,0.16858798397830785,0.1922551798692967,0.15417120230686535,0.17286393072162623,0.21304334518596935,0.19777034590416973,0.20442761869785844,0.18283652487389238,0.22169280627710114,0.22087100116964728,0.21383249926579484,0.2844638594405042,0.22504325504512218,0.20071380947709808,0.23455667019337206,0.22106437102456244,0.18744777483702782,0.2206381243151495,0.2625967189401533,0.2228188697987654,0.20115793210592223,0.23993185598277647,0.23689374912210964,0.2576635432617167,0.19567986521129907,0.2844319982205242,0.2387737255431932,0.24355773613613502,0.29196668781089724,0.32694092451894796,0.3248467305293405,0.3802247659519672,0.37942495686577016,0.4652261818064995,0.4053100735587959,0.4144232226627207,0.4561783989553524,0.45166506609189433,0.4576952644492597,0.48565921450510147,0.3906374891141368,0.45890293551514666,0.46955609520243274,0.42680181027807057,0.381576529349819,0.3815331824851788,0.34469805382051116,0.30347821704173195,0.25593202841857216,0.2460265335514343,0.18434703103004033,0.22056230754432166,0.2058124798329184,0.18923705776677036,0.21431171923204587,0.16575848440049532,0.10780503465843068,0.13516766302627423,0.17805124698698901,0.17832573767827753,0.11459353744232753,0.27502722330532964,0.1639980397549386,0.19425485686293975,0.2070366563983492,0.2674845245150429,0.23950881499425375,0.2608395471712153,0.2753488834994965,0.23715758352921704,0.25708869022535225,0.24615649566709663,0.23829716665159045,0.23558460492251995,0.2430749841781897,0.2551847876117745,0.24084481743868508,0.22855160284456066,0.2247641112490063,0.23867032708125022,0.26001961073752156,0.23498005306199068,0.16569969605365606,0.19183940070137462,0.18368108258609142,0.20319148410619225,0.18545064886120977,0.17328148988601408,0.1808724591599983,0.14196689652778507
0.1387828762803953,0.17652426228842644,0.11778065384159592,0.11074461299471731,0.13341886278286177,0.10687676452241303,0.1105777071341068,0.2443351130821397,0.16136963939831214,0.12636406754714785,0.17191550442388145,0.17363148734594278,0.1269410246719517,0.1967767121802939,0.17652650453359128,0.17245293816218382,0.20508538606167795,0.26074602141735115,0.21072186273477747,0.20818040957048384,0.2839473949455646,0.2513633342999385,0.2893493274589319,0.25576180434099166,0.2181303150062593,0.21981414763673265,0.21853994668608323,0.2305232208848652,0.23177652193426526,0.22573931509859343,0.21408039597366899,0.2834233064441546,0.23071559076408635,0.250403535730812,0.22932832644909532,0.30513519724026195,0.3148944875600207,0.29066721526830447,0.3870979505991199,0.3005481305755849,0.37731594763073223,0.3431032515077723,0.453035183292729,0.423938927271924,0.43411364299542865,0.4994966408380711,0.4600394711643598,0.4873502146876609,0.4500774604537158,0.5129260101375172,0.4518787229093983,0.47958448956743,0.4419534743686308,0.45880329447720586,0.4372040487573348,0.3978231956968378,0.3616475962768914,0.331840388702219,0.305400306313215,0.3165113226872754,0.24464745158164133,0.19336282819147957,0.1904193450685246,0.1626409439387409,0.2529229952477407,0.1847102308534376,0.15140318038037362,0.11451130041925457,0.13139004685953662,0.18130867426285324,0.16323529811907125,0.23066117270078887,0.30218635947705286,0.2433976171295486,0.28528919979931144,0.23258278576108102,0.20057873532675952,0.2781365060444349,0.2625278431983648,0.290726440070041,0.3009844714207733,0.31853913756940033,0.25217662499707927,0.28437755999465536,0.26904720686665684,0.23938257941126678,0.22894460609555176,0.22314025393288603,0.24908341597256803,0.19072348445172793,0.21369994116391777,0.18646410751970963,0.19667365499466313,0.16343338012975753,0.1551759718862253,0.13413581061783966,0.1632379556288832,0.20303261430954977,0.14128995875755426,0.12666685559016722
0.19930238926596267,0.12716543214046905,0.1395046067756807,0.18909273490135528,0.16863841269112437,0.11299843685252892,0.13477930851355063,0.14450315282638646,0.15209572305335964,0.16261390258380876,0.173975270043032,0.2571973500607286,0.15450948152550548,0.17654793959075585,0.22129650856598912,0.23496974102100424,0.20066284554320282,0.23155651851010944,0.2576214910278875,0.24055198258431326,0.2667635487320231,0.2828396723004676,0.3052162261466821,0.21419170169821533,0.20370853343790638,0.249317569000752,0.21067818253670342,0.22917476981248636,0.24043474730135397,0.24990694921965442,0.22203940935595762,0.21314123997496143,0.25203017818889445,0.24776361027113789,0.2571413821275152,0.261890147679862,0.28357125954059215,0.2838921931899117,0.31841708640603855,0.2890442475481527,0.3655268149674234,0.37102967547247523,0.45279891631737185,0.4591378490542538,0.5177532719148413,0.49460709508874673,0.49620559681407195,0.496564275518151,0.5395359012151452,0.5048986027762334,0.5625658503378906,0.5465859345371411,0.48770122685986605,0.4637712389037406,0.46048687254973125,0.39503188564468206,0.388903610072406,0.35363416367301986,0.37938558717752113,0.2763926403446934,0.30667227446508044,0.2920786964584189,0.22032718542366658,0.18985569692002996,0.16267733308138382,0.15707747960025423,0.1965058249538588,0.17560439569069466,0.1784996972868218,0.19179264360213827,0.2085170665398224,0.146797828659671,0.2566685829938572,0.2112516260551079,0.2948508978864208,0.24230477942355938,0.2250142462656266,0.27584792950009107,0.2517586596167753,0.29998380810138525,0.22780543482811907,0.2864705492618517,0.22574181283931027,0.25052709401199535,0.22051272729121252,0.3010099316786061,0.2604804980202564,0.2277682353873129,0.20604225513744548,0.2536445066907893,0.17269053430061068,0.22458579515719773,0.1547114874165954,0.18199575343715846,0.1765953495106043,0.15948440784836448,0.18463375550616717,0.13351280789239375,0.12972716150534375,0.12574286906645488
0.14278070463730708,0.1321217238741712,0.13436424259652358,0.16073216661973316,0.18432203138486522,0.1593161168788554,0.1717583080760669,0.15822342086699315,0.17047204489145387,0.21834953757152412,0.21775249552910894,0.19124120019162077,0.2056743640365835,0.23160270482340856,0.2454861179172131,0.22181609920306358,0.25818381699927156,0.25020158063388537,0.2924155314970857,0.25490494687894594,0.25713431703833123,0.25404431505155484,0.27807213994969904,0.25716082162991677,0.3092976783689887,0.25467215367623025,0.23015065128856063,0.19158379572943288,0.22447482203391728,0.2263589631075845,0.24964380818877793,0.23026013933952677,0.2301022343367188,0.3038864805360543,0.20159279334013136,0.2624325053956023,0.27742960582210896,0.30738047575568983,0.331937715120195,0.3855971266527303,0.34013124091088465,0.4085219826469302,0.3899276596456865,0.42391384065218135,0.43388374640304295,0.5642943501515577,0.5625200596272552,0.5076714249175012,0.5775912606260798,0.5572511726374717,0.5204325758907155,0.5208101816154524,0.548793540452613,0.5075546314230964,0.488256654440955,0.4977580859347041,0.46120021064079997,0.40286726577122567,0.34547965307906,0.2955334558369017,0.30840755271020986,0.25383801656586624,0.2786135446804568,0.25867368318923584,0.2280709820036851,0.18616733720552459,0.14587331773189247,0.17550797292490328,0.1956413713537998,0.21081218781103425,0.19500084129662462,0.22454937520949153,0.24133636656938603,0.3021155414878425,0.2702411677458708,0.2643910692365805,0.2526096923654509,0.2758241273821916,0.29186129789727455,0.2844405758301564,0.2632600648535906,0.2815859853576299,0.22116002935196596,0.2884456332441517,0.26075360611730347,0.25332551625955174,0.25039774110150903,0.2802579734567586,0.1943067803896916,0.16852504491951073,0.20538053250507504,0.19171094091803406,0.18394152164065503,0.17211008471214,0.19657325938072398,0.2156121441622024,0.23977677550089307,0.2069200958268047,0.1805227633711775,0.12505961973327945
0.1755342904359278,0.18224883275079382,0.1564472348999504,0.16013905376881754,0.1457275191570117,0.1277924205962537,0.1524639405110258,0.18907757315942939,0.12694403997178835,0.1993399734544875,0.19806329443267603,0.1611408516482538,0.21946407196143938,0.17854138772110506,0.2366199289890729,0.18995773190313764,0.2603649308293875,0.25168960950148833,0.26980212156940286,0.33604291843890916,0.3135959139569578,0.21003711546722278,0.2567388403522442,0.29570052150870463,0.24806622385404783,0.26019117017907306,0.25998081273792023,0.28937776179879204,0.19278843578266183,0.23401792888906117,0.23318160103561772,0.2044756241980211,0.2807435384989015,0.2721844987482106,0.22354340026338293,0.31365576973230586,0.267716033551326,0.25327750825049916,0.33872347402299574,0.3708324064401498,0.4083906533857512,0.4066762865171937,0.41921835503507315,0.5205767258403936,0.5065570017482112,0.544468409462141,0.5483361579323498,0.5721069828031572,0.6017564486126619,0.576743044043498,0.5329235442289485,0.547591466580245,0.494439283850963,0.5487836377884079,0.4962303552001314,0.5087008171827379,0.4921380954960689,0.3906266648334552,0.41801756693257214,0.389623962648722,0.2863789846794567,0.3117540183493529,0.2902841989428616,0.2559293899246175,0.2479125652378351,0.18291245746867357,0.15038875631565976,0.22276716316722225,0.30326800738279835,0.2385182543798545,0.22919667278703393,0.22561521187814393,0.26226479864193886,0.24151546434005017,0.2903450331375127,0.27506887846476424,0.2488668375472607,0.27466584488163326,0.29619640765894084,0.25701552863876953,0.3155858565245822,0.28255254818907005,0.255729487213235,0.24696588886067816,0.2868515782459576,0.31831735498785363,0.20251407015893488,0.20230472110076733,0.20933189858873785,0.1787543222809187,0.1716010686598762,0.2130039226651054,0.14445622420158155,0.1613970528669085,0.17216744144191237,0.18887392113058576,0.20015475722752532,0.13813307613164014,0.19854063745913214,0.13726141021324015
0.135904895537976,0.15383609917855284,0.16476432367138086,0.18610286251128502,0.17677413260286592,0.18606653232357426,0.15096984745023553,0.19855034343608102,0.21516479734766025,0.23158936053468387,0.27837417548110976,0.2499784578483378,0.20405671106773782,0.2461498200372006,0.23513552037738683,0.2212971856862517,0.2870938091550596,0.26086198778030906,0.2546976877368677,0.27073365229980173,0.27234921339471896,0.27561597847645164,0.24414111763417148,0.25356445720110554,0.2542066781895727,0.25297074906168326,0.25101209623451326,0.2498329422910786,0.22513413666643264,0.236003796284894,0.24577076611364473,0.2553661122694316,0.20164460896127734,0.21149737860100584,0.23487253794414456,0.242621668494356,0.23997101147578062,0.2696967560429143,0.23549572843973918,0.36148170510792327,0.3844648736584297,0.41162673277814116,0.42139068059468976,0.4979285482826428,0.5492792886177611,0.5741589731395237,0.5729137314336008,0.6159450660135277,0.6353401304477765,0.6384250482284155,0.6050648249575616,0.6411822119809725,0.6467932623699938,0.6264686899152325,0.5168257560145489,0.5384008036490945,0.576933288709761,0.45644808580011637,0.4235223911361662,0.40916747724393154,0.39145961826098646,0.33318821467642584,0.2976983194239845,0.28219734596161594,0.28193401498330883,0.27827433218188186,0.18331172132515233,0.18709571669999525,0.2534181210407779,0.25271946535183804,0.23070540506980658,0.25573824118131905,0.2652471934497433,0.2843969818689107,0.261173559309652,0.25262403816396173,0.31613149262174645,0.2919538879511771,0.31646745163687506,0.28987315257067475,0.2724310870311537,0.3381342383967301,0.29431886451138495,0.27194643661782075,0.20709254344174177,0.2711025347023934,0.2540601819957422,0.21146269574570675,0.21317287936079926,0.19895127569346796,0.17604392354076878,0.11547388818027766,0.1511054595000816,0.16123449733965134,0.16076598881883597,0.1561214514622679,0.19262694903149719,0.14758790487986712,0.13167414686400608,0.15662065613847845
0.15748899628784227,0.14699828621867278,0.15359708443459308,0.20393000011131585,0.15083026079708953,0.19898086327720688,0.22107014468158537,0.18451770302297085,0.21089423271143773,0.19395320064201851,0.17133637697967435,0.2014592258007593,0.23209197677809384,0.25583408269756075,0.2958205857951922,0.2968060960613991,0.3142716212333539,0.30515547793946307,0.281626123248918,0.26415489303629786,0.28248400669485435,0.3348784442503879,0.2870030980855668,0.34245073531804543,0.28694499541598323,0.24316231147352438,0.2544649391391916,0.26756571515286187,0.2553647515922638,0.2608553221672566,0.21278564734426023,0.22827653350202437,0.2398918158708998,0.1885984199343416,0.24054785690840275,0.2750524142591616,0.2441136687354101,0.3271189099366183,0.31454021194113335,0.3221781772297133,0.42607402022802976,0.48210405053271577,0.44715975259393764,0.5225066942885502,0.5406015744799056,0.529236914321411,0.6549893214301203,0.5859020854392222,0.6770906272326461,0.6199907483314877,0.6468355647820908,0.6599783170430997,0.6449498171805053,0.6627128926102371,0.5995100889693613,0.5590300539831181,0.5648825480855739,0.4641898064620697,0.456149754885347,0.4507950109407302,0.39385413791610013,0.39714065319665415,0.3093879551768086,0.30922263049158827,0.21612072498637258,0.3023337653879108,0.30262882579681766,0.285994404106847,0.2773859402128179,0.2669039833158448,0.2454293149537388,0.26798063698398594,0.23991396287023706,0.26997437633337057,0.287522573696704,0.3022326064670847,0.31251288748228934,0.3077248173433026,0.3332810805879936,0.2979488526143485,0.2986431973243965,0.27138175692918914,0.289251237971254,0.27985485334932486,0.25776140139019826,0.26882594175581837,0.2570993629357325,0.2576073038833229,0.21373399761418235,0.22983030754367037,0.17707896756967756,0.16715514295866668,0.20710563878279836,0.2106586342613557,0.130020419196377,0.19118031699935006,0.141936076922934,0.16268679149999188,0.16857383121077357,0.12855220731740824
0.1745836890671778,0.17161055552225526,0.18010730499707742,0.12873008888718132,0.21035715836652802,0.1761515825404397,0.16590759250525314,0.17794995341435735,0.2506045771379215,0.2247393284474162,0.19859804500698697,0.23933643939507973,0.2657332295493925,0.20583366475272014,0.3495986237359317,0.3171440103749956,0.2857673721409527,0.32930208974062253,0.2767778521187983,0.26699934382202223,0.336054538015235,0.32759193864270775,0.3321045648036934,0.2523889980706113,0.2991447157536715,0.25408954288807983,0.2897588466902914,0.21244407693097359,0.2768928811412662,0.22569804011583847,0.22406942897852605,0.24464809197387946,0.22553622627023884,0.23672476507209303,0.23276516802487174,0.27619553681706244,0.25176122134282025,0.3050569706152485,0.31478599383055833,0.36940329841604413,0.4239560625282518,0.45661806188206505,0.4745270393254816,0.5559612304204881,0.578161934039734,0.6386357078872407,0.5966929360300528,0.6754248604083292,0.706600839714357,0.692668330913729,0.7169751160505013,0.6739412117441909,0.7209865448836235,0.6551803545893982,0.6630297334188657,0.5821016541055122,0.6055497023861851,0.5476822179626594,0.486229548906077,0.4462913569124223,0.40624868653762275,0.39890491936523725,0.3709687707144732,0.3301701508807617,0.32572444657289024,0.31364266706407823,0.2622465326041148,0.33848718241699605,0.24650898699372797,0.2587795128516163,0.27748306993918825,0.23883829464763923,0.3282599701263923,0.236026946065737,0.2935736510032797,0.3295627802720553,0.3209351604147718,0.34526586248458574,0.32382939493538043,0.3209662534137921,0.24687299484372371,0.3662118272067786,0.22291265297391477,0.2940743610518311,0.23307954204176567,0.27492114020693903,0.19329591221089593,0.20437040526671504,0.21343754215721256,0.20340000325430074,0.1783682758930068,0.16476470885380626,0.15898234981622028,0.18392963196494908,0.19522553208853022,0.16231577818109041,0.1341069258211915,0.1215757992835499,0.1706676247967396,0.13884694401713119
0.1742987531020107,0.15657769455975967,0.1503766777801828,0.19270135801628058,0.1893266037614043,0.1816892874919786,0.23273971014220515,0.19320712312299584,0.14590311671040324,0.28168207182527716,0.24742182449024544,0.2862884831401732,0.3004033664000193,0.2762009548285435,0.2912452517962157,0.3252639392633956,0.31446408361763273,0.3109310367115227,0.3421540363146981,0.3428002415776983,0.29559668304182024,0.3713581630107675,0.368739914726182,0.3502790877126243,0.3141153475181286,0.2848807460297224,0.24065095314374857,0.27872766005318855,0.3003893103397812,0.24735064919125774,0.18935401272409055,0.23450889544456224,0.24151797872324346,0.19625159863605987,0.2626546406475478,0.27530554471152674,0.2942436545430574,0.3440476519250447,0.36249008534135985,0.3681606037604437,0.41604333261577253,0.44843691436592054,0.5245522537606263,0.5834993164185904,0.5855673087801708,0.6434096734567987,0.6945104864388921,0.6707914608410342,0.6971129211947543,0.7742076596060575,0.7478862559260072,0.701195047768089,0.7006508812779034,0.7014168344475503,0.6939310571966034,0.5952668248770165,0.6087173833063988,0.5692948405763101,0.49595464389452537,0.44428249284839294,0.4367148498193619,0.41134136166000773,0.34231571009536044,0.27846255627168254,0.28831254918803595,0.331727849572971,0.3363201550839997,0.29519158849246463,0.2880436520724522,0.2833809417310633,0.32380910981696137,0.25040378303601213,0.2746769499706073,0.3202540761955886,0.3593583382655308,0.33480448402228835,0.2927178835462367,0.3330791749627871,0.33368708873115305,0.3176275469130842,0.3411513919787981,0.2423754565997897,0.2812281984657502,0.3136313560632677,0.27401015825148495,0.25790592519735805,0.21462350658057386,0.19389002638090289,0.19455168575353338,0.16876852337588966,0.1524218370707052,0.18119083139021375,0.18023539478386025,0.15080905535427655,0.13635187249118386,0.14165127508716524,0.18079001751380516,0.17307193988208683,0.110815896930358,0.1833866956935963
0.15576302926295355,0.15168085172824408,0.18486101261320342,0.18672653215479623,0.2407437559245653,0.22079687859115618,0.19231078370180368,0.22271848317841753,0.17469559173825538,0.2410168831424996,0.2498431991238165,0.3031370343986625,0.2498702513470949,0.2894520990645056,0.3702249283923114,0.354163866082103,0.33511691502847396,0.3232910074376955,0.3446675825994351,0.32862405664547356,0.30695702468618646,0.3635014714171016,0.3594204835101058,0.3325715240655914,0.3046967939661886,0.2441245566555774,0.27907727075252864,0.2633810363105485,0.2419918921800073,0.303513495181625,0.20987614479466557,0.23502736871154326,0.179932018876875,0.2693712270368904,0.23200352527362744,0.281325672001263,0.31959752339521386,0.3164651859089811,0.3226036425233049,0.43756757456227574,0.44866978365942406,0.5215737432813451,0.5043362773785114,0.6228331858589768,0.6262815680859345,0.6811018823956945,0.6899826757324677,0.6967926769064605,0.8059850429861682,0.7545184773346957,0.7901663864821487,0.8035857614533695,0.7467537105496127,0.7413279740700461,0.7271402667105916,0.7314407208422301,0.6395851408242712,0.5893648111599197,0.5095123437183059,0.5477509886015279,0.4380110345189189,0.47829123062872103,0.3874917515320544,0.37765518413074456,0.37887316174838115,0.2827240681153321,0.2942882062520123,0.2480559178174675,0.26483360101613435,0.22334911236605054,0.3080503995211526,0.34189020510797774,0.31228523655341417,0.31254751268658926,0.31796632959763727,0.3229229967423279,0.3233845158205223,0.3098030105400407,0.3549833340509753,0.29999248835379966,0.3858015836121591,0.28239343337100015,0.31231393503298654,0.28771643912542,0.2974489976785753,0.24634006690829513,0.2972400282801105,0.26547286406357745,0.1775058673071125,0.21160906352874959,0.13682264369161792,0.1140911249717928,0.1857271608662413,0.1596354746675101,0.13920989193237793,0.14567466577641033,0.15594546132380077,0.14115792874804303,0.12780354473851266,0.13290950694921863
0.18648886721031324,0.1715690394283908,0.17812894423400308,0.19443801513965875,0.20206744190859202,0.27686375199783414,0.19367179955067304,0.2473352926156268,0.2521705506490412,0.28535175696110165,0.27900657129487877,0.25668259047438574,0.26652199817119365,0.2853272952540007,0.3403066971637195,0.34397197423599984,0.32383478468539745,0.3597948360199898,0.3907158836336125,0.3144392956709763,0.38533859560208467,0.37441277199816697,0.31636449332175814,0.3466996883747359,0.29448933525419074,0.3291199854168689,0.3086191380768881,0.22361885440898635,0.2471592045059106,0.22593362265688716,0.24499734955664776,0.17533540900093816,0.23130426688801878,0.23794002154022573,0.2621683278762302,0.23607216444979193,0.2562419909088733,0.302526662914487,0.33295912188372956,0.41217622585065866,0.41513163318816465,0.4748029531328909,0.5167240985207678,0.6271330408267555,0.6588028495489865,0.6568879094147586,0.7639971870991054,0.7316855613155255,0.7660571099254702,0.7412288358853514,0.7914697402340889,0.8554203468394742,0.748513447427243,0.7830400846818243,0.7590685493805438,0.7175595616968015,0.7243238719288175,0.6451482231512945,0.5683994138857589,0.5176145526211646,0.5385388459551979,0.4527696963955373,0.38378464616836927,0.3496390804950868,0.32345622338488833,0.3227204565386528,0.35408014308130636,0.3241761620012601,0.2717185655123906,0.31756428634521655,0.3070324812722358,0.27838990666174035,0.3255262916567774,0.27680145658607064,0.3073111029757626,0.3087580983158715,0.28820916774457556,0.32598826642315964,0.31998927525939674,0.2895099782638215,0.2618657041021528,0.24419200806696564,0.3131296106991388,0.2666817065753011,0.2487116612718959,0.27569350511005475,0.2193250358193599,0.2466901274622284,0.20540190130873534,0.11727104660358878,0.22557516889864732,0.15742922892830027,0.15174086174026113,0.12959666076429013,0.13315504677925022,0.15727125202281567,0.10545746565396807,0.21511901160369537,0.162039977095898,0.1934060350401531
0.1850984815915258,0.18929822081010625,0.18795401091308603,0.22392303799038699,0.1970137822252343,0.21393948343031602,0.2525446240102683,0.2639237730890491,0.277384124888077,0.24081553548782111,0.2042100470160412,0.2530055318046915,0.3241481727893207,0.2988371717336974,0.32871460419251247,0.3172141299090213,0.35543309795980926,0.3648800687914041,0.31672492383115836,0.32576169203158495,0.37674228300067913,0.35913261946118336,0.347598117634035,0.35036990663302453,0.3707103354758887,0.279006611408444,0.3194329633064953,0.19994366038212172,0.2704191709328105,0.26161289894519324,0.22453540375234315,0.2574019614523892,0.24294883777482493,0.2658634074375586,0.25273453784355565,0.22316967073837407,0.28178830866732185,0.3057868862707271,0.355395207448999,0.41985278345743554,0.4708332095235921,0.5067926886352401,0.5180920862266597,0.6152017549388701,0.6510401194844248,0.7134078164995427,0.7067882756151671,0.7436493950771179,0.8342896220490243,0.8511468719492647,0.8162333029772106,0.8497772205873247,0.7801009567863227,0.8725933717216288,0.7079683849064006,0.7075601086053521,0.6516583786357819,0.5912583075394545,0.5642510265764404,0.5514551325153613,0.4974125627592143,0.47636394537468785,0.4512442056878315,0.4274207835191221,0.31471813148275946,0.32347944167134474,0.3335540140060629,0.3454104054184223,0.3200740697518328,0.32212543659287646,0.3358178773980731,0.342983635822796,0.2990048739257137,0.2893168657599016,0.30392754693027413,0.30162847243385627,0.37875335634369434,0.3384694236160605,0.35715147718982887,0.2895641666015849,0.33483912976898134,0.3059043811593898,0.27598690837930234,0.2708265069362521,0.23236591074979931,0.19328469365901169,0.22020315498539142,0.2054799792557492,0.21898670930360148,0.19764901648553304,0.18315970427583217,0.1955204146048218,0.1575926090099482,0.14504579741881085,0.08419450104302752,0.13572272674718946,0.16323761524613856,0.16124761581512662,0.1471402521219258,0.1059425768221752
0.14747512300200363,0.18110855612089627,0.1854052755952727,0.17827311404117344,0.2171417637843628,0.20096433702531472,0.27805298244652926,0.2545437289277196,0.2713153770150972,0.24639831145020638,0.35999514235618685,0.2748908302195524,0.3793246691476224,0.3183249001422972,0.34142366751095743,0.3507930840775069,0.3763450730940758,0.4223465190344745,0.39705052777053956,0.37890908351266916,0.41107219464051165,0.423136790695826,0.32013344876809874,0.36785901604174376,0.3425702252990802,0.3491218878407201,0.3162932307709071,0.27414827723443075,0.2315425542277392,0.3206239546814071,0.22516144771810545,0.23256250238240508,0.22978567108344947,0.20025700585000314,0.20272798815685672,0.2544721257934961,0.30645928266975164,0.2816641445210538,0.39689023433852383,0.43538088020343213,0.4545665276385788,0.5499918992850942,0.5575532408317926,0.6006231239368014,0.701817237335189,0.7632074594795186,0.8085506569017685,0.8938867161334707,0.8291993803455842,0.8548029622782991,0.8397982091050704,0.8991530414689873,0.8418554056409634,0.8094018762232434,0.791469321534959,0.7597490346683977,0.7160461243250112,0.6509329586527177,0.661238119752519,0.5266475451936606,0.5632251421319493,0.5009858143088305,0.41416786554376106,0.42328840209552493,0.31120008199902116,0.34434765904509784,0.2629605822645202,0.30328532244469436,0.3168915541673967,0.22917894344049033,0.34139181872400526,0.31970115392957904,0.26004547680343576,0.36940774204502536,0.3551612940166461,0.29474464733800093,0.34955575021643176,0.36609219142674737,0.35803850093475315,0.3492765525092823,0.3772889602817018,0.2625422772909931,0.302969334195302,0.32621952770986806,0.23743060523966503,0.262646857550529,0.2773191973005025,0.18830972682086256,0.20451141587814933,0.189038047014433,0.2194929369701649,0.10980074135931216,0.14665722470929984,0.14804068482303565,0.12702530192501202,0.09461900436913552,0.14633671306283288,0.1494972556595067,0.16125763432272308,0.16218312501460738
0.16149591289850798,0.17131414252108457,0.21630507881114314,0.2744211612053373,0.19782569410186912,0.17245834413751915,0.2918742970988585,0.22652863704380347,0.27331621638431847,0.27691171315453306,0.3159267868077312,0.33287469132021974,0.3571511617459391,0.3606561643809073,0.37976926025467883,0.33469327786178865,0.4099511931594643,0.41867574796407,0.39815307628843116,0.3321415941393944,0.34336566508646627,0.3421665281922612,0.42427148060704506,0.310498147237037,0.3122598252687387,0.35709436033978514,0.32136681019568747,0.2605131591045111,0.22450195394193864,0.271976571576311,0.24882928556435327,0.21918757080646378,0.21681065781595785,0.1820551030132314,0.19302652624116057,0.28413628849422096,0.25515434063313525,0.31069299495385644,0.32714378107869246,0.3713933406437391,0.43419168373497324,0.5332789987463485,0.610239331355606,0.6665541536303867,0.6672203110219166,0.6968572180486715,0.8139811194361538,0.8082812439791625,0.8519705795426797,0.8501866708434108,0.9212638029998349,0.8671148819324884,0.8237735795277229,0.8682759879318152,0.8484686496580057,0.7594169773032861,0.7292435862399995,0.6994948170403871,0.5847081942406971,0.5241893854025614,0.5644934603194581,0.4873944107717994,0.45316918203700846,0.3972187741520576,0.3682237399694937,0.4122676572684344,0.34510105087405685,0.33149480046031105,0.354146666305556,0.3170939100709511,0.3636269946102867,0.28126537637859683,0.3362489044315529,0.3555729695408173,0.3627919564980527,0.3044540283062202,0.32134312087961275,0.3209904169218529,0.3367944470542043,0.2787685087817276,0.3395876912598331,0.2749548903911017,0.29067003384644563,0.2879330434701248,0.30542330003463564,0.27370660288904963,0.19593659656908816,0.2377504168800092,0.26091703288158236,0.11449654050620853,0.15909280492161643,0.14878429952502337,0.10271955394465766,0.07806243253561335,0.10305463621021357,0.14311638246267339,0.14178899220953448,0.12656017970609357,0.09507081954952823,0.12504167135626001
0.1864487489803624,0.14956803280389278,0.21725568075107568,0.22509118890670687,0.20449880337634052,0.25294870944338066,0.22329164492284156,0.23476293361693165,0.26102722835930997,0.31053939485226606,0.30548447338815443,0.2904812210268182,0.35456706762283496,0.36185662701760535,0.3493188091536176,0.4113727112514699,0.35259600283016396,0.3529218284956261,0.35197684116203987,0.35155044302060495,0.47494410041946505,0.38233009951031954,0.38647064484657195,0.39370701869350117,0.31118280105374335,0.276056368289624,0.34773242038235735,0.29072682446996956,0.2618699498338895,0.21997195637315872,0.23889148610030486,0.22799905889856928,0.1859715191240555,0.19799430244074387,0.3004881917827494,0.18637023873451894,0.2882010139316711,0.32409821718705134,0.2959017931446378,0.4495290359377689,0.4772339989467116,0.5381030809749864,0.6306652328155153,0.6358253929125205,0.7305909791700749,0.7680140627107065,0.8276993755984112,0.7984427136445252,0.887848486009492,0.8955431155371343,0.8971686116427917,0.9185802772152469,0.9160620139493834,0.868223834017925,0.8523172711462688,0.7485970569039501,0.7376093134515918,0.7052816834859699,0.6335901056825389,0.5730807115216439,0.5122585224584986,0.48667950667330556,0.4758776229437595,0.3961104019546483,0.38493427365191063,0.3470619767215396,0.38133103677275426,0.2900601551630898,0.3587929445299121,0.26515402328524934,0.3351563955903388,0.3255379401821694,0.31815534258692046,0.3291287664662946,0.3442209971136598,0.32937212086362694,0.35953783027005154,0.40248204696408946,0.3957187908635852,0.28689755364666614,0.31299799883534235,0.31712577174619827,0.31747575169154174,0.2980136739683275,0.21897672489620013,0.23768812867392272,0.22895324667385833,0.1696299443145833,0.17921618739047607,0.20380528305054418,0.17591136283782524,0.0900461449991164,0.14125577297619388,0.09668463331823562,0.17821506112966867,0.11763375435988097,0.17343222019836294,0.12266915321258459,0.13344541439933158,0.09322923391342239
0.19541698723049558,0.24004432346518764,0.19882458382416238,0.17931661620184405,0.240366585709385,0.21730707336801874,0.2255861290863416,0.23802743911515895,0.28474696606506833,0.2498401731142036,0.28433815679871943,0.36802465235464704,0.3501936184643188,0.3482631405492202,0.3962643557802821,0.380506174538593,0.38984945604278315,0.3858217515871637,0.37230528836279475,0.39283926927051765,0.4280848178247217,0.44784539636381565,0.3471487803084837,0.38261160781134257,0.346653250932096,0.3057189830871654,0.3332104063297778,0.3208800436570363,0.2583702970249755,0.22624833404327468,0.27186225859885793,0.2485234162214698,0.21709224567181623,0.222407711949318,0.24835493123217922,0.25434626802678323,0.2606585364168678,0.34415451445408235,0.3765564793631553,0.4712264225306183,0.4627631440958794,0.5540239408114417,0.5821204940793524,0.6626955205144454,0.7074217614281992,0.8671458849711285,0.810782526625603,0.8636073855488814,0.8915110200438555,0.9191873392779726,0.8951872168161572,0.8927754606245037,0.8929997946280244,0.9073899569214834,0.8069333118988735,0.7712070495827336,0.7719467457500643,0.7206181773324647,0.6549348647826193,0.5696471161632392,0.5446043551949273,0.4913630919557797,0.49710393540376696,0.42462961692865125,0.40751657569127353,0.27411327139224034,0.3151121057759523,0.3515121400986144,0.31375370357852844,0.3356657352171993,0.2889718674740326,0.3622022873710647,0.3453072464314756,0.3435543820484346,0.3466316211530645,0.3489849065841829,0.34956804215274323,0.3595429451720392,0.3603011858314856,0.3393229723870344,0.3414946247622224,0.31865815874945197,0.3362061741267937,0.2948223487105985,0.2370075905637498,0.21683838039243067,0.2716078451930602,0.21386781721406214,0.17288227486726188,0.19903710102133057,0.1448014614751591,0.1568686878261246,0.15009748724910482,0.12983459828482186,0.11720977595198231,0.04263992556897223,0.10316013582653047,0.12636683722353134,0.14292628057470663,0.10080994279850737
0.21758751939656332,0.21402664155227785,0.1536082957632388,0.2124486681378228,0.2199511251071202,0.22877794422074074,0.23391306506268017,0.32017284200392687,0.2838403373568505,0.2816943728923705,0.34455841330195447,0.31449654000149335,0.3828853878659702,0.37514580001633585,0.31333393146719746,0.4211569748118239,0.3391029315570242,0.3460790834588909,0.520006208958635,0.4204865751537976,0.38909239922955047,0.39251804365414283,0.3667006136843002,0.3462858071730059,0.3431251353281955,0.3546555180542517,0.2764029226655836,0.2869721263882559,0.3174361947053025,0.23509700686658855,0.26085014391677636,0.241996173885675,0.1805406401084995,0.22575675685940305,0.26090650724023146,0.297737915787793,0.25278031531819706,0.3593672740461542,0.4257280185938387,0.44990261197938236,0.5001423953475345,0.5743562954116794,0.5722648151220844,0.6356183209436851,0.7428966163956583,0.7525530191399604,0.9047678910205451,0.8720888432081623,0.9055937814970906,0.9753473376348175,0.97937829249985,0.919343723180959,0.9322975925886399,0.8837259635478927,0.8061916853616404,0.8402018849383396,0.7765039987743169,0.7309850892337159,0.6349222695822422,0.628561744357172,0.5370141284226057,0.5294950161880921,0.49504210167966994,0.413887710416567,0.3505970553126711,0.35004797583302394,0.3977619847802963,0.3195225930350312,0.3396939007182295,0.3335812629789793,0.36967287725864606,0.33413413597208597,0.3808178451463905,0.349545207831698,0.33686088914220214,0.3392579417516825,0.3685100862315176,0.38952054410764747,0.3333414084463689,0.39555589992934054,0.34552070342199115,0.3198054299398223,0.26949600384837585,0.2014328822367396,0.2816423357346622,0.2865916681932079,0.21556187286087208,0.21741044500552772,0.19271486917831512,0.17176243352729012,0.14570588827171446,0.19590854755792586,0.16802665017157198,0.15654079057003906,0.11983268012183525,0.16558485154222202,0.06341923567445304,0.08258291753088871,0.12130176823252597,0.1104487472610671
0.17508589350914205,0.2307727281759471,0.14555014729310767,0.19595326805238988,0.17388672972907263,0.21877021051435958,0.25268407265771936,0.24740405140808164,0.2938091665945577,0.2749671535512942,0.26520897532599047,0.355615297372621,0.379163928717233,0.3783758120043223,0.3832691710186599,0.3615609148993388,0.37642089781504495,0.4342792486227754,0.4155252729356709,0.4154828246178891,0.36382432238406803,0.3721295110899317,0.4055613927529689,0.3259003790652628,0.3912354566630848,0.310823225541176,0.32633138851020366,0.23807451870303278,0.2984042019856926,0.25432727821777407,0.23180047870739856,0.20966677453455468,0.22037104161602988,0.1978715117792203,0.30543747808222327,0.25590439905305484,0.26789080969234336,0.3285693748797991,0.4048845199903988,0.43205507021620987,0.5210756495380623,0.5028931131503294,0.5822389385676198,0.6126358828800922,0.751875314505562,0.8076182558959739,0.8709203267347732,0.8903651538989211,0.9048210181341837,0.902200492761696,0.9142723929290674,0.9145574675729933,0.8998659475040154,0.885360172278241,0.8561323681365357,0.8763804877277367,0.7908420172683532,0.7130940897054514,0.6957825985437176,0.6201884936437261,0.6049873403640657,0.4709670095968843,0.5102750427665319,0.4550984517417904,0.3969324463116396,0.36317091460979906,0.33292750046112973,0.3385319718981149,0.34689342098842263,0.34748891239828333,0.338103063152048,0.32923313986627206,0.3837245941941232,0.3551043645219859,0.40780196679236164,0.4086365752498267,0.3946473986877482,0.3818568469714465,0.35026703108690865,0.3681799873431276,0.3154164919729025,0.31888368830561464,0.2481568452593497,0.3042541539942652,0.2272247365525062,0.2579366790629711,0.23482887852449968,0.27753806503094947,0.13476533752847258,0.16597251116183345,0.21694645917262517,0.16825370281310306,0.18933298997512316,0.16995693683680066,0.13632923524015994,0.13698146728936306,0.11060925411582019,0.16317570438661144,0.12134044109470675,0.10883894466340042
0.16745460582237814,0.15175992477470907,0.20978159682338726,0.21214398382875713,0.22528831147550524,0.2646330389468226,0.2620764925781833,0.27562310012164837,0.2802270647088722,0.3078203012274299,0.3350672853427469,0.3174854082807715,0.33268135317381475,0.4094948074509984,0.3687741269744505,0.36445992066607846,0.4261605455896172,0.38715368859969107,0.5123579902224904,0.37542145942221233,0.3786386162158081,0.40031833726404525,0.4301250061807383,0.38014300623054914,0.3567058707408276,0.33986580399929406,0.3427168101754118,0.3041303528702384,0.23727834250501983,0.22558855085388385,0.26846316188836994,0.26133826999489,0.21042565409816513,0.2115205857493473,0.2469279184354735,0.2486426904623775,0.27399211276163077,0.34697907535732475,0.429368232084668,0.4077956308086839,0.46710068130649446,0.5382051516146503,0.6349508712503826,0.6169064149379558,0.7876252492790654,0.7374697614928307,0.8358045950256499,0.8769473591044536,0.9667144741614746,0.8729625333649282,1.0,0.9602122259146568,0.8728539779954957,0.9055863420348864,0.8934430265243674,0.7584584459780926,0.8347525264174805,0.748108498192207,0.6750376556879419,0.6310732635366177,0.589868948179838,0.48355827186761197,0.46740022662101827,0.44462998345132604,0.41822583177493905,0.39957680716706023,0.3490650294802482,0.31383541551458227,0.3342806546395149,0.3304705588818976,0.33057630332343546,0.3158184834896622,0.36817336586893107,0.3628693023053605,0.3707475256771649,0.3545386481536009,0.33238404889625206,0.3603655743964559,0.3782431219428776,0.38476057789472184,0.3979306583188841,0.3354485351749568,0.2807891776287201,0.3437650476304197,0.23530945417243196,0.24501573546577388,0.2611955113840128,0.17963488233630215,0.19174352401926223,0.17007486984195802,0.17483553029000845,0.10760896845288016,0.16482191300631546,0.1312751170642579,0.17300939420151093,0.11270193292698176,0.184779395113051,0.10772834252299025,0.11362629059845498,0.14813183975468516
0.18050266449036437,0.17390275487318776,0.1761058995914416,0.2958511890418174,0.17959611040586057,0.26207120249886434,0.22829290916112543,0.2759258426266774,0.22195247986446542,0.3037638371583729,0.3037232414706383,0.31643995310341255,0.3708867660252385,0.3545603052444426,0.42509189781732487,0.4139978288866384,0.4035897771968352,0.3811230623667468,0.3948242168508125,0.42123489679512727,0.4129361439458223,0.3848829964142185,0.37302424470880385,0.33460544212611176,0.34044739706186977,0.32019019098968005,0.2828772040062453,0.24645966624108925,0.3128434464837826,0.21488502288097402,0.21233794145669904,0.1831302196883483,0.17484561102831064,0.2460507126306715,0.15217371519103645,0.23450261738913616,0.23888368086537723,0.3036701380391351,0.3906160451803411,0.3843025966788669,0.4878895737193282,0.4883124301813935,0.6124124444505639,0.6924211334604439,0.7290116896463222,0.8156048475122708,0.9024505040230204,0.9032126445499195,0.9794029873627549,0.9189325319694628,0.9316685566681666,0.9575067583894691,0.9532386876496973,0.885631474396029,0.8052902068581235,0.8369934790617108,0.7936546938951792,0.7012876523376328,0.6924735578145012,0.5865487038564282,0.5676573457080513,0.4711757925761203,0.47886085900834385,0.44506633646528326,0.39570872300582677,0.35587756114566904,0.2855070231911704,0.31579288752164475,0.329452124667948,0.33790493310768477,0.3027525675109704,0.36972952659303987,0.35601220932796057,0.336368884429678,0.372444779508469,0.3601262549863846,0.32892397615139746,0.3232391708356754,0.42486026097789426,0.33647618114892797,0.28699209060155073,0.27162882901239255,0.34727724693821294,0.17793501981231297,0.26482044877627614,0.27085356718280457,0.21278119421825448,0.20907870772976764,0.16728221853161937,0.11275653473507682,0.1828116859613517,0.14696421298483647,0.1600132612299623,0.14201960776497372,0.10936194165507541,0.16835375265498176,0.13181394606596764,0.16966101660013416,0.18373314118888703,0.13544075976066297
0.15733711532210684,0.2333922238895369,0.21448904434894375,0.19657969505880016,0.19658945139619988,0.24819292404270502,0.25552324191571224,0.2403103148926568,0.2987858118644655,0.2725091203038843,0.35150272942229527,0.31721217921196926,0.42148336968613964,0.38946421981426116,0.42061337388433273,0.3545038548466973,0.4007322519531211,0.4001603141187986,0.41971871767369606,0.43692304447071445,0.43183139315236474,0.4363667827132979,0.49910302814058827,0.374065007903883,0.3794727282266125,0.34778780380060664,0.2959614291423182,0.2922227528242904,0.260464822579442,0.2611654332955149,0.19126074775761623,0.20446495434600945,0.24402247719665904,0.2561248090032188,0.1984556989371537,0.2123175986635216,0.2988461069822999,0.35011377375236064,0.33090041554567545,0.42786481002273447,0.4426581312068141,0.5673290084414763,0.6085989698039809,0.6780063974431538,0.7308389564737702,0.808096478396988,0.802566532587063,0.8919322040767487,0.866367503659731,0.9794696663196848,0.8999795007236064,0.897599332524346,0.9228142798596624,0.8315231159038943,0.8407847668023868,0.8511624915421818,0.742879376731288,0.7187508669377676,0.6000661353969496,0.6230563969762103,0.4869538604184816,0.477295075211316,0.42714026829215757,0.4188737803980986,0.3661904356234381,0.3708387595402326,0.32861482492562577,0.3748701497770517,0.3249285801677139,0.3514962324047856,0.34705536032540135,0.33540976181375515,0.32738311053470437,0.32137194057627233,0.3223658690447981,0.34470347322306927,0.3761529947307639,0.3736577891436912,0.38770090884518227,0.3387873888812711,0.37831189886679545,0.269286203909357,0.25969158789364705,0.3365033515739016,0.2711062463770967,0.24564315688817667,0.2020210326584913,0.21371397881891321,0.16625452265451124,0.20119084673848625,0.18442062317661295,0.14299047633571463,0.17297330358054597,0.11475944715681248,0.1724007876024297,0.16690774952198995,0.1749609685649982,0.12070756334231031,0.10989038646615411,0.15827552059294903
0.17582032527504432,0.21756508297597993,0.16789151606679034,0.2020395179776301,0.2210382025247332,0.23835856890691404,0.23380885089458092,0.26024132196105465,0.2869903134533095,0.31498734381684235,0.2875347976335145,0.38490561475991025,0.3856109932853985,0.3486344933565556,0.3190991642441562,0.36877563864894797,0.3556266676841223,0.41253479440906615,0.43171316682613387,0.42735059377301443,0.4097119317374883,0.38884922857781257,0.38795302742245125,0.3433099561189586,0.3350276321313473,0.34447351251853364,0.28119546407143947,0.2993700430208539,0.22816038870954153,0.22117805836001353,0.2570373440620889,0.2023106306926125,0.20485347916369054,0.24129684529008016,0.20626087421682046,0.25247505086149213,0.27876591270873224,0.3066441381652936,0.3608531789665057,0.44286897323712077,0.4727651807502759,0.532074084856931,0.5902665978369082,0.6615399885333318,0.7197669709021877,0.7828937723340841,0.820368437969284,0.8709295311940355,0.8845966035346576,0.9145482007461654,0.9488747507033846,0.8992101069448863,0.9030315049520968,0.9042217192147299,0.8298503157963781,0.7887932173476637,0.7488093541421947,0.727330997458231,0.6466324523069121,0.5890835503171983,0.5474782734258625,0.5087218369636043,0.44028707267271955,0.4134505048322698,0.4391997733700076,0.3201855605422636,0.33324201193176956,0.35431742874544814,0.3344240850605566,0.31146046406276173,0.3578151538516321,0.3530277482986736,0.3501192671098293,0.32721413621443685,0.336535421949501,0.3480821963614877,0.35336420609266517,0.330558626702073,0.35699370478941245,0.3428819744796875,0.2791898097740956,0.29594132518316923,0.2548385720592745,0.2871541979884202,0.2851552418185854,0.2286782936744423,0.1943811028864742,0.19713195514974796,0.20723421599383146,0.16963924725362434,0.1518778573031298,0.12306991206223135,0.10407284021199857,0.11257747370116235,0.08962774470706945,0.13550105098497192,0.0935068909324109,0.1623099603870704,0.1532262163796253,0.17405275463870803
0.16343864294113347,0.13591306077448367,0.22695524879095558,0.20777007806554154,0.21119563352688525,0.27379310592531253,0.25990238062696097,0.2691669895062898,0.2636465329836481,0.2796622932891445,0.31417200060989847,0.34527178806987546,0.32110897533593463,0.3681024106529417,0.4339924409387404,0.35049489519853994,0.37309440539319005,0.3889544663696265,0.3846632487720891,0.38002815903069964,0.3733852179725697,0.3369809829203285,0.3725466017394178,0.34642037438899614,0.36767066747268184,0.3155565669348894,0.2996571742608724,0.2624109167424396,0.26531840812403484,0.24488668500777763,0.2357190470973377,0.26019343493091035,0.173100128912893,0.2101488497541808,0.19537579664855867,0.2479509231935312,0.2857546533395225,0.36219143378234137,0.34518285455376874,0.4132743564675797,0.5296385784448575,0.5363147299207663,0.6129243866288686,0.6122342390681043,0.6610581238258947,0.7620283949255171,0.797765674282211,0.8108380864383855,0.8650027625524592,0.8433108050884376,0.9350704835613133,0.8921221054321266,0.8754609016107052,0.8524465547217025,0.8421705126930139,0.7922911946820798,0.7321225054818302,0.6773387011652366,0.6605940843158403,0.6004008510207591,0.5470742935274495,0.5086048262617527,0.4183717023718426,0.3720261114056861,0.36185724066456626,0.34117385673660505,0.3423200342915131,0.2914312971178507,0.3007535842420687,0.3400211408890379,0.3118802702832875,0.33862349519350543,0.3668085897844058,0.3397106714946202,0.35285452275505824,0.3511715733967522,0.33534409198944204,0.4073577066587604,0.3486775181555962,0.33195481023361273,0.3368231647023736,0.36148267133377127,0.3071320898779464,0.29096974515585045,0.2561651124018858,0.21633624344472793,0.20679824763245122,0.22780458073749338,0.16437569194913237,0.1802313341436441,0.19294412624456475,0.14427105121332126,0.16255696813308593,0.17684321079090964,0.11201791652580399,0.09560417994068246,0.11766903440928911,0.10337894290659606,0.16913441528408354,0.1320235278794765
0.12005343280643085,0.14508481496821257,0.2532337117691133,0.2709015490858373,0.17810557089169068,0.21398351478297023,0.23889476650106362,0.2294824151061278,0.2575312210682856,0.30546639704965267,0.33316218661066827,0.32848064231559715,0.32025188771190644,0.4046894032353708,0.35062937776648045,0.36242411316289336,0.4186418981938345,0.4412990349264339,0.39698662409667923,0.40806782597829644,0.38906664275167774,0.35235320160696637,0.3560822321969579,0.3555504674556516,0.3623762007550185,0.3387207000578168,0.2719139028852273,0.27132165581645246,0.2839511206396445,0.286932638080791,0.21736926730564848,0.2379334276939859,0.23283071299310745,0.20049071038476962,0.2627116989026351,0.2654207061577427,0.3132429757874357,0.3134438325619296,0.34777373974231857,0.44374575363287616,0.4777369923884547,0.581902525794753,0.5441796872403094,0.5957149293849116,0.6442024370222597,0.7551587319734433,0.7841315668329577,0.825247421120602,0.7628368742660784,0.914236263363994,0.9074574938270532,0.8920220065101999,0.9268279302924903,0.8588846675973654,0.8071304287133051,0.8112466784316248,0.733796576300367,0.653741797525582,0.6906275409209472,0.5037399150832669,0.5266245255890687,0.4559959137570673,0.44130350856900136,0.4405879370278879,0.3263467520437677,0.3721266383511916,0.36052040515057465,0.28458708640815833,0.3470780923515764,0.2993504346568447,0.33208905523204546,0.3147134740409202,0.30468597127665104,0.3632889148866939,0.3288826023094508,0.3843684954244719,0.35091131204545783,0.31917052226738946,0.32164204555165343,0.3157649219463189,0.3298210617708758,0.2887202450609976,0.2753382181005299,0.24505971543526026,0.25906136247323486,0.20050507768946704,0.2952360701311893,0.24491981707975083,0.2192198679441582,0.16570964780235392,0.15308473086315233,0.15239044421846412,0.13236165232571395,0.1736958792162499,0.09825255430233916,0.19029253383226208,0.12730748119258486,0.09382351385549693,0.14025410046913328,0.0849517932659911
0.2172692498034899,0.132659937091802,0.239694497396646,0.22721834885536044,0.2168485192105786,0.21085085791991384,0.2192917140545726,0.2682365214606653,0.22635936387031708,0.23945639745449415,0.24370637713959173,0.24507574062776585,0.3178483396846296,0.38603804920498047,0.36145679942222,0.39443317954071444,0.3408222322738593,0.342351241374681,0.3267471793790794,0.30252447085444667,0.38809281215494607,0.369945503253525,0.3752622499338193,0.3715207266998916,0.32611097664771227,0.2794834447036006,0.3780182555077466,0.2559279693113699,0.26915581975492825,0.22767076686261334,0.20938066213741827,0.23466796393067726,0.2156572903223833,0.18119377997986819,0.2507085854794835,0.25951523659629044,0.30898313187987303,0.2861485235997418,0.41022052942072207,0.39327716861090856,0.437199177515032,0.5040761784286057,0.5809542493180335,0.5970306445603336,0.6906797555983776,0.7656869823347451,0.7582255461968307,0.8329308590846465,0.8036052561735634,0.8407895502702913,0.9046491977007398,0.8890766593374968,0.8029717822561583,0.8148824066025536,0.7780495456696263,0.7658826211903987,0.6926165945855699,0.6413846364116583,0.623741837982221,0.5713926828804031,0.48895581556606477,0.43247064328890716,0.43579079097399337,0.3666664679898709,0.3795600856636266,0.3372079486008329,0.28223105214539307,0.28224724345388674,0.31919640861604825,0.27873511550426566,0.2910991666857215,0.3514118286930645,0.2992623166678226,0.3264293572734575,0.3298102200919136,0.3570347455377341,0.40934886573103385,0.28735843614658085,0.36212942529870484,0.3575043017517179,0.34288104494025806,0.3271328497315002,0.29914396591252185,0.29386121938097554,0.25090770981599886,0.23480072059900753,0.2767481139828933,0.25006398584931194,0.1947727511899087,0.13898570248980666,0.1622662201423452,0.16719060963987784,0.15073583019804132,0.11691097057049821,0.11710422429467887,0.09736604449380507,0.137522453191601,0.13259265694332859,0.1546724660845809,0.14314300811522498
0.18753310961677008,0.17893992786629212,0.17903285302571217,0.1843635523146016,0.21793339393379213,0.16169576623578755,0.22114876018044724,0.26035182268115215,0.24165508024524113,0.27470311805591413,0.27688265932212247,0.30682920591300866,0.31810303211209784,0.2611129362655211,0.30897492552634204,0.34533861803205235,0.3472382358758778,0.3937337236854459,0.39058945625395136,0.34432838063937315,0.3728719829472675,0.35651024675213283,0.34234106487807936,0.34977196716059994,0.3537129519786876,0.2890796338678361,0.30895553527550174,0.29282328074295216,0.24569745397128415,0.2996437817916295,0.23966916252063827,0.19983275299032088,0.26313659682866597,0.20248765788634332,0.21581376823825607,0.2586225003324928,0.2519898542580899,0.33741400928695103,0.3402735816170912,0.3757599011791677,0.43725533382894655,0.5025258971633927,0.5945845585502508,0.6028671967855779,0.6396752889841318,0.7132497296214529,0.7265189270925084,0.7725536178984767,0.820368668822665,0.8417863022274008,0.8101673763214774,0.8045688585364844,0.8242247225024724,0.8127844399983325,0.7450222766166598,0.6946126018131524,0.7366279773495649,0.6187122482593487,0.6269528232923968,0.49613994160130404,0.5272295382005696,0.4762002343801179,0.4664543066360877,0.37986927189683306,0.3494325312887195,0.33025876148806316,0.29423183677166614,0.29791768953256886,0.30534418022462845,0.2869245009370486,0.28518493169830694,0.31192813594611185,0.2861382548828991,0.30357912401232945,0.3139324384009809,0.32903554846861155,0.34884365923399985,0.3230826357119064,0.3790488800593828,0.3146484006904397,0.3286750696512616,0.2814394246466083,0.3952451837136895,0.2886615613698358,0.23563792351075427,0.28107848895556076,0.23156729486684838,0.21461930265744633,0.2348490819191255,0.18917105154966812,0.15613574533944902,0.18493481867073264,0.13108196262824406,0.11347139080652255,0.09007354971715892,0.1719320310527652,0.16650039581793147,0.12131020426278227,0.12451257176414939,0.10500616213064724
0.17990116131792216,0.2429771210975765,0.20864339533647328,0.18918616779625583,0.17207715225437167,0.19190800600157573,0.1924374248774348,0.22220225449988762,0.2925944805578006,0.24974808049844432,0.22988395798703617,0.26867657195042793,0.340788383278861,0.3546281589033872,0.33201693103502605,0.3361507416683835,0.350914568306336,0.3623970316423329,0.3304292418227479,0.4304102089145729,0.405666994341764,0.34780638136918046,0.3256877220178996,0.31009971240728257,0.3533540984641073,0.2978841864759459,0.2637162032257285,0.2562846923850436,0.2348292349782685,0.20605848031158108,0.2261433804371134,0.19107094581661013,0.2570453946954846,0.20798116844007655,0.2582657104013213,0.24504831996239385,0.2901559823665879,0.3046423992628517,0.3555022130795367,0.3928905755250327,0.4313894410346558,0.5191793330675046,0.5661024016899907,0.5513630981653455,0.6201375065565489,0.6795508212060009,0.7658131458531651,0.7675452189864697,0.7856769301971136,0.7941051223992652,0.8408503731424919,0.8188663243802252,0.7582975339352683,0.7977995969005478,0.7005012234538744,0.6551872312224793,0.6482159586585576,0.6817931131521293,0.5808073889790382,0.5477945770394811,0.481582394228668,0.38192975413529445,0.377933849526581,0.350846208315069,0.3573455201228698,0.3155482340347155,0.31384825470204014,0.27508847906061423,0.2345523052227492,0.2881619474486116,0.3355671109762747,0.2999199430465746,0.30135210208269764,0.33259557315884253,0.3106736203744697,0.33044256984423465,0.3663347448486668,0.36032855657484686,0.3617103421644114,0.2998207234728324,0.3063307182628292,0.35059378499332305,0.2945134332826778,0.2824467338026251,0.28011965248414805,0.22178433530244246,0.22357354222232784,0.2438969432587152,0.17331227350170045,0.1866576512855246,0.18916771597615958,0.12682374922789927,0.15976583790601975,0.15734196722813812,0.14292159818567707,0.19327302318961131,0.14655198866245947,0.20442848132917132,0.10209492055511948,0.16998207675772573
0.18312393574344785,0.18514100772420503,0.18023716873633452,0.20612370651751008,0.23942522707230898,0.20899719692511362,0.22184914868502154,0.20122109590877446,0.27610620729693724,0.2282944263613835,0.2043858595348218,0.2593878947342303,0.3049107624947274,0.2735484116096954,0.3177438397201361,0.2938931540838478,0.34688291189175813,0.33537908609466593,0.3388368247540181,0.33808111766767274,0.42998489842155446,0.3106262240069577,0.34943711785931564,0.30145050627427383,0.2598309033018356,0.26617345603698933,0.3270867143980744,0.26894337982369954,0.22538610569031065,0.2652574063898039,0.2559163565952908,0.20437025547604015,0.25718719651904576,0.2306610445555115,0.20365829878487568,0.2746679802066061,0.3204075560590562,0.28494783654637934,0.3685349774716047,0.33675026878760345,0.41533018177607883,0.4885650876484621,0.5046321305305577,0.5603084535601723,0.6232040764044797,0.642118217544098,0.7021976060381777,0.6863893796335924,0.7571802096619046,0.7485277198531612,0.7615409690380066,0.7761982409398764,0.7737145659048323,0.7424133536348311,0.6609255635801083,0.6528553795520932,0.6678280957167727,0.554690217374731,0.5797280901013031,0.5038473895385591,0.46200215507779663,0.4111453533064381,0.3924279835187853,0.3873474068182241,0.33366904859795404,0.31843137972194796,0.3434794881926885,0.3089683889621881,0.286291151456217,0.3191929634286179,0.24568390616059416,0.2977744015731535,0.23317554027101162,0.22213194984263118,0.284709628669429,0.3155691670151342,0.2831637383708735,0.283944035379826,0.29768909629231954,0.26989766944556626,0.2337334079331946,0.30306350358793865,0.2487636107677174,0.2777858849268088,0.2741030927369901,0.21629186194536612,0.1938304477777023,0.18833166344874683,0.17575978092110472,0.2177642320260548,0.20668478154467346,0.14332989307814906,0.11425101910474836,0.1429494724571897,0.1759921658409223,0.18773795299828014,0.14783903123832573,0.12373343928474245,0.15263803536854445,0.1406502641652754
0.12456669053111256,0.11920962464027145,0.21407231358873144,0.17140591880996642,0.184079056986307,0.1761188644146751,0.1977365439538427,0.1885267096761288,0.21796205659356716,0.2549789616035119,0.28072824174437294,0.28749628594819526,0.28587383854960763,0.30054101158280094,0.25492918089091626,0.26108841067090627,0.2926681486549031,0.30270107481494324,0.338540083180886,0.3007794261741253,0.37987765269576373,0.36033662285200296,0.2905284270742371,0.3089375964603128,0.38858299362311033,0.3029708046515955,0.2725895453249775,0.2765163977217774,0.19662398027702563,0.1845125964083036,0.26412942659342503,0.22232608447541444,0.24532250114376233,0.24991671027886006,0.1887133397109148,0.25626642633676855,0.26858483461496885,0.2145417561032966,0.3427918924261146,0.40574216957900017,0.43359282179986464,0.46204891147241856,0.5050153817695366,0.5513251737120238,0.5790095207775947,0.6982450643459157,0.6411115918631579,0.6552767429580549,0.7330503537263715,0.76127316300674,0.7108290641572821,0.7559277030009318,0.7638115862511714,0.6680185204690458,0.6821641102251619,0.6283381350900995,0.5547298698988454,0.58575883512176,0.5269262520188004,0.4748802642962787,0.47422912265789735,0.40479862535687133,0.3476450174128106,0.30742273384036595,0.30015375239260883,0.259106824638626,0.296097977075865,0.24821432971218252,0.2640284066207805,0.23495999539249574,0.24281602797907054,0.2272755685030856,0.26034431440310796,0.31296057484588324,0.2952073651414595,0.2894378202512251,0.3352785302206701,0.34413950957559314,0.3550392650901539,0.27313287835881844,0.32296659032639835,0.31806951581361487,0.30138656587621204,0.23799408168029693,0.2975142722738727,0.27559421730788086,0.21742595911870005,0.23974501566738665,0.2553688618744758,0.1425015361581369,0.17827520446781253,0.1488414292113908,0.1802820655647881,0.15501740134804107,0.1809599053392159,0.17031428480724492,0.1510404283788861,0.16944593305237166,0.13524798212864006,0.17205464318284577
0.14503102630130593,0.13688493514783973,0.13390813660315928,0.16194353249149263,0.199645062514791,0.19597819480552447,0.1889499974234232,0.14153115883551312,0.16654311785860199,0.16825238553640492,0.2171301055057743,0.27679591814716215,0.2790470939622375,0.2914724814245915,0.2919986825359359,0.2618536235404732,0.3080354942150559,0.31520472665969834,0.2907148728684549,0.2633486835881487,0.34600386102315334,0.28361477777786837,0.34832620806218123,0.3248728596373451,0.2800859759058588,0.20584433690194212,0.2663663532310164,0.27586735313079663,0.2555265534159735,0.26827678318096554,0.18148043078203718,0.19407690415248155,0.2572332439720269,0.23001368411013481,0.2904948274341328,0.24356276728267454,0.33817901437168707,0.3094705847029172,0.30566715162912783,0.3441451161439551,0.43723790757020176,0.47388817044598625,0.508442668011582,0.5165692485825084,0.6050057838218911,0.6461206684944212,0.6560112220804202,0.6325247717340983,0.5968969582739259,0.6633417426466388,0.7139994513805399,0.7317170531136392,0.6795658549926334,0.6771921554917311,0.6161074679284849,0.575080038311295,0.582291150082568,0.5575662932768111,0.44617277469991407,0.423073987715915,0.36753136692619437,0.3401569281778038,0.32268308689794933,0.31780406563195945,0.33834626448447197,0.2772106484576925,0.2268261300801567,0.2624498302102723,0.2800786229428179,0.25840731340342293,0.2451434101515538,0.27499782167244785,0.3124237908387504,0.27433608949062555,0.3470447266573418,0.338234168657453,0.31159090212789325,0.2859590597802777,0.2698579682474881,0.25865768826634106,0.2727238739493436,0.2573995740060411,0.2638644592918292,0.258275691300387,0.24061977662479206,0.2544427764107556,0.2553957697660887,0.18094233761455944,0.22485783445520177,0.23884498814532373,0.1609679959235214,0.19478659713255153,0.18026504525298215,0.15831428209389728,0.15843879523745866,0.13980519306179956,0.18211627961185683,0.12240062217017028,0.123496033463255,0.19009326915130614
0.15380904607130166,0.22049116502191715,0.16962108917206775,0.17113993175548667,0.18741242766349414,0.1634085825759221,0.16763618785568057,0.18701903731318423,0.23166406226983677,0.24941429764408424,0.21543937972452343,0.263180479656408,0.2685917516967477,0.2510802990069678,0.3536852312356833,0.2598703501709119,0.2838016568386628,0.2710949899949638,0.32320178170739183,0.3441032668559872,0.29194413883840553,0.2951991855606408,0.25246478983423015,0.27644832839723843,0.33600936794351705,0.30185075960411994,0.2462168894404154,0.2503539354188142,0.22881033136407014,0.18459142340620305,0.2503240879097119,0.2226233534064463,0.19316140317160874,0.23025101113114013,0.27323453376215096,0.23999370715126117,0.3228630375919758,0.30834711403376197,0.29740168336342826,0.38921669065614456,0.3867108585809218,0.5113074989334828,0.48178356783669857,0.5509067692039781,0.5650555477218594,0.6113842783726494,0.6096845864181176,0.6505215286959257,0.6744258532587436,0.7185841855651734,0.681797889110161,0.657826778500558,0.7040401366806115,0.6668477025418916,0.5648007001141525,0.5358740251087682,0.522321368379325,0.4814146222909844,0.43197757053415453,0.38751217229422036,0.36863612195949746,0.33934189427159867,0.3136972536979654,0.29139287972310474,0.28371207874025717,0.24202670184004232,0.2054530058655509,0.29624669385731595,0.21054598320371434,0.23491157131166335,0.2571965461197299,0.2669422210825656,0.242023396513884,0.31897210895826,0.3148930051067157,0.2903893336289951,0.31130331597082894,0.2886690331743111,0.32716135133934865,0.30305011984433056,0.26776668997676917,0.3025703729423299,0.23978915357904051,0.33988867374539555,0.30509334225451784,0.2062305186213303,0.26926964861138647,0.25849922633344435,0.18206954586420415,0.16917353519376568,0.14406167044012716,0.18020618242873385,0.11879756040348038,0.18443856653836974,0.11176395052608756,0.18254791210892077,0.18319474646685052,0.14807416673144597,0.20568402261364097,0.18147179336033922
0.16662333297536938,0.12411390725062109,0.16080341526296377,0.19153905525635387,0.19604238463045146,0.17392069493793405,0.23900569505677186,0.16451352569102343,0.17519201147448152,0.2107775946655704,0.19871228375692984,0.30549179199822535,0.20645875496964974,0.23570683388361477,0.2434861317241105,0.2268826181669049,0.27438326814804487,0.2739436464052059,0.298167652963106,0.3052200649313192,0.3158754831430627,0.258321651647022,0.3094908463993778,0.26973711749452145,0.261877092441483,0.28376383916688924,0.26699528738317063,0.2628047512242254,0.31192995947034946,0.1953421856488191,0.24384498419732034,0.24343126584892566,0.24202957106980857,0.2954839266881395,0.26455001457657995,0.19424656715091698,0.2447568202842196,0.27071074331721445,0.31588392361334083,0.36550429847496246,0.42979261138410507,0.45897745798457823,0.4844586854239543,0.4532753420150636,0.5061097315682034,0.5382171925695123,0.5835408933815132,0.5820690293335071,0.6737829225278854,0.6194972141036871,0.6278389449433296,0.6364951363220955,0.6349896459651762,0.6120901709812673,0.5737466494607375,0.5678422559592502,0.5233215717703308,0.44495414507117226,0.4292115403330022,0.3926394510026289,0.3609441400939949,0.32878764302598407,0.33667960947990666,0.2805443764208025,0.24813611177306458,0.20365225933970432,0.22909418312565236,0.2970158959453787,0.26714711561647275,0.1889215960267949,0.22232042741597347,0.2479979617386365,0.23984470392574375,0.21678122901838767,0.2658439284434701,0.26580412383580815,0.2992218866414498,0.25387669329554086,0.24506209989078517,0.27999631505557343,0.2993952048643292,0.2655780239686479,0.294329663688952,0.23519866741385542,0.2736451889939868,0.24652749245141353,0.16478261122100016,0.22332535127638806,0.24835751355678504,0.15944875636581463,0.2156712594801842,0.1835632910062973,0.17102348075153107,0.1847966575497301,0.1682126017524755,0.17229846364004436,0.14394647964127996,0.1790951783424201,0.11586011221909492,0.1507000540508686
0.1511218857453456,0.1722029147384249,0.15538774531485855,0.09422814078767862,0.13583128840160502,0.19823254524054237,0.16619353394269046,0.1563646693840295,0.12978955479398696,0.22115976900372605,0.17876457194347245,0.20866632017856077,0.21981832885428162,0.17452428525545036,0.2525790518228156,0.2929029978039156,0.3000213230523058,0.23053081725264007,0.26340576084990647,0.26632183287734046,0.22302581343842925,0.29534932062826874,0.24318292783016923,0.28129150820728194,0.24271007898241528,0.24966625274123183,0.24052719373339793,0.23700769975960634,0.2056544558141598,0.23993156022620366,0.24819034566566084,0.21023201276627973,0.26391022573180967,0.20760331476281343,0.24988912866189777,0.24810990363296526,0.2931645790502779,0.28309773229245677,0.37209212438638894,0.2781247291834991,0.3471987858355321,0.42416933331852474,0.459077971845695,0.48519242517127986,0.46544504956467103,0.5683930617401195,0.5937864462863549,0.5557263029070653,0.6613330679870841,0.6007277111832382,0.5805583394438304,0.6068302043771852,0.5602092246236822,0.5695478255459187,0.521683930992443,0.5399399669617672,0.4998638814410056,0.4674776296807219,0.47869926126758067,0.38748391393292553,0.3869292504679152,0.3022197810643316,0.2438845481535654,0.20920070196604743,0.21585813358933853,0.24009861299403598,0.2192288252458042,0.18459648537857656,0.24658345517399385,0.23300641496830893,0.27086074062616267,0.28416824563884524,0.21780837386565485,0.26518527244001217,0.2826797622503613,0.25936069663882116,0.22874814200909296,0.28375136522280997,0.30220373439262094,0.30996277677122713,0.25782777537367096,0.2798282823329451,0.21299389317935324,0.33132419672217794,0.2935271717659607,0.21938242257512877,0.19148095752270003,0.15378155535088545,0.23837797335569336,0.21366768815261886,0.20247903051192767,0.16440734661362266,0.15675807796258312,0.1833096303510856,0.1855488298204917,0.2192193387948562,0.13360560137265368,0.149501606716815,0.16668725546882399,0.1462919706254711
0.11915888757832216,0.1780735160933963,0.14946391644305823,0.15705319920659505,0.13209701993269868,0.13256034512521853,0.1675938786289031,0.1694289922478537,0.14867292185875391,0.18667752176306657,0.17012679979953937,0.17977127873568155,0.214129735528969,0.24197525508665804,0.24510343990457897,0.20509142707494712,0.27263153525234196,0.2817719293903929,0.2181023787873032,0.2725080337622022,0.25092030195342835,0.2895020320454654,0.2593167555564049,0.2880267084723203,0.24877335991880908,0.22932910443317564,0.22349383484895857,0.17821071275862196,0.24204804179018427,0.24499217457298314,0.1937151857495674,0.24170447900188893,0.18872487694342205,0.24511320765969863,0.22594216969785927,0.28747678403108456,0.3034566991242194,0.2768036398904234,0.3024199958885056,0.3437845543461899,0.3678663504958465,0.4565513625287076,0.42733752039479633,0.438082318859536,0.5096838805812699,0.472824703713401,0.4854651668630632,0.5055636876522281,0.58469010498608,0.5396911880714943,0.5624570119411147,0.5211120156229878,0.5669132944827399,0.4977426219420012,0.46590694484830164,0.48777194207692626,0.43709181501725586,0.4224650087557206,0.3719225331116335,0.3149977332305143,0.3589674026687343,0.25355815807342397,0.257621757880603,0.1820337747906265,0.1904288035786029,0.22798609415379684,0.22973623822325315,0.19131239022128413,0.24799168996955506,0.24855506773156338,0.25647652245732977,0.26735154720024557,0.21817125228314654,0.2223497665822572,0.24322853880850223,0.25857261810915255,0.2975739275401305,0.2964097541502331,0.29205231537097853,0.306908169670487,0.2561970891086678,0.24365472947757819,0.27429962978907096,0.28674348031301083,0.27527970167283516,0.20803389063128147,0.17965995458566417,0.23012941161417735,0.18721386335120416,0.2520508404181639,0.21887894281826373,0.2116254299152344,0.19008586846736875,0.2081653264173,0.2186687501930559,0.14882810215727624,0.1748119352070222,0.13619512745553886,0.13567028582775473,0.1485006584034782
0.14224432024567732,0.204522698210073,0.12684088580741004,0.13482425377579257,0.1443576159163912,0.1865264659944924,0.14155747614926428,0.17240523868622892,0.16392380156731004,0.1378916098812459,0.13979458372366044,0.19762257663161079,0.14854011748455329,0.16757114616502744,0.224678672051814,0.21683393534708584,0.19824419377956234,0.23140594111360788,0.24833686956471862,0.2521979030072844,0.19171473759858407,0.2232408450613314,0.24156175385573017,0.2276608958052387,0.207662419962955,0.21624680797716936,0.23966923371973575,0.24809130306785684,0.22865798803392692,0.2699293961633442,0.22764668847761974,0.22882276237119423,0.24519487517877422,0.24853798534637603,0.2584059589082805,0.23846975537345821,0.32494259697090633,0.289592105856515,0.2731075409197729,0.3052022271309695,0.3423425081221054,0.3251454241706001,0.39910698881540274,0.4284854681118205,0.4328867537896874,0.4616946926830903,0.4988865907646015,0.5273187748153859,0.5838588768797244,0.534616150440215,0.5697575536526049,0.521180367039934,0.5076406753628221,0.49069627769844243,0.4739331731131545,0.4488263004588521,0.4068279082151454,0.36916997645196875,0.3510202081606585,0.314052397827742,0.31156963494779066,0.26538149719571336,0.22207660196607015,0.3072742472482201,0.17388665324996216,0.13466661154374587,0.2518592335215572,0.24395787467226496,0.1684911850109447,0.21229871698887898,0.21102877749625978,0.20755961872628093,0.21992988387008686,0.23994441764022373,0.24680582911346982,0.256976144519754,0.2491667916764384,0.2923461104282796,0.2857811392681044,0.29279852839569415,0.2532554230064367,0.2881823323428562,0.24446905808498193,0.27705958893951793,0.27350347112153967,0.24415334027484584,0.2786259241907532,0.2011199212702458,0.25242162072350327,0.20337918860707066,0.18886095480010368,0.2567193428284227,0.26350010121457546,0.18279423326717917,0.20231638842977975,0.13393192869724044,0.1947654759398998,0.15745052605236837,0.18776514277288006,0.13279857855246877
0.1592770203535891,0.1278703788682052,0.11577260634724004,0.10840430158296657,0.13974243477032286,0.15615063326494907,0.13172941447341147,0.22160772998059064,0.15179101071452716,0.1562124709808683,0.15419379914429251,0.19143252983670148,0.20247855651646612,0.16782652699454217,0.09359603619467914,0.15574445894221883,0.18500436702593318,0.21256199035496418,0.1889470584083627,0.19908213217344528,0.2353386959306426,0.20744048814011654,0.24606827853476215,0.24963809246484933,0.2637876762136188,0.2493260386308578,0.24019093955239368,0.24920437764439385,0.23435293603942434,0.21944119905275522,0.19056930950833528,0.2633557465935993,0.2590382454724255,0.2560964773255162,0.23508089754635417,0.23945091759499468,0.2515262803367196,0.26766368258694084,0.28236033545820877,0.35143704997733644,0.36421295607555165,0.351916110841088,0.431538100239149,0.41753825567187447,0.4487846532671321,0.4592865661067518,0.4621975758873121,0.42513278835191165,0.5024503459502642,0.5029088537894882,0.45370347797764565,0.4931017906466394,0.45064405070881486,0.4797420402407501,0.4668394903769139,0.4247425769939743,0.3594528008393461,0.3479613324342542,0.3660258292682028,0.341084537742668,0.1766140263405794,0.24600122064430383,0.2083432781025724,0.17107331581793916,0.1905246003632566,0.13857817883915244,0.21699705623541102,0.14581616831807204,0.18784015468261828,0.18449869053655515,0.1895505910986802,0.2396293258726138,0.23088603930859336,0.2374421216744319,0.16142076388809995,0.28181725878512176,0.2052351200735955,0.25553232745747045,0.29306981315979513,0.27526781054287264,0.25786779987401,0.22207549696398615,0.2768598825891975,0.3095265937150229,0.2114076507429544,0.2549955654974603,0.23121688627377332,0.22298488620830473,0.2605770709627177,0.25261269624519417,0.23564384090086168,0.22835865882897796,0.2332266660927207,0.20111534779583168,0.2000670171158549,0.11270448891300532,0.17804371439360978,0.20449555149327062,0.1631813175627171,0.1608765943839474
0.19528659580368396,0.07616545945185652,0.15832849628371223,0.13936299315236958,0.12534554244038407,0.14712942341257215,0.10369916811076559,0.1558917311810167,0.1895402518627716,0.14132662176322494,0.20583811269844934,0.15256184541384119,0.18210416853999686,0.18230520241681292,0.1483016297973087,0.22809951977971127,0.20930453608244676,0.22020684380062816,0.1942396639457352,0.2330020317337596,0.3057788336228501,0.24082266954280881,0.20298907903321978,0.26332855781162323,0.17380490390766237,0.2601395105837494,0.2353656531029871,0.22306728609795443,0.20201161488535369,0.20379689210121374,0.24626335477106123,0.20418426913921636,0.17435106697143865,0.2694750707212295,0.18932858941869984,0.28864202546470935,0.23243069271818267,0.26525414193661384,0.2887904536066627,0.32947349243596324,0.34849117112727057,0.34597103982078586,0.3534873689100902,0.400801361065919,0.4150430252426297,0.41366816368240217,0.46966293683113913,0.41621839641423125,0.43754010427035017,0.38842302983225346,0.4616438557891463,0.4418398203152863,0.44867850620734895,0.4129875424371835,0.34958710600940784,0.3378872878902405,0.39297611276795985,0.2999338217260269,0.3438771840518283,0.294425107194215,0.3018436156297951,0.19436578681119424,0.19943809784036995,0.16005988799122683,0.19627494310585406,0.15370428810915443,0.15512072972400745,0.1464950104739237,0.16159454925610414,0.18373312432471228,0.19720901445077177,0.1779097073575374,0.20086571180622628,0.2093308335322069,0.1950829347227258,0.2236022625063713,0.2529645932224242,0.3349111255139953,0.2552682599676575,0.2660290981100585,0.3249381283740599,0.21850118662725926,0.27917742043901067,0.29427382250899553,0.280498762932072,0.3130640999606492,0.2581151966848078,0.29507866345087586,0.21595638924221536,0.19579406866135904,0.2139573068176775,0.17458303073144799,0.19857486396387558,0.1503175233022031,0.20242824257145595,0.1745102520907365,0.14555463283650683,0.21245387885352496,0.16010429609039065,0.19310463021042265
0.11477095562675493,0.1247771139032217,0.14630829464960457,0.11289005861539918,0.12079931196107731,0.12452930508464669,0.11952406209239881,0.06928342431553737,0.11053157995734601,0.16532831556695085,0.13721648368773687,0.19284513088364055,0.17672278271434783,0.1552735694703178,0.13540155229655515,0.1851000135876672,0.1583606313065566,0.17736713607372426,0.17213600961337983,0.17106731782382933,0.18846377765526312,0.23505138563517894,0.2706388249386939,0.22161871744268943,0.20640924941412456,0.23346694524780925,0.1771208416800815,0.23317575711451796,0.22298658372237062,0.22085509340202308,0.16518231715616238,0.18146266547533502,0.2568753304552752,0.21019552156505222,0.21308245482748592,0.24543557180631403,0.29780667914008835,0.27271226366028806,0.27217606848747455,0.3096074555366659,0.4181692096052085,0.30620671262554655,0.3819236693489886,0.296528149378465,0.4118772030126651,0.4625521766083379,0.4572840422582799,0.4605866215627711,0.4325364762180322,0.4309877282905153,0.41550876176042645,0.4224353837297789,0.36918066877439343,0.3852646765160635,0.38969224846671563,0.36688655087839567,0.36227593822030385,0.32263762424467035,0.26820358440683395,0.2653242424437324,0.18361955913549233,0.23949636243978115,0.15466626245462287,0.16261118323233523,0.17394081368615188,0.15721292422495492,0.13330642030089937,0.11812515749025819,0.125008666020041,0.18559172131124183,0.19089829543208547,0.18703822640433754,0.19862263168007604,0.16691192586911657,0.16125685249332572,0.2187470657010232,0.25762115768894206,0.2356534745897431,0.22666482401027194,0.24660398506504416,0.26717318155975445,0.25326146971447977,0.18333447679974513,0.23851698734919344,0.2194022994387491,0.25556222922026584,0.2316097972284105,0.26763013007860903,0.25867985183798803,0.23127966397135508,0.21210095730106615,0.22889998532746647,0.183978795892101,0.16177215725227947,0.2113078747692386,0.15296388918366924,0.19117921296251106,0.1821420996527114,0.21272927219606166,0.17372080786275557
0.11683963341228869,0.14961343372202301,0.17701290496109726,0.09157995512959399,0.1428200378534112,0.12008230976212116,0.1860883743938752,0.07594902052605426,0.11753045350019088,0.09701319888802334,0.1016968479330952,0.14557541969118598,0.16381214881726597,0.13742092918996288,0.11419847899083103,0.19324438733944727,0.15866886094967442,0.13461425218476972,0.14342018101480483,0.2113255832557764,0.21155977729145548,0.22319374435173026,0.17833725689425908,0.15867560129373165,0.21498711883856833,0.2469085869659625,0.23955347390320247,0.21258358138150066,0.21269260696711176,0.17474430416303793,0.24034000671408756,0.20299211727762448,0.2092256787630089,0.23910034236747724,0.2579693688557698,0.28758788478439706,0.2769750343007009,0.27256374741719996,0.35324533085561727,0.2539426092398439,0.3497242647866901,0.35976712746063105,0.32534009079731874,0.36761575975181215,0.32090726463184527,0.4126824638775541,0.39470898323531317,0.3937004799693091,0.3578641396496769,0.45065399701928616,0.428010327201047,0.3885064138018728,0.38878347436656346,0.37853070933507305,0.32372227114713586,0.277987580879119,0.2624485761561202,0.2783378803702963,0.20782258236422427,0.18511252343362228,0.23806214034603881,0.18501328522277022,0.20184041880094067,0.193716470957664,0.22643060632315617,0.14396166724775158,0.11481062270140531,0.12915618610803084,0.11946297223166805,0.15598369846902413,0.18295904151810016,0.17248655114316036,0.18568676011812044,0.2505755184416526,0.20430442749589617,0.193919962821962,0.2621489624206905,0.22866955176313042,0.19883704913705502,0.24807487462458552,0.3039804461298196,0.24062241489899083,0.23577081769595082,0.2936503210752367,0.24875789233083334,0.23904572103951138,0.2792183406228848,0.25750192160551527,0.23358806563526094,0.24842820517891068,0.18394721610250045,0.2433067728422264,0.22268325408217807,0.18278056317088995,0.2317062061262153,0.18413003033219968,0.18417518191274093,0.2131738829167182,0.17729521985322755,0.1836042125860975
0.09651323248045895,0.10804725088857474,0.09926177594483405,0.14001174947460976,0.08141008753824085,0.12758472631547169,0.06422341467754462,0.11951233624194565,0.08654193109009681,0.09179696130190085,0.09482558064129598,0.13485981344136222,0.1411148863567173,0.11106227616224813,0.09253403361792029,0.13227762176266328,0.11728787511521124,0.16216908909171837,0.16870015683740977,0.20075219654314577,0.15587140564062024,0.18497749562721646,0.19365060417342317,0.17586338067378027,0.22890121008324685,0.19655038935233266,0.22294992131325633,0.22811786779420945,0.19165266214688934,0.23467800809339082,0.24519433597821205,0.25365924059139583,0.24912849267842851,0.21336866813608832,0.2143501677942536,0.28350613552385695,0.2768124064265131,0.30590495145015595,0.2995798636265787,0.34702247426640903,0.29090375141479985,0.3443659029821987,0.33333380610572794,0.34124662200708605,0.39433118832185465,0.3793400812518233,0.3574486084778712,0.3852748675809714,0.39480874298894053,0.33826959394845096,0.35657152426004063,0.3445929949606257,0.37803162325618067,0.3183067431798534,0.2938872413403083,0.3050099714799528,0.27055551489177687,0.25528375368371486,0.23128304191384955,0.20834066409302462,0.1680465621985641,0.177908862396712,0.12522164762695706,0.1547816826747469,0.19418833315967932,0.09722589002780506,0.12364131538384485,0.1370779902289943,0.11497109120026508,0.10596976487002345,0.1540195242609504,0.16839501639160065,0.14715264201501696,0.22807591634030328,0.1393149815197663,0.1792939809730402,0.2369625284487389,0.25133336707054454,0.26383045266035043,0.26091556057844667,0.3081399230788326,0.23259453485410955,0.2420137977456942,0.24314222048833123,0.27335391023113487,0.2630027278070556,0.277596815251098,0.22214805003523772,0.28679711209214054,0.2313348009355413,0.21723701936070725,0.22564609512193448,0.22633574580196567,0.22974985089095318,0.1413179393024019,0.15146782355845528,0.16138541050157415,0.23794403107289816,0.1396134230892778,0.17236220945510292
0.14249942384307634,0.1125246182440462,0.17770046892401997,0.07949718602736637,0.11452047847298938,0.09484566828611254,0.12420370933392405,0.10742467880145246,0.046746438985389514,0.10878785160584946,0.10370223498202528,0.11413988252287376,0.15092814535447877,0.12924752409884172,0.14896987657050023,0.1423672736298676,0.11412459736538619,0.1417860302226837,0.16047885321950942,0.10452748026024393,0.16928424616300275,0.21846410817885767,0.17994895504318298,0.1681902121037161,0.22527065347107106,0.20732760686467733,0.2575931119469455,0.22450935975451364,0.2560637942635446,0.20389686357556666,0.22242930201925623,0.20626989727815787,0.2627358684132979,0.2197393989214844,0.2289030369779264,0.25615085777118046,0.271431310449878,0.26686382540991527,0.26981897556593315,0.3377553280606906,0.2842945797068373,0.31328748383762317,0.32236978787539833,0.3928071558636837,0.32468875815830645,0.3600153120597068,0.32761090927816394,0.33262085381431805,0.35752667374786934,0.33717568927649694,0.3372096394494723,0.27783323584865544,0.3177414980420657,0.30473201474148626,0.25351662512301565,0.2772102663495723,0.2718321287258693,0.2167980667830534,0.2612299363833657,0.21515965359913491,0.16009980030903562,0.1589214777978929,0.11527815529200335,0.1246880877740004,0.17142186866571943,0.11405220581048979,0.1351458682625098,0.06885972589405874,0.16463244091539136,0.09370648345619259,0.13726378903817937,0.15059331927068478,0.15522843889991225,0.14234075905109883,0.19412748896572238,0.17662119039189203,0.22083826191317812,0.19988329557974044,0.25468973220351576,0.24347308929850717,0.24130193861419624,0.17940019234066124,0.30910141454762197,0.2492814167190567,0.2506272623237135,0.2553464882559025,0.23085359893699176,0.26044387584981643,0.22628746810905367,0.2585114942933988,0.20402589761536702,0.23911539283506206,0.26742962502991063,0.25670622713332164,0.2264319470303968,0.21659170635337305,0.23424296090617414,0.20154270973243749,0.2295428907467225,0.15229508113500684
0.12011603229527351,0.14564384420429954,0.06271145844836662,0.08202780154963202,0.1638339588367995,0.11369316629925116,0.12961071454073078,0.1581634038817723,0.13091414473517513,0.05257514218577504,0.06443638391583076,0.07156251140412262,0.11427091937978257,0.09734485114601707,0.10827700677284939,0.12497978594744562,0.17662205929202043,0.12746931725266442,0.11795824731681093,0.16207727149770784,0.1698757524425596,0.21141429179940596,0.18481798743786382,0.1937643099542337,0.18934208779358663,0.24353176855664654,0.20697876764533402,0.21726702839395645,0.2045711237565454,0.19781784907214842,0.2254991323233217,0.26573878338919305,0.20010339769535426,0.22876674107431913,0.2450237047973569,0.23498117611528335,0.267465956654999,0.32209529844857565,0.2562055014219418,0.28850258785277566,0.32759216294549287,0.2901919880365944,0.3129793297393123,0.31458486183712175,0.34085425691920307,0.348618200729469,0.3671497365976492,0.3697892724318642,0.3413529284746784,0.3213904925877467,0.33216221001907725,0.30377029421002394,0.2990744305554408,0.23059332710818192,0.21464542484615873,0.2521834870256582,0.24897215076435047,0.2032064545341103,0.18600473240208135,0.1268395964197073,0.16153328094690036,0.12763441583701285,0.18390704084344645,0.10167470836116743,0.0826075396692462,0.11216030267732711,0.1185684579241456,0.13364021619299396,0.11547658405840297,0.10956982990526719,0.12657636013622356,0.13345780367819463,0.14290689822290686,0.1678640018415846,0.18029878141336025,0.22003314014232664,0.20025899441529574,0.21424649515228872,0.2260611510778077,0.2234041462521072,0.1817098720086164,0.2891731392629504,0.2461795566780569,0.22030594851848895,0.22789382276695766,0.29686430869602903,0.25206874988943134,0.2715239523641137,0.21338094263088586,0.2654122638989798,0.2054808603673657,0.26714248385085926,0.2410620684082505,0.21791423273893012,0.19146312484323366,0.19997243627031022,0.21843996465494325,0.1829028384646267,0.13541795108065888,0.14847005572575506
0.13670875846897265,0.13847965931727216,0.1398234296168439,0.09880340576159341,0.1128132848725248,0.12600883755192496,0.02531302074036607,0.06635513125757082,0.10506403936841648,0.09978340369138794,0.09855912220885751,0.11984189307640862,0.132931027226471,0.06143074119453201,0.10922612217247388,0.1019623744557193,0.13358557122949977,0.1495506200010403,0.12521286530343737,0.16930819426742738,0.12882008705281847,0.1900713034653799,0.23284444322906683,0.19260741537013112,0.1960132811817874,0.2207481561688332,0.24249740485641502,0.22737052569877547,0.2375601875635935,0.24191627750494055,0.21831501403717637,0.24742852517153294,0.20960876860966612,0.21077862959861055,0.24273215295635675,0.2752940804533844,0.3063808720554301,0.2691591570767731,0.2787065982355081,0.2906866269854225,0.2484038310065053,0.30763896039542526,0.317786278555638,0.3681981831745691,0.3155411195512088,0.35410221333938985,0.28189276354043236,0.26654256503269275,0.3356566463416512,0.3165525207598582,0.27644101349974776,0.28760427788557086,0.2409337821478278,0.24841691693731188,0.23919567643677,0.18319900345908885,0.2164668884802066,0.24675938770735528,0.13771012090700413,0.14475825991205438,0.17872345302207446,0.1542809096855681,0.10071790460659572,0.09647244409544099,0.19280196621503537,0.1555593471692533,0.11752546913131348,0.14325684674284325,0.16282122826790815,0.14516325753049314,0.05676487478344537,0.15349864410982367,0.18272616431081903,0.17561440853092938,0.17172006471883855,0.14423283032137532,0.18861922493888997,0.22923958374287973,0.20071517267487904,0.22152716485173493,0.2557286379394204,0.20029727622764928,0.2012494617514835,0.22800463274337493,0.22183064247138112,0.21868125407392075,0.18507081869055705,0.26025298569093147,0.2282401664558218,0.19211338648231954,0.26159239760466013,0.2420001427700546,0.21111936025910993,0.1879019032315534,0.24909932662590958,0.14539684106186365,0.19531919258773564,0.16959985638421024,0.2350146116360376,0.17492059472876
0.14479462226814654,0.09988864628010853,0.14254116584415777,0.11569114277302571,0.13219022127219218,0.09439145351220814,0.06690107441084696,0.09295385017679807,0.0569312671133924,0.0,0.11013573939324332,0.08789323835008164,0.07513440529657257,0.09232226980217459,0.048256321270970196,0.10840438614803552,0.08668922675233344,0.05139696140226079,0.17174725148972486,0.12570159341856973,0.1863404218299553,0.17311585721468478,0.19047020140158313,0.1561443128610692,0.16264378119717776,0.20612768756001065,0.1702660928424687,0.20107846700048823,0.17337551067157408,0.24287142018443367,0.23524903686298884,0.2364970296253279,0.20379078654905322,0.22680428512455109,0.20126831462095618,0.2627090145475323,0.24833966167190605,0.26531555671952006,0.2602149435173895,0.24574230759603027,0.2807299251455039,0.2994566858401986,0.25344010064645683,0.2993853408897262,0.25103441164404705,0.30251369062793976,0.31622013823843176,0.28090266886704357,0.3193749081269438,0.299463305767645,0.28490444744046906,0.24075404295022673,0.27813390086258605,0.2508306003085158,0.25217625346254696,0.20334290885563294,0.2275689046857902,0.17959409624049946,0.16322825654023124,0.12167281399348091,0.17260461410741967,0.12818085386983133,0.09082772416285767,0.13403070711090037,0.13901335491617825,0.07990450972473803,0.10831607679890869,0.1013647355414266,0.13317669294885393,0.09577081113898,0.1718371515747344,0.13828355691993371,0.17113500879041446,0.17303625205996112,0.13299815742614887,0.17337431094963401,0.23933823074158392,0.22415644906966636,0.1810894099544172,0.18885227061258633,0.215787232140539,0.252013097322846,0.24243444796375196,0.28124734705122983,0.24515672916432663,0.25009268093180753,0.2708123776597727,0.20566505658350542,0.2336241512598347,0.2979037404388377,0.21373712032596337,0.21876207289995062,0.25682223640804874,0.21576797583784638,0.20460707320955718,0.16599996689283145,0.22637688751336887,0.19465155872485596,0.18017371855358294,0.1660801604349696
0.1137167965428563,0.1346101452217056,0.13724167096103987,0.11958649830413122,0.11416242528148308,0.06870960624669707,0.06944651178997996,0.1061095516365923,0.09470838834641632,0.08350118226376284,0.1295954500340139,0.12997096347049525,0.07353602504767899,0.1301310351422716,0.12360428850785533,0.08071925098158676,0.14190433627015556,0.1482411839595587,0.1396914996993068,0.17808602337712298,0.10045312440286035,0.15343459754553276,0.158226874047447,0.15231974524743389,0.16277609743081722,0.17092752684612572,0.1779484107268933,0.24808381266577523,0.2059580727189971,0.21437126939640944,0.22377014471652878,0.2474710726800319,0.2420150124773983,0.2169559440269501,0.2877950344763521,0.24581789158937264,0.27212505770812084,0.2515768902604235,0.24341478231458225,0.20549618312432835,0.3054865259368333,0.3252160256216475,0.31660322381949346,0.32909420634770997,0.2723943968810547,0.28051963002603314,0.31523219345093806,0.27411573406542605,0.23225193547265674,0.22171501799435808,0.32441028132249183,0.23399871519909507,0.22324468040150425,0.1872435470943499,0.1982811205794407,0.2117150270106039,0.1681809082085548,0.1519000628504601,0.15682824358681263,0.07956504955506222,0.08374274477450865,0.06711218816785981,0.08470323556723565,0.14402419730182023,0.11963017231175226,0.10987430377723365,0.0852807776142575,0.056832686174718955,0.14485118757314117,0.08509410611838725,0.1099204740192456,0.10440682177665084,0.17560591355579322,0.18275846759298678,0.1771881323417133,0.16694861505903955,0.14080745734271427,0.24515069048244445,0.18189155952541475,0.23090598139145266,0.19621394499978334,0.19105178923549707,0.24760030767606384,0.2651385647486076,0.24144675982108757,0.18506559317111757,0.20934403503862098,0.2196193700261234,0.26908834075301136,0.2814541818157138,0.2285314265487125,0.20550938822154444,0.25857276097369586,0.21568497481069532,0.25049414207994364,0.2271025099581141,0.16165045269454573,0.20502659903170364,0.1828486037790924,0.1952389571260094
0.13879021827622537,0.09353479126337319,0.1253201290411793,0.09705196838401528,0.08922046391484374,0.12376555651187764,0.05692247386623731,0.09397337386671709,0.07159849088723462,0.05084190011750267,0.10923562176810851,0.10441546021726295,0.047526234647347135,0.044672640050824296,0.11595823047945221,0.06765881972889687,0.12117824422063343,0.0830607446841958,0.12879187735435163,0.13365777529957956,0.18183635746463458,0.13003795761083922,0.17016217209935822,0.21409033174588832,0.19971513623586687,0.19070918083243102,0.1884788587608607,0.18674270656904812,0.15157978684608542,0.1856933105046084,0.22462100069485227,0.24057143390609567,0.2085142081856932,0.23427307908646058,0.2360642355745315,0.23378911697977162,0.2386942690167712,0.23897383273657863,0.25003810055035125,0.31401585248524794,0.218267894988423,0.23567677846702983,0.286168662283959,0.3347909201455051,0.32305938038915843,0.22981499310028647,0.3050611316610554,0.2937667709963572,0.2981305963297216,0.20273540765107878,0.3128908207938089,0.2148902482706431,0.2068270547649177,0.2179433649231885,0.18629016863520856,0.1432516082001058,0.19551973251637705,0.15620308867146385,0.14454812024176508,0.1913901702945858,0.08913742808704317,0.08144674913200675,0.06212882239657978,0.10513387606064653,0.06450802453297004,0.08396078245553888,0.0954080265838991,0.09903484423865842,0.13903435849446044,0.08132771709529962,0.09542812740400726,0.1586918357929318,0.12409068286776814,0.14827141549705183,0.15684919857801058,0.20455174660011025,0.13187797748445132,0.20350458280031825,0.2216460419923515,0.20570678983887086,0.2831278214054022,0.22965579145091927,0.2086641952242913,0.22507819686818642,0.23033394727345852,0.283384789890762,0.2122915180893817,0.23691900904323376,0.24046564470573198,0.19651791240749736,0.2147481802358034,0.21595728751805307,0.22092351121128692,0.21011182750534815,0.17668555843612502,0.19614610371217142,0.21135089707379418,0.18847844331066932,0.18690072391683824,0.19759655765642314
0.12762323896167038,0.0871513957849323,0.14040571044143893,0.17198420047186772,0.13460636885356184,0.09692179076828429,0.06805652190164722,0.1025936142176847,0.07434194456217812,0.10030911278783954,0.13856350203528428,0.09624045584375382,0.032821845875508564,0.13879396361876126,0.1356297629614243,0.1564378180317639,0.12981728985570012,0.14152880662351522,0.13889957011144513,0.12259797213884138,0.11261096135632771,0.11210195953012002,0.19802258132508865,0.11294761124103889,0.15650074777213815,0.15860619917675972,0.19648719571662063,0.2060026080885937,0.16545269256308404,0.17096652014671493,0.20862229774039898,0.19658626203505095,0.27483770565277976,0.20875135302441208,0.2312601534005703,0.18379389008240446,0.24002345528874547,0.25207109537831546,0.28911645578951595,0.24889171319226175,0.28898679508247227,0.23053458171216704,0.3349747800265221,0.14416317166151926,0.3197981542281471,0.25769587165978414,0.28927175116167875,0.2717700852879868,0.249683194752549,0.2518235616821943,0.19482526432560082,0.21598415130019216,0.20937915335848448,0.19641770288893876,0.1446322676259326,0.20304577789745687,0.1622940720869021,0.10230794861809521,0.18031393835783116,0.10650869910682663,0.07223559659660272,0.14589669739896044,0.09647676014922599,0.09037548069294639,0.1245337261663634,0.053283354146626695,0.11878902395371818,0.08036731562037473,0.12059314758986878,0.130441932349865,0.14125782883160692,0.12046107494474487,0.15282708823603977,0.16663127718283266,0.16702702808807202,0.1419530494933857,0.1978921136227252,0.2241269610556573,0.21930456034765164,0.16859801799093824,0.1864714857467703,0.20617931833962586,0.24587980102185364,0.16921760941612946,0.22203959474240775,0.24592197352697118,0.30254585095186176,0.2547794976183245,0.21844689000806772,0.2162949465626538,0.22739048871121378,0.187905700409957,0.22879140584824476,0.19411442946043886,0.1558184250882802,0.18527279435746333,0.1496650919788802,0.20028352594385637,0.23466686040265866,0.21772404244272342
0.10656202829170953,0.10173524041023681,0.06349196887521318,0.1146982609590866,0.12744626051299168,0.13484542480126574,0.13636542747498862,0.08499637751352444,0.06928906725316886,0.13044481989780693,0.061643343390592145,0.08548120399624487,0.019199435688350946,0.1397393047063612,0.11407151066375346,0.1449273133958959,0.08373578424173796,0.10407974988972186,0.030611291550455527,0.15207426644560934,0.19071669521847595,0.15636609176506622,0.13991319423361223,0.14536628118223263,0.13685225075046512,0.1530456386845481,0.18794873640066492,0.20776193455469757,0.17477681644426854,0.2223655129392529,0.1588463250615931,0.18114347570278222,0.18690427750442143,0.22961865231361775,0.1528838739015937,0.21460326250537823,0.238795348791494,0.2681213608092959,0.27382360274384937,0.20643695306412557,0.2455212733151662,0.2563290649189925,0.25964450965341934,0.2435682008643731,0.23961749019361067,0.24344876950183814,0.22533483797391887,0.22323451347952097,0.28249435913111437,0.19154321060416485,0.24701730825726345,0.1601719254216832,0.1990452185964274,0.20699916312140618,0.18677796714070516,0.09777648407398026,0.13333473644712016,0.14495077375299878,0.1405702073751443,0.060514434125285864,0.07477078143080478,0.1243419084120779,0.11870896770707035,0.08660976032884474,0.05413282793467161,0.05475889603998237,0.025209059195060085,0.10317675331914347,0.09658414946224732,0.07274766545086364,0.11938637742199909,0.11286391649831418,0.1611705507873375,0.13224402054840756,0.1384747266294726,0.13030606952397833,0.16445788256361973,0.14458535623105684,0.15968949469744365,0.16973952583965776,0.19053346079935513,0.1572389549587968,0.24638905880024184,0.19297968069838958,0.2071111470241295,0.24541391345937427,0.2004761877024138,0.2668609435388214,0.24038269795617745,0.24599156411858716,0.21989193416650382,0.2425996802546769,0.25592813739589887,0.18427800155153914,0.19589625119616674,0.211528362841054,0.25847453747521476,0.20681334671555704,0.19269409488943057,0.20729769976120727
0.176560834472206,0.14334941219537195,0.12187281424088488,0.11955828977113477,0.07235500029166518,0.1050855174089676,0.11530593008849109,0.1025752481623512,0.1016699237147817,0.08915114645293128,0.06664685257681588,0.06959740931301749,0.05982793124434962,0.10380896939272187,0.05597906618513866,0.09917786403143332,0.08978429769442758,0.09990937872732865,0.12749611082191248,0.14782802249800533,0.11457756852586902,0.1431363380108814,0.13045683353055493,0.17056701409809913,0.1617153448711002,0.15147677053608535,0.1868130720527491,0.1540819467064184,0.18055831132035347,0.25275980341368454,0.22238921317044222,0.21966819372781096,0.26354386013626,0.23341152660300035,0.21230169899463472,0.2063073817377814,0.23353587869711864,0.28859635083436413,0.2279417282150186,0.19747718500414377,0.25373269683769084,0.2525156886957444,0.24469476148523278,0.21088350028647182,0.2687443015339764,0.18876731291706259,0.25260191217718725,0.2644709106642308,0.23105892358462193,0.2239859375439874,0.21569664961272983,0.1761650139981902,0.2036976668776656,0.13694135902839988,0.1468910151801399,0.09570155437587258,0.0920972006222622,0.18040584356301934,0.1160094179224053,0.15784461221339827,0.14694444570941081,0.10070846326696783,0.131850683708781,0.0753476334070867,0.04791530860968273,0.07925166400295565,0.10695354360923989,0.0632380626388734,0.1051331569484121,0.033483949216296535,0.10141872763597135,0.14099859314694324,0.12457822403248012,0.1772443530299022,0.16738605849565366,0.14600928658867293,0.1532553493387385,0.20434224995322672,0.1902936982598075,0.18466612659812295,0.23472261884873852,0.1977005250907148,0.19573321759120726,0.23098570967030177,0.27661511482754675,0.18519093489718474,0.2520172345066528,0.20971180829830036,0.22263139497254225,0.2529478432646497,0.23688004320825792,0.19188161063392262,0.1922947819249319,0.20135352591578,0.17769618894152958,0.1485397965212975,0.1656171495187426,0.18992611552034314,0.19876009670549466,0.175970647570135
0.17142838738100177,0.11936931305441571,0.14249812854313842,0.0942543408250673,0.08513431548954842,0.12865950272961743,0.04552800721517898,0.03416820858772456,0.05021404925287375,0.1206557309052289,0.17320086437630033,0.057812905143172034,0.07571066163450882,0.1587989463102323,0.10270418312555786,0.11688584788806966,0.09826870360260409,0.1343449258931011,0.15437390967921033,0.17785930424492666,0.13109258030658272,0.11871822396772996,0.16985150442466168,0.10246434312593884,0.19866081593228907,0.19338795171195383,0.19107263882160874,0.21210299034218605,0.19756686109323732,0.1684742103198732,0.16735840656558648,0.2421715313835548,0.23222104820570164,0.1800361186737969,0.20954547248049268,0.22312182946651724,0.22751979119783755,0.23430769968834866,0.19964711039365768,0.2471634348816201,0.23468317910211878,0.20094897362637548,0.2308929832870269,0.1639342517923112,0.26200553582091374,0.27435182652410545,0.2270507813842513,0.16261975373114876,0.17309570123715065,0.21055441109068743,0.20043454753086185,0.17504431675774088,0.15883574991340063,0.20423135993935326,0.19164389979637722,0.09666016193314764,0.17447660401253082,0.12802695314311074,0.10958285546701978,0.11994078769746518,0.11282455539008161,0.11621159362921422,0.07490878079566982,0.09381524076408598,0.06453638507852343,0.18281722236113845,0.07087882433431786,0.14636269953594944,0.08352937719109349,0.085618364576038,0.15021392827395966,0.15756457741732058,0.13241384118601518,0.11117070659524515,0.1344729984891283,0.11528341892121513,0.14176225763308697,0.23692891420314688,0.18164331349921947,0.17715512607052486,0.21093244067446087,0.2295387209666986,0.20279403870163673,0.21565940748815024,0.21822341196210696,0.2328741409290331,0.22230909774713908,0.25615161429399724,0.25102368027104327,0.26405586009552134,0.21629301060829204,0.2201690360231992,0.2806923273027382,0.223876996581406,0.16363800060827438,0.19589428908235865,0.1603784681773725,0.14423252426583172,0.14636261537232745,0.15782473203742314
0.10225252391297687,0.18449802367533688,0.06647612514188005,0.08037058545920825,0.12878923059225167,0.11547602438796117,0.08715453199615218,0.11289413370751979,0.09437387493031141,0.14967933230785813,0.11626383336087287,0.044835276948321505,0.0996745122966433,0.08591241527720266,0.17136391773126675,0.1018518619090755,0.12099582673002483,0.11584259855676127,0.09697070465327856,0.1511401931238962,0.170778274858067,0.13079757304387643,0.13802376039368372,0.11962811195589702,0.15732292570242276,0.14393033139173717,0.1471888656034104,0.19041304243641463,0.14721400709188873,0.21366450391202474,0.1748203766020391,0.20380636374317052,0.24897155980740357,0.24157907025224024,0.24115211244194298,0.22205955133528313,0.19647081033949226,0.19791252256156144,0.25183997539501407,0.23147788405825742,0.25556514959945653,0.213425998245521,0.24553912294187377,0.2207424461477844,0.24842346364126683,0.2045594331291893,0.17531711702826966,0.20916863317532128,0.22111092508153546,0.14721236714665717,0.15846992628661868,0.142614611821291,0.18683335930450043,0.18738755943058202,0.17876438446611112,0.16461510418442363,0.09368235772323509,0.0798611943198667,0.11559245813122666,0.1094168637297351,0.13975582405133694,0.11177198270128845,0.12051070070945495,0.07705359043559319,0.010997048721672497,0.059507016274427886,0.09809019455699643,0.09433579081480854,0.1240100243027708,0.1292382247874506,0.1408970197281525,0.13214449121906927,0.15394472661558364,0.18991769612382053,0.17559689229287412,0.14363901727595627,0.17282048462498692,0.20167884600649535,0.21509295276304707,0.19654418755660338,0.18209832471693915,0.20609449921075113,0.21347559581458356,0.1955681723565705,0.23083857371130692,0.2122812504794758,0.24550242131827377,0.15670464235991902,0.2488059668283566,0.19549388967343817,0.22676585610313263,0.2525507283298434,0.18465654731557607,0.23784642040764262,0.19933426068564875,0.19131751845715617,0.19499563538324605,0.21287681398108085,0.15090028196642272,0.10887457173747256
0.1373826704423812,0.14837077602429058,0.18581418054069382,0.13816976067846293,0.1410958920571806,0.10767183887812722,0.11711789826803821,0.09561529173179673,0.06848907026534964,0.1235231167708304,0.10004746182936283,0.11075474373297875,0.12043603853015816,0.09859538612631479,0.05602374919013473,0.05837902414364046,0.08897366992306946,0.08196349734577453,0.06701291652459035,0.162402221102575,0.12799356405592596,0.08601369587308202,0.10867210478557669,0.13586186866397157,0.18518741252746837,0.15968491415376695,0.1817943462694593,0.17654787216374213,0.19945009643828834,0.17598985654668373,0.14094671083762467,0.23802912848151891,0.17998454894914356,0.17287253375241643,0.20816613392715114,0.20626617960081106,0.25115020069912125,0.2112974189722168,0.1790462093617788,0.18121313586085616,0.16421366655777714,0.1712647111961943,0.18473744890532734,0.22053034766640056,0.2391575764777521,0.19068673714529924,0.20210484097647094,0.1728083961807288,0.21219966690109365,0.16773343692856124,0.17518310734239545,0.17922713510772995,0.17728504521423125,0.12269177481041592,0.13738338159691943,0.14393813714236264,0.18844494820819285,0.08486380950049753,0.16046379625411447,0.052644345336064206,0.07160419040067159,0.05709680139010307,0.09430403509789909,0.06744185228993245,0.10214248097294544,0.07890524405099486,0.0823556138675625,0.11463124858763972,0.04012573242092572,0.11662185773591052,0.13653931837238684,0.1225459359611916,0.13115678460192695,0.16209344099220502,0.17414117908608628,0.19805741738651242,0.14248649664478794,0.147271053402548,0.13428106380963978,0.24414964296138866,0.18271741645970088,0.16746278435220766,0.19049771307493982,0.2338546561878574,0.25090418752409704,0.19239908548705395,0.2087687670270521,0.1785250958842297,0.2038551951559342,0.19978429330750597,0.24205883970618422,0.20870891742627773,0.20131029893747981,0.20082007679093278,0.18870332151208555,0.18585671509253224,0.22254110116344336,0.15664366001727467,0.1664183696689744,0.18178787303495836
0.1692137032869043,0.11284530139304508,0.12585213905381995,0.08786410849027021,0.16508392138392447,0.13650897208054377,0.1322323695081492,0.1164450245394027,0.1129869301046041,0.10209203644670677,0.10352486580966057,0.03900078556277453,0.12335053862010621,0.10223339993495273,0.12402500446780608,0.12122076323066572,0.14048969712603002,0.20430732775447008,0.1753849347523572,0.13476702079761183,0.12804452126810226,0.07801332135924754,0.12752722191379556,0.11528540897583361,0.16298567300036643,0.1604341672625656,0.16798846183974575,0.13478523412866417,0.11305074313173887,0.13166699143563984,0.20878596433675545,0.20594426809987285,0.2171732377112663,0.18270013083933292,0.19230428370801975,0.16334891282533404,0.17063516402871795,0.21431371857918632,0.18924670600781635,0.22139815035487892,0.1874279608153807,0.16260914774797033,0.2328560068623767,0.22614134444147643,0.227546578622721,0.1885156444547214,0.2280887693034099,0.22466025317526517,0.1739620032138447,0.20793780603534057,0.16058771240087522,0.16916367114622638,0.18407205833544849,0.07439908796658576,0.11438722653916386,0.18334337273644347,0.140311367308251,0.1107268654555591,0.13205853011602844,0.10182016894070088,0.1540979018081702,0.13271848505534337,0.11552870522713674,0.10054638862369492,0.11244226968242889,0.08570438134882882,0.08881238235476964,0.11424047568680558,0.128579076826656,0.10898542772092894,0.11571663636859136,0.1103615582230276,0.14801604445689817,0.13509635893519895,0.16891953038782512,0.17203465135541762,0.16688066176468952,0.1895890745326885,0.1518070158275602,0.1541886640993016,0.16903210872673655,0.20273528577684635,0.16569586666143762,0.19840754927566542,0.166052648565877,0.1934649597037765,0.2118769800492074,0.1981275385267675,0.201820032422105,0.23653886057688298,0.18492964176299476,0.2124192886890094,0.16852243812493833,0.13869027309347445,0.17571237219566216,0.1676740332529055,0.1664364459358772,0.22416123541547614,0.15811515024307948,0.13833389436325888
