ID,sp,long,lat,No. cat,Code,d1,d2,d3,d4,d5,d6,d7,d8,d9,d10,d11,d12,d13,d14,v1,v2,v3,v4,v5,v6,v7,v8,v9,v10,v11,v12,v13,v14,v15,v16,v17,v18,v19,v20,v21,v22,v23,v24,v25,v26,v27,v28,m1,m2,m3,m4,m5,m6,m7,m8,m9,m10,m11,m12,m13,m14,L1,L2,L3,L4,L5,L6,L7,L8,L9,L10,L11,L12,L13,L14,L15,L16,L17,L18,L19,L20,BIO1,BIO2,BIO3,BIO4,BIO5,BIO6,BIO7,BIO8,BIO9,BIO10,BIO11,BIO12,BIO13,BIO14,BIO15,BIO16,BIO17,BIO18,BIO19
1,lecucodon ,-103.35,24.51,L2407am,1,-0.0201549,0.00318696,0.00550465,0.00524128,-0.0119727,0.00348957,0.00697846,0.00372531,-0.00374335,0.0097359,0.0274154,-0.00501161,-0.00350446,-0.00263473,-0.00196003,0.00297627,-0.00109047,0.00167658,0.00287452,-0.0010144,0.00735405,-0.00691708,-0.00467949,0.0014182,-0.00689168,-0.00280651,0.00371106,0.00644773,0.00290683,-0.0043118,0.00280885,-0.00266036,0.00360425,-0.000555964,0.00533808,0.00605618,-0.00232716,0.00342434,-0.00826114,0.00520433,-0.00382901,-0.00362659,-0.00699196,-0.00125435,-0.00157689,0.00722109,-0.0103363,0.0086883,-0.0119974,0.00667743,-0.00816789,0.00867569,0.0242648,-0.00317661,-0.0117865,0.00367071,2.18E-05,0.00154976,-0.000715296,0.000735453,-0.00597366,0.00252926,-0.000397083,-0.00386426,-0.00564424,0.00585682,-0.00262796,0.00482259,-0.00126529,0.000356407,0.00549963,-0.00433591,0.00556205,-0.00699488,0.00277302,-5.57E-06,19.1,17.8,6.3,348.1,32.6,4.7,27.9,22.1,17.5,23,14.2,400,115,5,105,273,17,137,23
2,lecucodon ,-104.31,32.34,L7394af,1,-0.00454483,-0.0046773,0.00842879,-2.29E-05,0.00910613,-0.00302385,0.0157038,-0.00616341,0.0158048,-0.0025695,0.00963081,0.00840548,0.00713105,0.000360745,-0.00269142,-0.00236021,0.00986101,-0.00162612,0.00305933,-0.000633962,0.000744274,-0.00140721,-0.00534831,0.00293298,7.94E-05,0.00165161,0.010267,0.00339243,-0.00148268,-0.00206999,-0.00116052,-0.00256514,-0.0105003,-0.00102371,-0.0040782,-0.000299031,0.00202608,0.00164685,0.00317984,0.00279111,0.00239888,-0.00261737,-0.0106866,-0.00376905,-0.00906312,0.0109543,0.000179609,0.00317783,-0.000717769,0.00578674,-0.00382695,0.015478,0.0109452,0.0132682,-0.00871161,-0.00698469,0.000248642,0.00132539,-7.62E-05,0.0028681,-0.00267929,-0.00380956,0.00069492,0.00155054,-0.00165837,-0.00420834,-0.00246691,0.00348128,0.00372293,0.00163985,-0.000278335,0.00573602,-0.00433907,0.00281983,-0.00229031,0.00816321,17,16.5,4.4,758.4,35,-1.8,36.8,25.4,9.1,26.6,7.2,329,64,7,65,159,29,135,34
3,lecucodon ,-104.31,32.34,L7396am,1,-0.00707861,-0.0148724,-0.0166822,-0.00902976,-0.0138729,-0.0054668,-0.0129532,0.00306746,0.0156683,0.00201697,0.00288599,-0.00272907,-0.00675286,0.00110851,-0.00063344,-0.00317922,-0.00123601,0.00666774,2.80E-05,-9.91E-05,-0.00872653,-0.00114958,-0.000715393,-0.00622974,0.00280781,5.38E-05,0.00217162,0.00186315,0.00026418,-0.00213834,-0.00559926,-0.000130882,-0.00195076,0.00503336,0.00636138,-0.00528726,-0.0220474,0.000831973,0.00549817,0.00429623,0.0022955,0.00642393,0.00314696,-0.0103997,-0.00207386,-0.00789099,-0.00244909,-0.014062,-0.00180386,0.0102653,-0.000177714,0.0106791,0.0353847,-0.00672986,-0.0281136,0.00325262,-0.000696466,-0.00254106,-0.00064731,-0.00370759,0.000611469,0.0011711,0.000812043,-0.00170864,-0.00177354,0.00151161,0.00333614,0.00210864,0.0033885,-0.00462382,-0.0082902,-0.0020539,0.0150452,-0.0169027,0.0128403,0.0125581,17,16.5,4.4,758.4,35,-1.8,36.8,25.4,9.1,26.6,7.2,329,64,7,65,159,29,135,34
4,lecucodon ,-105.99,33.69,L35182af,1,-0.0197179,-0.00173876,0.00573055,-0.00122567,0.00385374,-0.0148366,0.00821638,0.00777035,0.00496767,-0.0129144,0.0155326,-0.00208887,-0.00217927,0.00357061,-0.00774363,-0.003067,0.0077543,0.0020907,0.00451769,-0.00328077,0.00481627,-0.00180727,-0.00481425,-0.00338758,-0.0015372,0.00114509,0.00497018,-0.00156611,-0.00541504,0.00175145,0.0037413,0.00474351,-0.00456729,0.00322734,0.00695092,-0.0015066,-0.000790689,0.00299384,0.0077504,0.00189462,-0.00256604,0.000365652,-0.0109193,0.00545711,-0.00503407,-0.00624063,0.00223774,-0.00748537,0.000460615,-0.00533833,0.0190991,0.0193579,0.0131803,-0.0209099,-0.0147429,-0.0147499,-0.000587431,0.00405869,-0.000615837,-0.00169239,0.00358745,-0.00409529,-0.00105667,0.00104313,0.00192769,0.0055704,0.0127021,-0.00414057,-0.0042476,-0.00368011,-0.0102512,-0.0198017,0.0346916,-0.022111,0.030915,0.00825293,13.2,17.7,4.6,764.8,32.6,-5.7,38.3,22.1,8.5,23.1,3.5,311,62,10,66,160,38,143,44
5,lecucodon ,-100.88,22.24,L36878af,1,0.00646709,0.00177107,0.0133532,0.00316489,0.00842001,0.0115983,-0.00181624,0.00382189,-0.00848147,-0.00106084,0.0498398,-0.0038532,-0.0207785,0.0116022,0.00294547,-0.00211939,0.0100948,-0.010376,-0.00745003,0.00710011,-0.0100809,0.00444047,-0.00425546,-0.00556125,-0.00973436,0.000158136,0.00953726,-0.00537291,-0.00024203,0.00648025,-0.00156354,0.0045977,-0.0111567,0.00443696,0.0191569,-0.000548007,0.00463847,-0.00165816,-0.0100281,0.00388037,0.00297415,0.0315608,-0.0169966,0.000389158,0.0038504,-0.00182241,0.00567901,-0.024123,-0.0168638,-0.0119307,-0.00187329,-0.00141573,-0.00959491,-0.00478973,0.0029237,-0.0201754,0.000584974,0.00167154,-0.000260023,0.00492979,-0.00551474,-0.00576101,-0.000835565,0.00110469,-0.00410945,-0.00408972,-0.00700795,-0.000583539,-0.000627819,0.00406691,0.00643163,0.00639104,-0.00883294,0.00172961,-0.00322751,0.00690213,18,16.3,6.5,253.4,30.1,5.4,24.7,20.2,15.7,20.8,14.5,354,63,8,70,165,27,116,29
6,lecucodon ,-105.04,38.23,L37102af,1,-3.71E-05,-0.00404611,-0.00410189,-0.00545409,-0.00187428,-0.00579246,-0.0180215,-0.00695299,0.00809951,-0.0197785,-0.026977,0.0207037,-0.0130519,0.0157176,-0.00563139,0.00112049,0.00343813,0.00452534,0.00824642,-0.004165,0.00568505,0.00474623,0.00959464,0.0022562,0.00945687,-0.00152685,0.00210068,0.00299025,-0.00434793,-0.000207759,0.00565018,0.00205685,0.000416547,-0.00167516,-0.0154069,-0.000420456,-0.00554085,0.00724431,0.0177138,-0.00489939,0.000569888,-0.000690146,-0.00207271,-0.000992852,0.00752814,-0.00119967,0.0109034,0.00233878,0.0190888,0.00941841,0.0196107,0.00978921,-0.0113444,-0.0140369,-0.0103953,-0.0229681,0.000138812,-0.000688422,0.000792009,-0.00187262,0.00177896,-0.00442252,-0.00312754,-0.000821112,0.00498391,0.00626554,0.0069161,-0.0074378,-0.00485263,-0.000909449,-0.00783878,-0.0161063,0.0174672,-0.00278783,0.0160772,0.012085,9.8,17.2,4.2,798.7,30.6,-9.5,40.1,20.3,-0.2,20.3,-0.2,370,60,12,50,152,40,152,40
7,lecucodon ,-104.89,37.53,l37103af,1,0.00301979,-0.00637474,0.0192189,-0.00571987,-0.00808181,0.022078,-0.00231993,-0.00738603,-0.0112719,0.00587543,0.0372577,0.000921097,-0.00523866,0.00929452,-0.00651711,-0.00194824,0.0115168,0.00513753,0.00176389,0.000269375,-0.00871918,0.00295185,0.00240356,0.00204071,-0.00151739,0.00104472,0.000514557,-0.001746,-0.0013583,0.000777234,-0.00697549,0.0129207,-0.00607002,0.000548425,0.0098414,-0.00553616,-0.00229342,-0.005324,0.0170489,-0.00282309,-0.00226181,0.0165832,0.00957433,0.00750146,-0.00517748,-0.00887979,0.00589435,-0.0174526,0.00433334,0.0112217,0.000458461,0.00142328,-0.01216,-0.00121444,-0.00501997,-0.00556054,-0.000156824,-3.81E-06,-0.000509423,-0.000988174,4.09E-05,-0.00273227,0.000654247,0.000447067,-0.00213126,-0.00167648,-1.66E-05,-0.000852865,0.000253568,0.000868459,0.00303204,0.00631963,-0.000777067,-0.00185636,-0.000357013,-0.0021451,7.6,16.9,4.2,790.6,28.1,-11.5,39.6,17.9,-2.5,17.9,-2.5,422,65,16,43,166,58,166,58
8,lecucodon ,-103.73,37.17,L37120am,1,-0.0248565,-0.000190806,0.0175215,0.00125916,0.00903969,-0.00404266,-0.0276519,-0.00140812,0.00782235,0.00596087,0.00232581,0.007353,-0.0566982,0.0118226,-0.00806219,0.00233853,-0.00234157,0.00324479,0.00775705,-0.000658575,-0.00404436,-0.00136596,0.00542686,-0.00204044,-0.00196171,0.00386044,0.000780727,-0.000969801,0.00459721,0.000245073,0.00947226,-0.00031917,-0.00474717,-0.00810174,-0.000157411,-0.00508054,0.00434778,0.00816626,0.0162783,-0.00732298,0.00759667,0.0226082,-0.00492485,-0.00128226,0.0066735,0.0165457,0.0102169,0.00998224,0.00568287,0.00677488,0.00581388,0.0207874,0.00818022,-0.0127828,0.000466471,-0.00868681,-3.73E-05,-0.000976306,-0.000308785,0.00128899,-0.00382522,-0.00726065,0.000105608,-0.00245201,-0.00145816,-0.00187416,-0.000720031,-0.00272151,0.000597252,-0.000766704,0.00287511,0.0114174,-0.00128515,-0.00193247,0.0017399,0.0012031,10.9,17.2,4.2,823.3,31.6,-8.8,40.4,21.7,0.5,21.7,0.5,374,66,9,60,169,30,169,30
9,lecucodon ,-102.56,37.63,L37132am,1,-0.00959504,-0.00550593,0.00645697,0.00095267,0.0110727,-0.0107216,-0.00390509,0.00864347,-0.00167882,0.00133407,0.00757443,-0.00359991,-0.012772,0.00129774,0.000263116,-0.00279037,-0.00335745,0.00223449,0.0031331,-0.00341649,-0.0020777,-0.000419478,0.000147107,0.00432374,-0.00323316,-0.000814893,0.00272258,0.0048567,-0.0126378,-0.00256376,0.00438195,0.00665559,-0.00213385,-0.00267973,0.00602948,-0.00199328,-0.00034875,0.000259967,0.00601528,0.00101829,-0.00972553,0.00496151,0.00732717,-0.000479925,0.00569263,0.0107625,0.00436442,0.00204,0.00990427,0.00957235,0.0174379,0.0262375,0.000743508,-0.00927923,-0.014905,4.46E-05,0.000187005,0.000683282,-0.000934675,0.000492453,-0.00637712,-0.0121442,-0.000619814,-0.00267691,-0.00517668,0.000427349,-0.00206903,-0.00420114,-0.000516496,-0.0024859,0.0027103,-0.00265067,0.010149,-0.0108356,0.0122453,0.00841663,11.4,17.2,4,892.8,33,-9.7,42.7,20.6,0,23,0,383,64,8,64,183,26,170,26
10,lecucodon ,-101.59,25.65,L39241af,1,-0.012279,-0.00245766,-0.0108497,0.000576149,-0.00548894,-0.00153977,0.00349794,-0.00568274,0.00114715,-0.0104485,0.0276464,-0.00107095,-0.0099221,0.0107283,-0.00597801,-0.00012423,0.00239876,0.00190685,0.00927926,-0.00413365,-0.0103151,0.00241623,-0.00423042,-0.00135507,-0.00166468,-0.00448773,0.00837041,0.00307957,0.00269216,0.00130918,0.00337243,0.00449004,-0.00286297,0.00480305,0.000750663,0.000719079,-0.0104775,0.00065572,0.0142305,0.0143141,-0.00843237,0.00646024,0.00263001,-0.000999033,0.00534471,-0.00696048,0.000511243,-0.0124033,0.0207712,0.00722794,0.0301549,0.0109453,-0.0156144,-0.013355,0.00407026,-0.0351178,4.62E-05,-0.000212415,-0.000461368,-0.00431005,-0.00454496,-0.00830108,-0.00166809,0.000643177,-0.000656038,0.000671281,-0.000539642,-0.0103646,-0.00413663,-0.000626297,-0.000120068,0.000382109,0.00681161,-0.00467847,0.0142511,0.00119629,20.7,14.6,5.1,506.1,33.9,5.5,28.4,25.6,15.4,26.6,13.9,287,54,4,68,148,26,138,38
11,lecucodon ,-102.34,21.86,L40164am,1,-0.00537577,-0.000318089,-0.0142773,-0.00777409,-0.0103658,0.020025,0.0087111,-0.00206448,-0.00815007,0.00665993,0.0399225,-0.00323797,0.00685164,-6.21E-05,-0.00121077,-0.000999613,0.0088814,-0.00704842,-0.00298526,0.00394538,0.0103621,-0.00218248,0.00389343,-0.00357775,-0.00829444,-0.00464429,0.00767726,-0.00234892,-0.011686,0.00142716,0.0146432,0.00879122,-0.00169127,-0.00376971,0.0193263,0.00269257,0.00910024,-0.00892314,0.00792109,0.00832434,-0.00263572,0.0177153,0.00175291,0.0112588,-0.00497008,-0.000413798,0.00982177,-0.00606913,-0.0132691,-0.000468072,-0.0110135,6.81E-05,0.00965979,0.0194461,-0.0178008,-0.0229425,-0.000335033,0.00287152,0.000313936,-0.000539722,0.00391889,0.00897317,-0.000327659,0.000397378,0.0034654,0.00255979,0.00755928,0.00586276,-0.000860045,0.00458698,-0.0110424,-0.0255227,0.020578,-0.00224915,0.0206435,0.0160734,17.9,17.1,6.3,293.6,30.8,3.9,26.9,20.1,17,21.2,13.8,541,122,4,95,333,21,221,42
12,lecucodon ,-102.34,21.86,L40165af,1,0.00291067,-0.00279645,-0.0106495,-0.00849844,0.00631921,0.0200183,0.00980091,-0.00242151,0.00959959,0.00944912,0.0459474,-0.00572574,0.00304084,0.000474864,-0.0027988,-0.00124154,0.000216101,-0.00831567,0.00413278,0.00511181,-0.00341041,-0.00363177,0.00520304,0.000804424,-0.0129242,0.000594072,0.00112997,-0.00474201,-0.0118312,0.00643494,0.0109993,0.00798829,-0.00221801,0.00484288,0.0240196,0.00022509,0.0226706,-0.00723981,-0.0104278,-0.000212055,0.00615139,0.0248757,0.0115852,-0.00155928,-0.00288035,0.00194468,0.00925461,-0.0129344,-0.0209542,9.52E-05,-0.0099623,-0.0412721,0.00559251,0.00365128,-0.00270754,0.000786152,-0.000133615,0.000366471,-0.000256948,-0.00108375,0.00105305,-0.00483555,-0.000810337,-0.00281451,-0.010335,0.00119714,-0.0172619,0.00180689,0.0110497,0.00235131,0.00117756,-0.00318189,-0.00174073,-0.00208306,0.00750738,0.0130656,17.9,17.1,6.3,293.6,30.8,3.9,26.9,20.1,17,21.2,13.8,541,122,4,95,333,21,221,42
13,lecucodon ,-101.23,26.59,L41053af,1,-0.00154186,-0.00439377,0.000233611,-0.0083241,-0.00820815,-0.0111838,-0.00541333,-0.00439681,-0.00834542,-0.00471303,0.0218428,-0.00178191,0.0124996,0.0183169,-0.0148568,-0.00467145,-0.0105707,-0.0010628,0.0146772,0.0038796,-0.00222253,-0.00378651,0.00784813,-0.0033356,1.12E-05,-0.00755819,0.0104548,0.00725178,0.0122916,-0.00322467,-0.0112119,-0.00524461,0.00894739,-0.00219272,0.00102425,0.00437184,-0.0126006,0.000970834,0.0119437,0.0112977,-0.00585898,0.00116589,-0.00315381,-0.00666859,0.0113798,-0.0191461,-0.00210251,-0.00685288,0.0297313,0.00761023,0.0106536,0.024291,0.0134013,-0.0165401,0.0167676,-0.0330754,-0.00026377,0.000116815,-0.00117839,-0.0010775,0.000874079,-0.00101414,0.00114224,0.00114964,-0.00837201,-0.00178494,-0.00601676,0.00416744,0.00699337,0.00160592,0.00196818,0.0103076,-0.000472916,-0.010922,0.000451315,0.00409613,19.6,14.4,4.9,547.1,33.1,3.9,29.2,25.1,13.7,26,12.1,323,68,7,71,159,25,127,27
14,lecucodon ,-104.24,23.8,L49597af,1,-0.00475131,-0.00405664,-0.0106628,-0.00159523,0.00901433,0.00245708,0.00695742,0.000578595,0.000892872,-0.00986715,0.0133943,0.00699422,-0.0134817,-0.00481978,-0.00950997,-0.00207835,0.00386486,0.000623542,0.00843861,-0.00101009,-0.00682818,0.00196011,-0.0128272,-0.00264488,-0.00570272,0.00268346,0.0061628,0.00143308,0.00371345,0.00323238,-0.00108009,0.0044433,-0.00340497,0.0048709,0.00864599,-0.00353453,-0.000323524,0.000706951,-0.0145097,0.000414777,-0.013955,0.000971383,0.0113289,0.00175527,-0.0100475,0.0123888,0.00753635,0.0113002,-0.00744681,0.00973094,0.00262081,0.00442566,0.00445563,-0.00702325,0.00578435,-0.0245622,-3.30E-05,0.000216714,-0.000215866,-0.000403366,-0.00162333,0.000851379,3.41E-05,-0.00010564,-0.001329,-0.00405809,0.00287967,0.0031196,-0.00164717,0.0102196,-0.00433984,-0.001385,0.00697655,-0.00670397,0.00940043,0.0151509,18.1,15.4,5.8,375.3,30.8,4.5,26.3,21.2,16.4,22.3,12.9,450,106,2,105,300,13,189,30
15,lecucodon ,-102.49,22.68,L49598af,1,0.00681684,-0.00744322,0.00517539,-0.0120408,-0.00363831,0.00533251,0.00625018,0.000559207,0.00603904,-0.00367086,-6.18E-05,0.00162617,-0.013673,0.0020993,0.000390286,0.002272,0.00109653,0.0030047,-0.00081436,-0.00146599,-0.0058476,-0.00136222,-0.00383721,-0.000430335,-0.00684639,-0.0018067,0.00824692,0.00590152,-0.00640948,-0.00174109,-0.00599584,0.00608621,-0.000409495,0.00332367,0.0127967,0.000810427,0.0055673,-0.0024912,-0.0196597,0.00838401,-0.00731508,0.00523543,0.0102468,0.00289828,0.00509946,0.00142177,0.008634,-0.00374212,-0.00444938,-0.000203965,0.00339038,0.0195798,0.00760258,-0.00181557,-0.0411499,-0.0133424,-0.000347216,-0.000730042,-0.000202873,-0.000873756,0.00383028,0.00108099,0.00279992,0.00131529,5.21E-05,-0.00998077,0.00426249,-0.00193994,0.00907876,0.00508043,-0.01123,0.00492283,0.00696543,-0.00938883,0.00682009,0.0185879,16.3,17.5,6.6,269.4,29,2.8,26.2,18.3,15.3,19.3,12.4,390,80,2,85,227,12,152,40
16,lecucodon ,-102.49,22.68,L49599af,1,0.0207086,0.000640283,0.0027474,-0.011358,0.011006,0.00817561,0.00170443,-0.00261162,-0.0110687,-0.0107286,0.0299663,0.00283763,-0.0253696,-0.0101832,-0.005186,-0.000384134,0.0102211,-0.00544424,5.47E-05,0.00180324,0.000293593,-0.0016369,0.0073961,-0.00181108,-0.00242722,-0.00206972,0.00139681,0.00348943,-0.00396128,-0.00192925,0.0137695,0.00124447,-0.00460576,0.000427555,0.00500113,0.00118327,0.00553622,-6.94E-05,0.0175855,0.000461933,-0.000829317,0.00536047,0.000943448,0.0031394,-0.00194509,0.00448359,0.0015731,0.00102859,-0.00547822,-1.63E-05,0.00307246,0.00436307,0.00163251,-0.00826896,-0.0101267,-0.0255436,-0.000322011,-3.84E-05,-0.000172509,-0.0027095,0.00380853,-0.0060099,0.000481542,0.000680896,0.00274747,-0.00421427,0.00872011,-0.00922985,-0.00103187,0.00147602,-0.0061818,-0.00825828,0.0151459,-0.00668503,0.0149237,0.00595831,16.3,17.5,6.6,269.4,29,2.8,26.2,18.3,15.3,19.3,12.4,390,80,2,85,227,12,152,40
17,lecucodon ,-106.48,31.75,L52180am,1,-0.00942045,-0.0101718,-0.0145071,0.0125864,-0.00549161,-0.00862851,-0.00218199,0.00489755,-0.0102574,-0.00601878,0.000210646,0.00165026,-0.00660784,0.00898222,-0.00323447,0.000172936,-0.00874756,0.00338843,0.0103508,-0.00165245,-0.0141768,0.00102676,-0.0104632,-0.00500498,0.00463472,-0.000292534,-0.00504415,0.00609114,0.00650929,-0.00106139,0.00595336,0.000780275,0.00807596,-0.00271372,-0.00876779,-0.00212281,-0.0145193,0.000955306,0.00476386,0.00374127,-0.0124863,-0.00376498,-0.00155025,-0.00126079,-0.0056074,-0.00732409,-0.00690639,-0.00208487,0.0139316,0.00971933,0.0021994,0.00282629,0.0122421,-0.0110173,-0.00257591,-0.0240178,0.000451603,0.00088671,-0.000271015,0.00398882,0.000842929,-0.00400412,-0.000348762,-0.00311575,-0.00872999,-0.0010913,-0.00953954,0.00146373,0.00679414,0.00222904,0.00260534,0.00352724,-0.000778643,-0.01039,-0.000737761,0.0105504,17.4,16.8,4.5,767.8,35.8,-1.4,37.2,26.1,17.4,27.1,7.5,220,42,5,67,117,20,99,37
18,lecucodon ,-106.09,35.62,L52352af,1,-0.0191013,-0.000139807,-0.00347705,-0.00230436,-0.00540048,0.00396996,0.0057088,-0.00882762,0.00275835,-0.00394022,0.0186064,0.00432986,-0.0267272,0.0115649,-0.00397857,-0.000264702,0.00672919,0.00306999,0.00123218,0.000817844,-0.00936628,0.00206689,-0.0014707,0.00475526,0.00511931,-0.00310962,0.00532646,0.00492152,0.00886681,-0.00480108,0.000543098,0.00129059,0.00274071,-0.00226622,-0.0107648,-0.00198805,-0.0113921,0.00223698,0.0216987,0.00311077,-0.0102903,0.00716373,0.00251179,0.00324226,0.00365892,-0.00487192,0.00587772,0.000632335,0.00707029,0.0103949,-0.000954359,-0.00141327,-0.000145662,-0.00671797,-0.00429922,-0.0158273,-0.000149622,-0.00280498,-0.000170868,-0.000841378,0.00165244,-0.00749063,0.00014344,0.00224943,0.00118552,0.0011058,-0.000675684,0.00117392,0.00701071,-0.00796604,-0.00934202,-0.00485501,0.00626248,0.00259118,0.00864614,0.0170037,10.9,16.5,4.3,812.3,31,-7.3,38.3,20.6,0.7,21.4,0.7,329,60,14,53,153,46,139,46
19,lecucodon ,-104.78,27.8,L54811af,1,-0.00860653,-0.00291425,0.00219212,0.00248118,0.000975898,-0.0154223,-0.00951016,0.0116062,-0.000392524,-0.00284564,0.0510547,-0.0121237,-0.00838938,0.0145835,0.00116292,0.00489462,-0.00137777,0.00805466,-0.00277987,-0.00562157,0.00916612,0.00548119,0.00360207,0.00217776,-0.000980337,0.000753355,0.00179009,-0.000462733,-0.000154309,-0.00137037,0.00284203,0.00580949,-0.00384265,0.00714407,0.0039192,-0.0049127,0.00336936,-0.00250391,0.00320797,0.00709698,-0.00189052,0.00664393,-0.000934111,-0.00283393,0.0170856,-0.0101161,0.00804707,-0.0145479,0.0039778,0.01227,0.0117914,0.00659903,0.0109498,0.00892747,-0.0133903,-0.0253897,7.56E-05,-0.000582504,-0.000877684,-0.000790585,-0.00222114,-0.00445536,-0.00191751,-0.000238586,-0.00435684,0.00889644,-0.00196557,0.00407278,-0.00216418,-0.00154495,0.000832834,-0.00574323,0.00922225,-0.00501383,0.00983766,0.00341641,18.4,16.7,4.9,615.2,34.4,0.5,33.9,24.5,15.2,25.8,10.1,351,82,4,95,223,19,202,25
20,lecucodon ,-102.36,27.28,L56708am,1,0.00510268,0.000633153,-0.0104814,0.00501673,0.00599297,-0.00313678,0.00214377,0.00531345,-0.007335,-0.00916763,0.0495696,-0.0016741,-0.00245186,0.0185726,0.000390835,0.00268653,0.00124531,0.00586804,-0.00283528,0.00175036,0.000797701,0.001226,0.00458841,-0.000834731,-0.00165315,-0.00273444,0.00693345,0.00761318,0.00335011,-0.00110894,0.00404134,0.00821186,-0.00595894,-0.00683116,-0.0111454,0.000673546,0.00128403,-0.00196454,0.0242677,0.00265895,-0.00344226,0.0111959,-0.00252159,-0.00630271,0.00729419,-0.0289217,0.010885,-0.0314053,0.017022,0.0051062,0.0186924,0.0154425,-0.0154195,-0.0140501,-0.040291,-0.019813,0.000296857,-0.00421544,-0.000319793,-0.00140377,-0.00551915,-0.00926364,-0.00232768,-0.00352924,-0.000646465,0.00586136,0.00109348,0.00023487,-0.00849416,0.0019347,0.00479309,-0.0196025,0.0106341,0.00275093,0.01251,0.00132519,19.8,14.6,4.9,546.7,33.4,4.1,29.3,25.3,14,26.1,12.2,283,53,5,62,128,23,111,30
21,lecucodon ,-99.9,24.72,L56896am,1,-0.00663016,-0.00205698,-0.00503676,-0.00655361,0.0112282,-0.012076,-0.00365235,0.00143506,-0.00218709,-0.00159777,0.019469,0.00280196,-0.0267408,0.00503653,0.00237244,0.00168928,-0.00523314,-0.00476973,0.00635269,-0.00144963,0.000367484,-0.00199346,0.00241322,-0.00377393,0.00496828,-3.30E-05,0.00677281,0.00278126,-0.00709667,0.000923527,0.0106968,-0.000497035,6.05E-05,-0.00101203,-0.012661,-0.00349978,-0.0118854,0.00266053,0.0285794,-0.000209047,-0.000511781,0.00684473,-0.00817281,-0.00672711,0.00529995,0.00261002,0.000648954,0.00432163,0.0089704,0.010629,0.0169978,0.020321,0.0267496,-0.0129562,0.00342479,-0.027274,-0.000341606,-0.00202529,-0.0016434,-0.00227499,-0.00115115,-0.0042385,0.000138649,0.00336073,-0.00549654,0.00112241,-0.00593739,0.000247135,0.00439441,-0.00772002,-0.00179563,-0.0030674,0.00545488,-0.0102032,0.00901748,0.0110956,18.1,15.2,6.5,261.9,29,5.7,23.3,20.5,15.2,21.1,14.5,612,120,15,68,279,49,251,51
22,lecucodon ,-99.75,23.57,L56931am,1,0.0141382,-0.000443699,-0.00264833,-0.00883715,-0.00823735,0.0104502,0.00496827,-0.00964983,-0.013285,-0.0120426,0.00398793,0.0054104,-0.00795632,0.00498899,-0.00534537,-0.00182171,-0.0016187,-0.00463469,0.00575681,-0.000169248,0.00330598,-0.00177382,-0.000598485,-0.00186794,-0.00100721,-0.00112202,-0.00551564,0.00226323,-0.00223868,0.00426212,0.00261085,0.000573005,0.00477702,-0.00191978,0.0104216,0.00240602,-0.00423061,-0.00587689,0.0155584,0.00816072,-0.0134636,0.00325088,0.00589717,0.00105512,-0.0143279,-0.00118889,-0.0136734,0.00737653,-0.00553866,0.0116057,-0.00463584,-0.013742,-0.00562958,0.0123415,0.0089961,-0.0154741,-0.0005032,-0.00211252,-0.000849498,-0.00387159,-0.000526425,-0.00309432,0.00202125,0.0030601,-0.000855034,-0.00427745,0.00147931,0.00110113,0.00179175,0.00046647,0.0002286,0.00241156,-0.00073526,0.00109869,0.000701924,0.00447288,17.3,15.6,6.4,293.7,28.8,4.5,24.3,20.4,13.4,20.4,13,485,77,12,59,208,52,208,52
23,lecucodon ,-101.42,24.61,L58609af,1,0.00193119,-0.00594015,-0.00376619,0.00172071,0.00276981,0.0140594,0.00922415,0.00125728,0.00561379,0.000270029,0.0278484,0.0105338,-0.00814458,-0.00131264,-0.00924774,-0.00232846,0.0133649,0.000979928,0.00716819,0.00155442,0.0114131,-0.00272328,0.00624286,-0.00639885,-0.000898557,-0.00294089,0.00995446,0.00321944,-0.0067999,-0.00230679,0.0104272,0.00440793,-0.0108493,0.00722291,0.0109278,0.00422761,-0.00455477,0.00089619,0.0140675,0.00411141,-0.00193505,0.00551221,-0.00490623,0.00259596,-0.00436467,-0.00593748,-0.00195857,-0.0292321,0.00770126,0.00517897,0.0105751,0.0171781,-0.0227557,-0.00142382,-0.0477836,-0.0142571,0.000499064,0.000163254,0.000255635,0.00272683,-0.00364545,-0.00928403,-0.00190841,-0.00202174,0.00168529,0.000602282,0.000543234,-0.00259729,-0.00292063,0.000442885,-0.00133999,-0.0198229,0.00872799,0.00556289,0.0101857,0.00839865,15.8,18.3,6.8,315.7,28.9,2.2,26.7,18.6,14.1,19.2,11.2,460,69,17,45,185,58,156,68
24,lecucodon ,-101.49,24.13,L58616af,1,-0.00581684,-0.00841105,-0.000866414,0.00457248,0.00747169,-0.00894006,0.00874871,0.0100944,-0.0099395,-0.00661574,0.0371829,-0.00669285,-0.000724779,0.0174615,0.00874469,-0.000445203,-0.000373724,-0.00187934,-0.0020253,0.00222711,-0.00453608,0.00357212,0.00334238,-0.00471107,-0.00190315,-0.0003893,0.00783869,0.00378447,-0.00562868,0.00217247,0.0130445,0.00824107,0.000761609,-0.000673399,0.0115248,-0.0056631,-0.00367516,-0.00161609,0.0103137,0.0104098,-0.00260955,0.0130592,-0.00406715,0.0108096,-0.000480072,-0.0272747,0.00498141,-0.0343416,0.00267078,0.00275265,0.00951153,0.018261,0.00245715,-0.0169094,-0.0218032,-0.0233165,-5.79E-05,-0.0025998,-0.000745246,-0.00283202,-0.00543932,-0.00261875,-0.000833493,0.000619329,0.00302707,0.00133794,0.010006,-0.00742216,-0.00773649,0.00230442,-0.00313781,-0.00857427,0.0155957,-0.00628393,0.0133637,0.00303446,18.1,18.8,6.6,348.7,32,3.8,28.2,21.3,14.3,22,13.2,321,61,5,65,159,27,138,39
25,lecucodon ,-101.49,24.13,l58617af,1,-0.000669062,-0.00264978,-0.00435971,0.00729774,0.00494588,-0.0101931,-0.00411892,0.00965736,0.0136212,-0.00341154,0.0279861,-0.00689356,-0.0281346,0.0193828,-0.00309083,0.000531463,0.00557863,-0.00263908,0.000783498,0.00198826,0.00390439,0.000977127,0.00432152,-0.00158619,-0.00186162,-0.00173901,0.00346936,0.00292892,-0.0122049,0.00160786,0.00497757,0.00390202,-0.00233886,0.000653897,0.0116986,-0.00126232,-0.00018649,-0.00194544,0.0120899,0.00260096,0.00575824,0.0137901,-0.0123947,-9.58E-05,-0.00145344,0.00639687,-0.00123098,0.00379712,0.0094098,0.00531231,0.00957294,0.0193314,-0.0102463,0.00125363,-0.000851568,-0.0262472,-0.000139948,-0.000802529,-0.00105893,-0.00047025,0.00154704,-0.00230872,5.72E-05,3.42E-05,-0.00356372,0.000825239,0.00190072,-0.00453522,0.00336859,-0.00033004,-0.00505885,-0.0101586,0.0179509,-0.0135313,0.0168369,0.0122782,18.1,18.8,6.6,348.7,32,3.8,28.2,21.3,14.3,22,13.2,321,61,5,65,159,27,138,39
26,lecucodon ,-101.71,23.74,L58622af,1,-0.00859852,-0.00666536,-0.00134404,0.00387721,0.00255745,-0.00978109,-0.016102,0.00346252,-0.0165728,-0.00179925,0.0205875,0.00116783,-0.000956886,0.022419,-0.0104465,-0.00153559,-0.00618644,0.00382874,0.0126239,-0.00267456,0.00338297,0.00263534,-0.00265855,0.00335513,5.83E-05,0.000292769,0.00258673,0.00388939,-0.00778589,-0.00550293,0.00344366,-9.98E-05,0.0034051,0.00195765,0.00150848,0.00274545,-0.0114988,-0.000236888,0.00944751,-0.0022867,-0.00495597,0.0175084,-0.00430826,0.00285646,0.00755871,-0.022893,0.013209,-0.0202226,0.00608222,-0.00115597,0.0214208,0.0305824,0.00562192,-0.0604381,-0.0500422,0.000578556,0.000300287,-1.70E-05,-0.000149133,-0.000852228,-0.00530473,-0.0162166,-0.0022676,-0.00226663,-0.00804021,-0.00281934,-0.017622,0.00343628,0.00100572,-0.00215498,0.00524264,-0.00114679,-0.00541613,-0.00137696,0.0152965,0.00850766,16.9,18.6,6.8,295.5,30.1,3.1,27,19.4,16,20.3,12.9,347,68,4,70,173,20,164,42
27,lecucodon ,-101.71,23.74,L58623am,1,-0.00343618,0.00208979,0.00061457,0.00349365,0.00467968,0.0107104,0.00459293,-0.00846923,0.0112896,-0.00484419,0.0524329,0.00172661,-0.0187584,0.0114756,0.0055117,-0.00208977,0.00550192,-0.00330421,-0.00409352,0.0045425,0.0110258,-0.0024289,0.0101833,-0.000174402,-0.00505661,0.00156414,0.0147198,-0.00118344,-0.00542637,0.00291219,0.00104867,0.00115136,-0.0111251,-0.00146949,0.0169033,0.00246378,0.00661712,-0.00239677,-0.00295349,-0.000116976,0.000854777,0.0208109,-0.00853138,0.00136427,0.00956303,0.0173883,0.0123759,0.00934236,0.00984442,0.00542548,0.0155542,0.0144433,-0.0244225,-0.0182295,-0.00646014,-0.0181512,-0.000420598,0.000180236,-0.000994996,-0.00231468,0.00281381,-0.00748438,-0.00106377,0.00302661,-0.000441261,0.00501914,0.00523094,-0.00570663,-0.0023234,-0.00499765,-0.00238298,-0.0234841,0.0207217,-0.00826697,0.016098,0.00886612,16.9,18.6,6.8,295.5,30.1,3.1,27,19.4,16,20.3,12.9,347,68,4,70,173,20,164,42
28,lecucodon ,-102.35,23.29,L58627af,1,-0.0285449,-0.00349779,-0.00703128,0.00765668,-0.00343067,-0.00424166,-0.0236326,0.00625363,0.00422561,-0.00820903,0.0232929,-0.0054036,-0.00671999,0.0142234,-0.00395656,0.000234102,0.000945229,-0.00335564,0.00199092,0.0023795,-0.000724345,-0.00253779,-0.00430242,-0.00104269,-0.00333088,-0.000845537,0.00760001,0.0012386,-0.00901923,-0.000426993,-0.00297955,0.000286705,-0.00125884,0.00619306,0.0124776,0.000355867,-0.0025371,-0.00380846,0.00719788,0.00169803,-0.0119578,0.00321104,0.00804976,-0.00117031,0.00583536,0.0090972,0.0124355,0.00394753,0.000179999,0.0130464,0.0106662,0.0144936,0.0164735,-0.0212914,-0.00658844,-0.0299973,3.94E-05,-0.00163065,-0.000555214,-0.00110482,-0.00633932,-0.00972571,-0.000827456,-0.00210958,-0.00224547,-0.0014947,-0.000452917,-0.000910464,-0.00307114,0.00495723,0.00094924,-0.00531393,0.00773539,-0.00115929,0.0145348,0.00880396,17.7,19.6,6.7,319.5,31.7,2.5,29.2,20.4,16.5,21.2,13.3,402,81,4,79,222,21,144,39
29,lecucodon ,-102.35,23.29,L58628am,1,-0.0106944,-0.00487461,-0.0034177,0.00393608,-0.00392316,-0.015281,-0.0197444,0.00519449,-0.00107932,-6.06E-05,0.0161134,-0.00448736,-0.00910039,0.00577726,-0.00500614,0.00217362,0.0155137,-0.00104278,0.00527521,-0.000174848,-0.00152633,-0.00284668,0.00435415,-0.000606417,0.00290092,0.000829092,0.0111826,-0.00248982,-0.00251948,0.00251581,0.0168116,0.00168391,-0.00165753,0.00156519,0.00566591,-0.000318167,0.0051159,-0.00106832,0.00980434,0.0011728,0.0138347,0.00900034,-0.00742808,0.00486622,-0.00714974,0.00409165,-0.00217142,0.0083655,0.00500999,0.00284119,0.00957423,0.0113294,-0.012135,-0.0182807,-0.00152707,-0.00373951,-0.000121651,-0.000913058,-0.000871478,-0.00068989,0.000162134,-0.0124774,-0.000950966,0.00340681,-0.000225068,-0.00201933,0.00256265,-0.0128267,-0.00245034,-0.00288716,-0.000270633,-0.0129708,0.0114367,-0.00518,0.0123415,0.00553487,17.7,19.6,6.7,319.5,31.7,2.5,29.2,20.4,16.5,21.2,13.3,402,81,4,79,222,21,144,39
30,lecucodon ,-102.35,23.29,L58629am,1,0.0149295,-0.00138129,-0.00815519,0.00710769,0.0106813,-0.00186786,0.00841166,0.0151676,-0.00593206,0.0065618,0.0372343,-0.0130184,0.00248975,0.00660504,0.00146639,0.000605136,0.00881147,-0.00683398,-0.000823848,0.00649358,0.00200653,-0.00482882,0.00559529,0.000704692,0.00166767,5.24E-05,0.0123984,0.00229755,-0.00361182,-0.00260153,0.00781634,0.0028731,-0.00964572,0.00458559,0.00521847,-0.0017216,0.00479256,-0.0020324,0.00906473,-0.0058534,0.000966908,0.00924102,-0.00853206,0.000627686,-0.000507808,-0.0027209,-0.0096551,-0.00908884,0.00500119,0.0122785,0.00687349,0.0214079,0.00483805,-0.00430405,-0.0155155,0.00535639,-0.000455526,-0.00367717,-0.000626747,-0.00566539,-0.000285774,-0.00801925,-0.00136928,0.00240696,0.00305685,0.000704007,0.00600114,-0.00251635,-0.0060327,-0.00149579,-0.00746489,-0.0179155,0.0181568,-0.00833545,0.0211524,0.0146937,17.7,19.6,6.7,319.5,31.7,2.5,29.2,20.4,16.5,21.2,13.3,402,81,4,79,222,21,144,39
31,lecucodon ,-101.99,22.74,L58632am,1,-0.00881454,0.000860421,-0.0136303,-0.00365572,-0.00376347,0.00843199,0.00764279,-0.00376918,0.00798033,0.00264774,0.0443393,-0.00634334,-0.00464935,0.00804534,-0.000131769,0.00168828,0.00746531,-0.00215801,-0.00155262,0.00426475,0.00334828,0.000473585,0.0132414,-0.00377202,-0.00519916,-0.00418587,0.00850932,0.000235835,-0.0193925,-0.000204988,0.0176535,0.00732292,-0.0035018,-0.00502429,0.0201481,0.00186485,0.00586518,-0.00708174,0.0030927,0.0122766,0.00904685,0.0261893,-0.000708968,0.0069462,0.000265316,-0.00834885,0.00932577,-0.020932,0.00757694,0.00153066,-0.00839697,-0.00823449,0.00462252,-0.0122671,-0.0155152,-0.00799621,-0.000483029,0.00297291,-0.000873956,-0.00189305,-0.00106456,-0.000285254,-0.00122169,0.00177375,-0.000754394,0.000584584,0.00246326,1.22E-05,-0.00781257,0.0070194,-0.00124915,-0.0321877,0.0199125,-0.00966041,0.0221005,0.013653,17,18.1,6.8,270.6,30,3.5,26.5,19,16.2,20,13.2,403,82,7,74,211,27,154,44
32,lecucodon ,-103.68,27.25,L58784af,1,-0.00754021,0.0040706,-0.00714023,-0.000810131,0.00418338,0.0111967,0.0179248,-0.00747262,-0.00240024,0.000699038,0.0575896,0.00263867,-0.00778339,0.0172098,0.00899634,-0.00117926,0.000851443,0.000262534,-0.00170171,0.00319289,-0.00855034,0.0026604,0.00828013,-0.00231695,-0.00285007,-0.00245874,0.0132237,-0.00191298,-0.00630528,0.00413933,0.00593964,0.0101441,-0.011067,-0.00170404,0.0190012,-0.00163915,0.00569696,-0.00346553,0.0189579,0.00466198,-0.00589075,0.0386988,-0.00141918,0.0191936,-0.0122771,-0.0153657,0.0125873,-0.0203275,0.00389457,-0.00128363,0.00114327,-0.00368996,-0.0135463,-0.0214971,-0.0133298,0.000555959,-4.36E-05,0.00307221,0.000139939,0.000461091,-0.00336875,0.000238629,-0.00242579,-0.00315344,0.00211575,0.0102577,0.00787956,-0.00370623,-0.00200324,-0.00399955,-0.00697724,-0.0350174,0.0332687,-0.0095897,0.0247875,0.0136565,16,14.5,5.1,487.3,29.6,1.5,28.1,20.6,13.9,21.5,9.1,400,82,7,83,234,25,199,38
33,lecucodon ,-104.38,37.15,L60003af,1,-0.00660628,-0.000918391,0.01486,-0.00110181,0.00194899,0.0148441,-0.0113301,-0.00258798,-0.00456722,0.00415908,0.0177857,0.00526278,-0.0147946,-0.00394972,-0.00781554,-0.000895616,0.00670761,-0.00509842,0.00495792,0.00188327,-0.000365666,-0.0028237,0.00499878,-3.77E-05,0.000435342,-0.000169565,-0.00852524,-0.000411321,-0.000478281,0.00346434,-0.00209994,0.000395224,0.0021448,9.45E-05,0.00697803,0.00488804,0.00247378,-0.00250852,0.00717789,-0.00078042,-0.0049131,0.00408108,0.00702489,-0.00759812,0.00569937,0.00846803,0.00408563,0.00444388,0.00127781,0.0048396,0.000415802,0.0131544,-0.00715866,0.0109476,-0.00798481,-0.0238949,-0.000291249,-0.000817517,-0.00174864,-0.00188392,-0.00237991,-0.00353209,-6.94E-05,0.00299734,-0.00372083,0.0016649,0.00161018,0.00239112,-0.00352727,-0.00103359,-0.00056277,-0.00825663,0.0109674,-0.0128177,0.00993345,0.013423,9.9,16.5,4.2,782.6,29.6,-8.9,38.5,20.2,0.1,20.2,0.1,383,67,11,59,174,36,174,36
34,lecucodon ,-104.66,24.15,L63078am,1,0.000102552,-0.00146736,0.0174491,-0.00195694,-0.00806273,0.015146,-0.0065189,-0.000632277,-0.0132722,-1.61E-05,-0.00198772,0.00324655,0.00719179,-0.0123146,-0.00657436,0.00110863,0.00277386,0.0017866,0.00592282,-0.00117516,0.00655429,-0.00131501,-0.00357681,-0.00689096,0.00225446,-0.000589542,0.00765816,0.00179435,0.00125632,-0.00117481,-0.00186589,-0.0010152,-0.00216798,0.000439014,0.00395772,-0.000692583,0.00574547,0.00384608,-0.00309593,0.00607464,-0.00826719,-0.0123462,0.0187331,-0.00127666,-0.0128229,-0.0175076,0.0115404,-0.0118362,0.00560831,0.00563866,0.0241766,0.00391451,-0.00733102,-0.00939922,-0.0372277,0.00590252,7.58E-05,0.000966298,2.77E-05,-0.000973612,-0.000824398,0.000303793,-0.00111728,0.00217958,-0.00305304,-0.00719626,-0.00676852,0.000881253,-0.00320965,0.0149064,0.00523062,0.00912392,-0.012678,0.00234118,-0.00442137,0.00514247,17.3,15.1,5.8,358.6,29.9,4.1,25.8,20.3,15.7,21.4,12.3,551,146,5,108,375,18,203,36
35,lecucodon ,-99.89,33.98,L67227am,1,-0.00803234,-0.00227001,-0.00603438,-0.00110805,-0.00605827,0.00946907,0.000516183,-0.00580199,0.00451207,-0.00085773,0.0187695,0.00485156,-0.0069476,0.00451765,-0.00660904,0.00124852,-0.00292136,0.00310071,0.0064293,-0.000790806,0.00234355,-9.49E-05,0.00201456,0.00541686,-0.000690466,-0.00284875,-0.00212081,0.00822803,-0.0050887,0.00164653,-0.00550336,0.00370544,0.0081591,-0.00710956,0.0161186,0.00181776,-0.00857554,-0.00115867,0.018362,0.00704772,-0.00679995,0.00957515,-0.0106295,0.0002679,0.00596302,-0.016867,-0.000524763,-0.0221161,-0.00412819,-0.00800533,-0.0027446,0.029035,0.00867463,-0.00364899,-0.0330363,0.0146311,-0.000151066,0.00225776,-5.37E-05,0.00022316,-0.00599608,0.0105954,0.00111478,-0.0035083,0.00193332,0.00172665,0.00880486,0.000454878,0.000366946,0.00412458,-0.00508131,-0.00181925,0.0112635,-0.00563237,0.00364593,0.00825725,16.7,15,3.8,859.9,36.1,-3.3,39.4,25.5,5.3,27.6,5.3,613,91,21,45,221,71,190,71
36,lecucodon ,-105.51,34.95,L72371af,1,-0.0125134,-0.00287668,-0.0146371,0.00973716,-0.00323516,-0.0166133,0.00632878,0.0181843,0.00143564,0.0034438,0.012467,-0.0133158,-0.0323581,0.00531204,-0.00120131,7.32E-05,0.00185055,-0.00308074,0.00574298,4.76E-05,0.000190822,0.00100972,-0.00353107,0.00097462,0.00417589,-0.00423282,-0.00185053,0.00303649,-0.000150546,-0.000263383,0.00267895,-0.000680157,0.00480135,0.00131003,-0.0169277,-0.00132792,-0.0151683,-0.00564162,0.0170922,0.00843813,-0.0107729,-0.000955348,-0.00228091,0.00551336,0.00234433,-0.0261429,0.00868352,-0.0296998,0.0166332,0.00774027,0.0192816,0.0129282,0.0122495,-0.0143928,-0.0231148,-0.00274892,3.36E-05,-0.00237715,-0.0015789,0.000185497,0.000482902,-0.00467514,-0.001238,0.00280956,-0.0096729,0.00387768,-0.0126371,0.00453857,0.0047513,-0.00305859,0.00249875,-0.00207206,-0.000377559,-0.00696159,0.00576308,0.0130686,9.7,17.5,4.5,759.2,29.8,-8.8,38.6,18.7,1.5,19.6,-0.1,354,76,12,69,184,40,175,42
37,lecucodon ,-104.17,29.22,L82797af,1,0.0110286,0.000587583,-0.00911145,0.000279543,-0.00783529,0.0158364,0.0126234,-0.00398087,-0.0161119,0.0113669,0.0103311,-0.00527975,-0.0101821,-0.00119246,-0.00373302,-0.00155882,0.0100856,-0.00100944,0.00347968,0.00164804,-0.00497474,-0.00130943,0.00635875,-0.00296151,0.004923,-0.00102916,0.0056326,0.00540744,0.00624997,-0.00288572,0.00854839,0.00288324,-0.000506715,-0.00472543,4.33E-05,0.00150072,-0.0158394,0.00372463,0.0128611,0.00470054,-0.00904152,0.0105444,0.00369609,-0.00063576,0.00717583,-0.0313197,0.00268477,-0.0294248,0.0175579,0.00658418,0.0107255,0.0210291,0.00107947,-0.0319108,-0.0327774,-0.0120994,0.000314818,-0.000662235,0.00013633,-0.0010222,1.08E-05,-0.00620646,-0.00356835,-0.00133228,-0.00264288,0.00424615,-0.00574083,-0.00834938,-0.00410411,0.00301034,0.00190522,-0.0108172,0.00630869,-0.00226819,0.0135517,0.00222129,18.7,16,4.7,646.8,34.7,0.8,33.9,25.3,11.4,26.4,9.9,314,64,6,84,186,21,166,24
38,lecucodon ,-106.52,31.83,L84870af,1,-0.00804736,0.00119869,-0.0113838,0.00297703,-0.00777885,-0.0157077,0.01783,0.00683385,0.00606264,0.00319767,0.025469,0.000533251,-0.0155296,0.00485877,-0.00481629,-0.00438411,0.0046532,0.00310388,0.00354907,-0.00241943,-0.0143812,0.0036043,-0.00610255,-0.000659629,0.00388634,0.00445924,0.000946818,-0.00108247,0.0062392,0.00264894,0.00478802,0.00521218,-0.000357437,0.00318,-0.0010121,0.000134511,-0.00593274,0.00596408,0.0113433,-0.00281278,-0.00238781,-0.00434573,0.00197127,-0.00618193,-0.00300544,-0.00153266,-0.00669817,-0.00962853,0.0067308,0.0144452,0.0121741,-0.00948889,0.00785921,-0.00205809,0.0102659,-0.00206622,3.55E-05,-0.00015187,-0.00010916,-0.000828789,-0.00123689,-0.0057527,-0.00122068,-0.00337466,-0.00157269,0.00301885,0.00083665,-0.00781383,0.00220872,0.00126396,-0.00518916,-0.00832436,0.01489,-0.00898664,0.011591,0.0080043,17.1,16.4,4.4,758.3,35.2,-1.3,36.5,25.7,16.9,26.8,7.4,221,44,4,72,122,17,104,35
39,lecucodon ,-104.75,31.97,L84874af,1,-0.00722089,-0.00590854,-0.00648656,0.00181676,0.00407227,-0.00815302,-0.00774045,-0.000270152,0.0188181,-0.00654409,0.0143168,0.00231811,-0.0116747,0.0207156,0.00227139,0.00108278,-0.00382813,0.00172551,-0.00252419,-0.00191481,-0.00556612,-0.000724798,-0.00496734,0.00349665,0.00655868,-0.00055942,-0.00655747,-0.00375434,-0.00130968,-0.000957327,-8.80E-05,-0.00571385,0.00716742,0.0056336,0.011674,-0.000918902,0.00653269,-0.000527411,-0.0100452,-0.0104282,-0.000459968,0.0120935,-0.000777781,0.00803774,-0.0170355,0.00147397,-0.00680621,0.00937999,0.00384444,-5.39E-06,-0.00282075,0.0206226,-0.0130322,0.00639714,-0.00898453,0.0230429,-0.00030071,-0.00293683,-0.00102485,-0.00190318,0.00449273,-0.000356469,0.000507569,0.00573622,0.00110761,-0.00581036,0.00712996,-0.00681852,-0.00623504,0.00636284,0.000461636,3.70E-05,0.00285324,-0.00716498,0.00162733,-0.000985522,13.8,14.9,4.5,651.7,30,-2.7,32.7,22.1,9.6,22.1,5.3,216,43,3,82,116,11,116,17
40,lecucodon ,-99.8,22.9,L88981am,1,0.0248674,-0.00902667,0.00224163,-0.0119517,0.00222949,0.02531,0.0244873,0.00216618,-0.00435651,-0.00188608,0.0507445,0.00159278,-0.0141316,0.0117751,-0.00212373,-0.000235251,0.0056746,-0.00745751,-0.00373053,0.00127431,0.00342787,-0.000154623,0.00147991,-0.0121903,-0.00304867,-0.000465083,0.00409627,-0.00218027,0.00388047,6.36E-05,-0.00366401,0.000929318,-0.00964113,0.000500767,0.0210518,0.00212207,0.0095969,-0.00594554,0.00892399,0.00219848,-0.00995834,0.0175744,-0.00756519,0.0105585,-0.00542556,-0.0130144,-0.00358608,-0.0104271,0.0149988,0.00253078,-0.00286818,-0.000590116,-0.0116037,0.0173432,-0.0135386,-0.00617118,0.00022021,-0.00193037,-0.00065223,0.000663727,-0.00111976,-0.00263532,-0.00179171,-0.000922259,0.00124529,0.00832977,0.00924705,-0.00191814,-0.00376338,-0.00463017,-0.00639364,-0.0224954,0.027987,-0.0127799,0.0209417,0.00690612,21.3,14.8,5.8,349.3,32.8,7.5,25.3,24,17.7,24.8,16.3,477,90,9,74,241,35,209,38
41,lecucodon ,-104.98,36.52,l95544am,1,-0.00570497,-0.00456144,0.0106918,-0.00436555,-0.000546233,0.000217743,-0.000595469,-0.00296369,0.017347,0.00733273,-0.00644541,0.00509701,0.00194222,0.0101698,0.00180969,0.000205389,0.000660599,-0.00111897,-0.00122155,-0.00220424,-0.00404784,-0.00207082,0.0109959,0.00298773,3.30E-05,-0.000455604,-0.00221113,0.00292376,-0.00990433,-0.00186556,0.00453772,-0.00658012,0.00460765,-0.00115231,0.00372172,0.00170189,0.0103424,-0.00584106,-0.00974112,0.000281946,0.00950363,0.00728628,-0.00784024,0.00797766,-0.0128005,0.00449603,0.00173394,-0.0100844,0.0107781,0.00586231,-0.00270751,-0.00176269,-0.0340943,0.0212494,0.0297523,-0.00343735,1.35E-05,0.00207928,0.000744851,-0.000960821,0.000336973,-0.00515033,-0.00105777,0.00129041,0.00530578,0.000986651,0.00554032,-0.00737549,-0.00808065,-0.00187829,0.00223021,-0.00638359,-0.000797638,0.00647289,-0.00224786,-0.00199653,7.7,18.2,4.6,750.8,27.6,-11.8,39.4,17.4,-1.9,17.4,-1.9,402,76,11,64,192,36,192,36
42,lecucodon ,-99.32,20.44,l99028af,1,-0.0138902,-0.00612562,0.0184004,-0.00491276,-0.0075956,0.0131194,0.0245863,-0.00435349,-0.00620426,0.00315843,0.0439657,0.00396562,-0.00480351,-0.00212675,-0.00109408,0.000810584,-0.00428293,-0.00613109,0.00850038,-0.00238784,-0.012343,-0.00280014,-0.00257172,-0.000826181,0.00112216,0.000610806,0.00419934,0.00311867,-0.00606822,-0.00242328,0.0133198,0.000655734,0.00903928,0.00355338,-0.00537667,0.00196656,-0.00261604,0.00222144,-0.00273826,0.00118269,-0.0071834,0.00478783,-0.00573803,-0.0025538,-0.00147281,-0.0208458,0.000604527,-0.0283718,0.00918179,-0.00594764,0.0217177,0.0269402,-0.00589425,-0.0446193,-0.0357073,-0.0124307,-0.000115753,-0.00031,-0.00120986,-0.00135184,0.0016798,-0.00455317,-0.000957397,0.00158731,-0.00548668,0.00462214,-0.00232029,-0.00382299,0.00182333,-0.000206771,-0.00089182,-0.00805559,0.0113392,-0.0107465,0.00912083,0.00633889,17,16.2,6.7,236,28.7,4.6,24.1,19.1,13.8,19.6,13.7,441,77,6,73,214,28,158,33
43,lecucodon ,-98.52,19.63,L99063af,1,-0.0156197,0.00436413,0.00569835,-0.00344395,-0.00606512,-0.000105729,0.0168716,-0.00721285,0.000270671,-0.00451435,0.0210715,0.000492001,-0.021243,0.00111027,-0.00770987,-0.000973731,0.0150387,-0.00367413,-0.000797173,0.00136873,-0.00376697,0.00290074,-0.00153187,0.00299339,-0.0048181,-0.00119141,0.0129104,0.00089019,0.00177206,0.00157584,0.000392849,0.00136226,-0.00790779,0.00443798,0.00291869,0.00262699,-0.0146723,-0.00322895,0.00336746,0.00473356,-0.00857592,0.010349,-0.00587103,-0.00165009,-0.00159681,-0.0121717,0.000637958,-0.0127909,0.00384675,-0.00208399,0.00176335,0.0101408,0.00722408,-0.0120941,-0.0158082,-0.00234558,0.000275292,-0.001338,-2.19E-05,0.00069242,0.0015189,0.000869674,-0.00270588,-0.00110575,-0.00145805,0.00294683,-0.00165531,-0.0106132,0.00104034,0.00351176,-0.0054524,-0.00454477,0.0121466,-0.00712707,0.0178669,0.00301403,14,17.2,6.9,200.5,25.5,0.8,24.7,15.6,11.1,16.2,11.1,618,113,6,79,327,24,220,24
44,lecucodon ,-103.21,22.34,L99067am,1,-0.0130256,-0.00974592,0.00309766,0.00469419,-0.00335312,-0.012383,-0.0117208,0.0131066,0.0107238,-0.00323546,0.0272026,-0.00196707,-0.0186177,0.0110749,0.00655251,-0.00213369,0.000476109,-0.00694295,0.00355351,0.00109196,0.00130571,-0.00577166,0.000795267,-0.000508695,0.00393485,-0.00315342,0.0090973,0.00478492,0.00527828,-0.00422043,0.000354821,-0.00168719,-0.00512934,0.00315196,0.000937976,0.00188088,-0.00786746,0.00164551,0.00289785,0.000640649,-0.00982937,0.00370317,-0.00689393,-0.00662177,0.00926928,-0.043215,-0.00311783,-0.0573762,0.00255794,-0.0134726,0.01812,0.0258332,-0.00476818,-0.0357182,-0.0414603,0.00122218,-0.000172658,-0.00186707,-0.00111182,-0.00217,-0.000980071,-0.0111674,-0.000645841,-0.000955715,-0.0127654,0.00082368,-0.0159119,0.0133133,0.0032497,0.000354529,0.00620495,-0.00553543,0.00107197,-0.0070255,0.0151937,0.00787133,18,17.8,6.2,327.6,31.7,3.3,28.4,20.7,16.6,21.8,13.5,565,137,3,101,361,17,239,45
45,lecucodon ,-103.35,24.51,l99199am,1,-0.000738021,-0.00614389,-0.00936489,-0.00446678,-0.00605137,0.0153913,-0.00808866,-0.00878618,0.00788804,0.00335029,0.018736,0.00560796,-0.0170774,-5.55E-05,-0.00355712,0.00245425,0.00379498,-0.00245518,0.00253282,0.00234064,-0.00368093,-0.00647502,-0.00514332,0.000426972,0.00122695,-0.00589242,0.00272471,0.00405044,0.00129436,-0.00358443,0.00448967,-0.000572304,0.0110574,-0.00208864,0.00119529,0.00131403,0.00249259,-0.00239449,0.0143734,0.0119942,-0.00482403,0.00492835,-0.00405921,-0.005609,0.00598747,-0.0188531,0.00203025,-0.0281804,0.00396905,-0.00976216,0.0199197,0.0205087,-0.0113907,-0.0125884,-0.0256414,-0.0030271,0.000178032,0.00118496,-7.73E-05,0.000160458,-0.00193234,-0.00492908,-0.00113334,-0.00200779,0.000830949,0.00500814,0.00510129,-0.00698883,-0.00176439,-0.00091456,-0.00235175,-0.00343279,0.013008,-0.00159502,0.0121238,-0.000734849,19.1,17.8,6.3,348.1,32.6,4.7,27.9,22.1,17.5,23,14.2,400,115,5,105,273,17,137,23
46,lecucodon ,-99.7,23.13,L100711af,1,-0.00944713,0.000763601,-0.000131544,0.00225573,-0.00731929,0.00666351,0.0187761,0.00265994,0.00248343,-0.0149089,0.0307573,-0.000279413,-0.0135742,-0.00349593,0.00777645,-9.09E-05,-0.00141222,-0.00520645,-0.0013454,0.00482378,0.00767229,-0.00248009,0.00176403,-0.00208705,0.00601908,0.000135907,0.000321665,0.00106394,0.0105129,-0.000503025,0.0106585,-0.00222522,0.00156865,0.00380283,0.00507162,-0.000891939,-0.00577718,-0.000395384,0.00592527,0.00104883,-0.0138485,0.0124769,0.00247242,-0.00892146,0.00509719,-0.00963819,-0.00958031,-0.0246608,0.00790716,0.00621634,0.0195032,0.018522,0.0250924,-0.00600094,-0.0190929,-0.0207304,-3.06E-05,-0.0021779,-0.00107128,0.000578155,-0.00499105,-0.00480432,0.000279254,0.00102835,-0.00470037,-0.00211823,-0.00584888,-0.00294522,0.00469681,0.000343169,0.00129441,0.00760276,-0.0020219,-0.00262744,0.00139071,0.00588343,19.6,15,5.9,337.7,31.2,6.1,25.1,22.9,14.8,23.1,14.8,523,97,10,73,247,39,224,39
47,lecucodon ,-103.39,21.92,L105859am,1,-0.00902603,-0.00128307,0.0131825,-0.000802006,-0.00456611,0.00650437,0.00900947,-0.00131915,-0.00745818,-0.00585001,0.0226368,0.00659292,-0.00664044,0.0135341,-0.00981833,-0.0034196,0.0214314,0.00202724,0.000315783,0.000342487,-0.000501044,0.00721837,0.00395046,0.00261671,-0.000666996,0.00376174,0.00141089,0.00422411,0.0039209,0.00324453,0.0125629,0.00530034,0.00257361,0.000588415,-0.00652781,0.00191694,0.00539368,-0.00333827,0.00142532,0.0111767,-0.00234752,0.0098391,-0.000165644,-0.00498343,-0.00372678,0.000834412,0.011652,-0.010483,-0.0081289,-0.00121313,-0.00618819,0.00217738,0.0202233,0.0186987,-0.0245859,-0.0091794,0.00013638,0.00163541,-2.92E-05,-0.000669979,-0.00649603,-0.000205319,-0.00162658,-0.00244802,0.0011008,0.00689041,0.00401175,0.00623522,-0.0113379,6.69E-05,0.005625,-0.00803546,0.00488752,0.00237537,0.00620773,-0.00474783,18.2,17.1,6.2,306.1,31.3,3.9,27.4,20.4,16.9,21.7,13.9,719,190,6,110,479,21,326,40
48,lecucodon ,-103.39,21.92,L105860af,1,-0.00173152,-0.00311871,-0.00486141,0.00829542,-0.000354701,-0.0136516,-0.0160015,0.0123035,-0.00891221,0.00911294,0.0207135,-0.0131711,-0.0106809,0.0142905,-0.00676106,0.000954666,0.00924797,-0.00349096,0.00270893,0.00172064,0.0017555,0.00213755,-0.00588831,0.00124689,0.000856088,-0.000852415,0.00821981,0.00314028,0.00395905,0.00185984,0.00327719,0.00275431,-0.00870761,0.00152122,-0.00609778,-0.00109208,-0.00514548,-0.000897272,1.27E-05,0.00745813,-0.00165243,0.00239804,-0.00536621,-0.00607302,-0.0029973,-0.00121769,0.00632533,0.00505821,0.0124193,0.00268697,0.00115304,0.00417575,-0.000968139,-0.00582956,-0.00221379,-0.0263367,8.61E-05,-0.00195703,-2.40E-06,-0.00436457,0.00160557,-0.0028288,-0.00260922,0.00141294,-0.00232587,0.00472944,-0.00629885,0.00141368,-0.00614473,0.00419348,0.00458725,-0.00779112,-0.00135674,0.00734519,0.0112909,-0.00454079,18.2,17.1,6.2,306.1,31.3,3.9,27.4,20.4,16.9,21.7,13.9,719,190,6,110,479,21,326,40
49,lecucodon ,-103.39,21.92,L105861am,1,0.000452858,0.00134955,0.0124709,0.00664659,0.00355996,-0.0117237,-0.00515332,0.00586787,0.0148671,-0.0157185,0.0382215,-0.0108609,-0.0235192,0.0139456,-0.00725448,-0.00250374,0.00905419,-0.00651871,0.00513861,0.00211272,-0.00129806,0.0043684,-0.0061986,-0.00466189,-9.78E-05,0.000949595,-0.00184649,-0.00320966,0.00466615,0.00369009,1.16E-05,0.00666751,-0.00746808,0.00337655,2.37E-05,-0.00181508,0.00466858,0.000232245,0.0124629,0.00940593,0.0135464,0.00790279,0.00340174,-0.003924,0.00545175,-0.00625831,0.000545558,-0.0277841,0.0119731,-0.00119251,0.0121035,0.0154067,0.0168077,-0.0184576,-0.0630572,-0.0181832,0.000110328,0.00172863,-5.25E-05,0.00116299,0.0047408,-0.00339095,-0.00146701,-0.00320132,-0.00245587,0.00562515,0.00517896,-0.00471437,-0.000270038,0.00613451,-0.00483094,-0.0154656,0.0215349,-0.0126027,0.0131391,0.015416,18.2,17.1,6.2,306.1,31.3,3.9,27.4,20.4,16.9,21.7,13.9,719,190,6,110,479,21,326,40
50,lecucodon ,-102.78,21.28,L105862am,1,-0.00499918,-0.00625416,-0.0136662,0.00832284,-0.0180828,-0.00966419,-0.00191245,0.0128944,0.0113812,0.00734018,0.00647727,-0.0190928,-0.00890408,-0.00678906,-0.00110147,-0.00140432,-0.00267043,0.00292139,0.00814526,0.0042507,0.00479749,-0.00220793,0.0108247,-0.00254065,0.00389249,-0.00321762,0.00772293,0.005114,0.000742486,-0.00201278,0.00649971,-0.000319426,0.00655634,0.000248452,-0.00912218,-0.00201382,0.00512507,0.00594941,0.000923546,0.00276135,-0.00696928,-0.0127115,-0.00120466,-0.00032473,0.00843801,-0.0137939,0.0133372,-0.0296112,0.00257265,-0.000276167,0.000171338,0.0237283,0.048501,0.00466736,-0.0454419,-0.0186914,-8.00E-05,0.000706612,0.000952403,4.44E-05,0.0146528,-0.00708481,0.00108734,0.00120716,-0.000286023,-0.00779082,0.00476976,0.00523163,0.00400699,0.00727727,-0.00657264,0.0117413,-0.000644776,-0.00809236,-0.00477602,0.0176815,18.3,18.5,6.4,271.1,32.4,3.8,28.6,20.9,17.6,21.4,14.6,677,170,5,108,446,19,312,28
51,lecucodon ,-101.75,21.73,l107792am,1,-0.00441762,-0.00715505,-0.00082659,0.00290932,-0.00467363,-0.00710333,-0.00506349,0.00297728,0.013587,-0.00375831,-4.80E-05,0.00507592,-0.0149793,0.0201221,0.0037133,-0.00309734,-0.00048725,-0.00244371,0.0034828,-0.00121818,-0.0045956,-0.0014104,0.00211707,0.00398268,0.00220533,0.000923073,-0.00149214,0.0102283,-0.00048497,-0.0064693,0.0022243,-0.00644771,0.00609512,-0.00322079,0.00658026,0.000541549,-0.00234037,0.00739584,0.0106358,0.000124364,-0.012049,0.0225421,-0.00568162,-0.00272149,-0.000593981,-0.0058456,0.0125619,-0.00931778,0.00119797,0.0045962,0.00615991,1.89E-07,-0.00896315,-0.0141075,-0.0155405,-0.0126646,0.000251973,-0.00100367,-0.000137676,0.00206581,-0.00214044,-0.00445607,-0.00107808,-0.000943806,-0.00245899,0.000417363,-0.00420059,0.00343223,7.44E-05,0.00225868,0.000884872,-0.00151349,-0.000430433,0.00224646,0.00491926,0.00819532,16.6,15.8,6.2,267.5,28.8,3.6,25.2,18.4,13.1,19.6,12.8,575,122,8,87,330,39,232,47
52,lecucodon ,-101.75,21.73,L107793af,1,-0.00363254,0.00106361,-0.0158603,-0.000877132,-0.0058802,-0.0159772,0.0165919,0.00723602,0.00558138,0.00173085,0.0173843,-0.0114367,-0.016208,0.00185451,-0.00056157,-0.000767313,0.000209867,-0.00566289,-0.0020557,0.00015082,0.000194452,-0.00124519,-0.00348497,-0.0035833,-3.85E-05,-8.69E-05,0.00132907,-0.00156481,-0.000769792,0.00407948,0.00791655,0.00125268,0.00803337,0.00785936,0.00420545,0.00178597,-0.00355727,-2.96E-05,0.00785093,-0.00414842,-0.0147416,0.00603795,0.00183355,0.00788019,0.00337488,-0.0107977,0.00970802,0.00167237,0.00844758,0.00897507,0.0104223,0.000686658,-0.0095355,-0.0136245,-0.0108632,-0.018681,0.000374443,0.00232347,-1.83E-05,0.00200319,-0.000996082,-0.000236038,-0.00159875,-0.00074773,-0.00473063,-0.000932735,-0.00388677,0.00535382,-0.00273751,0.0132257,0.00271896,0.000166316,-0.000622454,-0.00176309,0.00291606,0.0075769,16.6,15.8,6.2,267.5,28.8,3.6,25.2,18.4,13.1,19.6,12.8,575,122,8,87,330,39,232,47
53,lecucodon ,-101.75,21.73,L107794af,1,-0.000765248,0.00472422,-0.000463286,-0.00266975,-0.00509353,-0.0147555,0.00365411,0.00757568,0.00508313,0.00406809,0.0197734,-0.0133217,-0.00913551,0.0129774,-0.00437126,-0.00101396,0.003873,-0.00900362,0.00927702,0.00253532,-0.00356322,-0.00709384,0.00145716,8.99E-05,-0.00267791,-0.00173997,0.00790247,0.00252861,-0.0129691,0.000215727,0.0039702,-0.00244843,0.00278579,0.00541389,0.00717859,0.00472467,0.0022428,-0.00110748,0.000882175,0.00352327,0.00343546,0.00324504,-0.00339272,0.007132,-0.000845441,-0.00832397,0.000425878,-0.00479471,0.00459,0.000218113,0.0207578,0.0143492,-0.00380969,-0.0274628,-0.0207988,0.00608162,-5.64E-05,-0.00200905,-0.000249293,-0.00232282,-0.00132155,-0.00238094,-0.00185465,0.00380896,-0.00162259,0.00261956,-0.00920584,0.00479416,0.00202633,-0.00504101,-0.00241828,-0.0163052,0.00124958,0.0098862,0.0154849,0.00524983,16.6,15.8,6.2,267.5,28.8,3.6,25.2,18.4,13.1,19.6,12.8,575,122,8,87,330,39,232,47
54,lecucodon ,-103.29,22.3,L107798am,1,-0.0100473,0.00104031,-0.0100648,-0.00214676,-0.00696291,0.00880721,0.000802927,0.00247252,0.00194824,0.00169215,0.0506009,-0.00730916,-0.0110734,0.00405765,-0.0047809,-0.00151196,0.0133851,-0.00605782,-3.79E-05,0.00225226,-0.00463717,-0.00339844,0.000995818,-0.000231597,-0.00672233,-0.00321295,0.00244394,-0.00203957,-0.00468082,0.00155906,0.0021436,0.00149868,0.00224508,0.00446937,0.0110866,0.00364137,-0.00198348,-0.0118139,0.00871846,-0.000944336,-0.00750216,0.0186049,-0.00742116,0.00970405,-0.0120729,-0.0199161,0.00481006,-0.0273764,0.000170536,-0.00180815,-0.0120454,0.00789466,-0.0181646,0.0130568,-0.0397476,-0.00593464,-8.26E-05,-0.000764014,-0.000726917,-0.000624679,0.000679034,-0.00544183,-0.000275042,-0.000548299,-0.000597201,0.00339774,0.00826706,-0.00206968,-0.000154983,0.00262501,-0.0070622,-0.011077,0.0221518,-0.00990455,0.0177133,0.00901895,17.1,17.2,6.2,311.7,30.4,2.9,27.5,19.6,15.7,20.8,12.8,571,143,3,103,368,16,236,48
55,lecucodon ,-103.29,22.3,L107801am,1,-0.0027193,-0.00851763,0.00496631,0.000205385,-0.0152237,0.0102683,-0.00506206,-0.0060474,-0.00546712,0.00283054,0.00602107,0.00879935,0.0109076,0.00887232,-0.00519947,-0.00153135,0.00731196,-0.00156781,0.0027177,0.00288711,-0.00137265,-0.00024425,-0.00266486,0.00667356,-0.00428682,-0.00180415,0.00777212,0.00273497,0.000161344,-0.00229072,-0.00251954,0.000905216,-0.00274117,0.0083982,0.000597011,0.00309962,0.000231168,-0.00384648,0.0137561,0.00169247,-0.0106103,0.000934896,0.00516608,-0.00441267,0.00566779,-0.0285405,-0.000220069,-0.0236209,0.00423127,-0.000818795,0.00744113,0.0226544,-0.00679859,-0.00945419,-0.0363773,0.00103122,8.20E-05,-0.000732084,-2.17E-05,0.000503693,-0.00523517,-0.00462088,-0.000269399,-0.00214379,-0.00343031,-0.0056359,-0.00523883,0.00647208,-0.0011014,0.00671348,0.00412431,0.00413943,-0.00402923,0.00199168,0.00719149,0.00249515,17.1,17.2,6.2,311.7,30.4,2.9,27.5,19.6,15.7,20.8,12.8,571,143,3,103,368,16,236,48
56,lecucodon ,-103.21,22.31,L107804am,1,-0.00680797,-0.00478787,-0.00174153,-0.00327316,-0.0138594,0.00556677,0.0150204,-0.000631923,0.00537884,-0.00859055,0.0215884,-0.000220006,0.000822504,0.00121274,-0.00473682,-0.000443434,-0.00781055,0.00662449,0.0103826,-0.00157686,0.00490969,0.005748,-0.00297124,0.00131606,-0.00798658,-0.000457456,0.00410068,0.00772056,-0.0135244,-0.00272365,0.0192161,0.0100409,0.00169561,4.80E-05,-0.00399978,-0.00843355,0.0108157,0.00225299,0.00697896,0.00603574,0.00922005,0.00331665,0.000904985,0.00100085,0.0019755,-0.0202527,0.00699148,-0.0188994,0.0017298,-0.00216913,0.0035422,0.0258038,-0.000463816,-0.0292187,-0.0336231,0.00917565,0.000502899,-0.000935034,-0.000726976,0.00336504,-0.00534506,-0.0107731,-0.00309277,-0.00132185,-0.00503475,0.00601142,-0.00689315,-0.00206994,-0.00103438,0.00313337,0.00255242,0.000186403,0.0040531,0.00366199,0.0125865,0.00353571,18.3,18,6.2,328.9,32.1,3.5,28.6,21,16.9,22.1,13.8,592,144,3,102,379,18,251,47
57,lecucodon ,-101.78,21.21,L109419am,1,0.0160457,-0.00587367,0.00920074,-0.00111175,0.0103895,-0.0130487,-0.00749141,0.0122632,0.00536925,-0.0196754,-0.00985803,0.000338265,-0.0177157,0.0174175,-0.00853975,3.92E-05,0.000601253,-0.00365757,0.00607214,0.00103612,0.00587837,-0.00213572,-0.00133998,-0.00373832,0.00807861,-0.00214198,-0.00838236,0.000198291,-0.00747343,-0.00235234,0.00761912,0.00200439,0.0107769,0.00792352,-0.00017607,-0.000941457,-0.0054209,-0.0109557,-0.00690376,0.0104823,-0.00261831,-0.00358557,-0.00325924,0.00281568,0.0015506,-0.00906964,0.00507526,-0.00590397,-0.00072965,0.0110721,-0.023536,0.0135345,0.0340152,-0.00327749,-0.0113614,-0.0140206,0.00017945,0.00141884,-0.000682212,0.00114918,-0.00773773,-0.00300868,0.000469667,-0.00117105,-0.005913,-0.0010338,-0.00385757,0.0100448,-0.000151738,0.000531185,0.00522277,0.00652011,-0.00177256,-0.00556851,0.000870781,0.00610691,17.5,15.4,6.2,254.4,29.6,5,24.6,19.6,17,20.4,13.9,747,168,7,98,460,28,181,41
58,lecucodon ,-102.57,22.91,109422af,1,-0.00788496,-0.00516846,0.00700074,-0.00612031,-0.0196784,0.00228064,0.0016014,-0.00521703,0.00419908,-0.00296751,0.01296,0.00508627,0.0012266,0.0094422,0.00347779,0.00154044,0.00106076,-0.000456973,-0.00220067,-0.00117381,0.0101473,-0.000984242,-0.0133101,-0.00104766,-0.00593267,-0.00530334,0.00463085,-0.00191708,0.00180646,-0.00330277,-0.00451037,0.00384445,-0.00255145,0.00396563,0.00752945,-0.00312916,0.00529483,0.000571872,0.00841229,-0.00692324,0.0041231,0.00167453,-0.00473569,-0.00150626,0.00610358,0.0154216,0.00720413,0.00669537,0.010095,0.0110669,0.0142538,-0.00409587,0.0205876,0.0134566,-0.0545017,0.0165913,0.000455033,-0.00205496,-0.00077037,0.00240576,-0.00665751,-0.00769599,-0.00245364,-0.000178106,-0.00133481,-0.00134666,0.00197049,-0.00197934,-0.00976647,0.0115831,0.00331432,-0.00180559,0.00572715,0.00012864,0.0129774,0.0044304,16,17.4,6.6,274.9,28.8,2.6,26.2,18,15,19,12.1,411,83,3,89,242,12,167,39
59,lecucodon ,-100.94,19.88,L112369af,1,-0.00726458,-0.00911897,0.0215556,-0.00526103,-0.00289709,-0.00890883,0.00630821,-0.000291938,0.00519977,-0.00846135,0.021667,0.00190101,-0.00743966,0.0111912,-0.00254446,-0.000415627,-0.00794172,0.00076845,0.00566951,-0.00207866,-0.00879723,0.000750122,-0.00445964,-0.00404974,-0.00116919,0.002814,-0.00519085,0.00153835,0.000590863,4.51E-05,-0.00883963,0.00173205,0.00351397,0.00353949,0.000264436,0.00222364,-0.0145949,0.00627494,0.00877222,0.00482452,-0.00455225,-0.00271853,-0.00459698,-0.00906937,0.00152482,0.0192549,-0.00348291,0.0105317,-1.60E-05,0.00754943,0.00563654,-0.000587239,0.0129847,0.0104369,0.00823036,-0.0482352,0.000122486,-0.00178934,-0.000603308,0.00176336,-0.00204263,-0.00367772,-0.000615319,-0.000122008,-0.00370417,-0.00219281,0.00144916,0.00503569,0.000339434,0.00817525,-0.00324933,0.0117269,0.00302592,-0.0100195,0.00235266,0.0161747,18,16.1,6.5,225,30.1,5.4,24.7,19.1,17.9,20.5,14.8,707,169,6,105,456,23,165,24
60,lecucodon ,-101.27,35.93,L119609af,1,-0.0119848,-0.0094116,0.010761,-0.00731536,-0.000749437,0.00647894,0.00264231,-0.00195073,0.0146021,0.000433746,0.0129271,0.0104442,0.000534776,-0.00357336,-0.00304087,0.00282833,-0.00447132,-0.00171866,0.00550461,0.00203914,-0.00805331,-0.00267369,0.00125365,0.00124395,0.00460025,0.00202561,-0.0080679,0.00144976,0.00625485,0.00329509,-0.00679511,0.0060108,-0.00623694,0.00111133,0.00168894,-0.00376052,-0.000653634,0.00316332,0.0016651,0.00251832,0.00200831,0.00180744,-0.00191373,-0.0016382,0.00313563,0.00138771,0.0015889,0.00144647,-0.00693912,0.00317384,-0.0136829,0.0130334,0.0410703,-0.00824609,-0.0500893,0.0046051,0.000144936,-0.000583664,-0.00131705,0.000197942,-0.00315362,0.000693552,-0.00131376,0.00369227,-0.00467091,0.00221553,-0.00339273,0.00211197,-0.00258109,0.00150367,0.00244221,0.00574151,0.00130894,-0.0051884,0.00823229,-0.00142084,14.2,15.9,3.9,866.7,34.2,-6.2,40.4,23,2.8,25.2,2.8,494,80,11,56,217,41,211,41
61,lecucodon ,-103.41,37.15,L119681am,1,-0.00862848,-0.00810279,0.00496075,-0.0109589,0.00226255,0.00436199,-0.0152298,-0.00644636,-0.00881804,-0.0102505,-0.0133421,0.0144741,-0.0109472,0.0124623,-0.00320294,0.00175894,-0.000380415,0.00111906,0.00447927,-0.00197117,0.000304321,0.00202629,-0.00113779,-0.00300158,0.00677453,0.000824697,-3.39E-05,0.0058802,-0.013023,0.000109362,0.0150546,0.00448088,0.00949699,-0.000523252,-0.00564736,-0.00211883,-0.0116422,0.000834521,0.0181681,0.00710453,-0.00271348,-0.00316951,-0.00255982,-0.00679068,0.00251592,0.00119281,0.00514373,-0.00299675,0.0201966,0.0112245,0.0189717,0.0212597,-0.000383278,-0.0187321,0.00892291,-0.0401922,0.000174823,0.000177929,0.000832109,0.00331137,0.0017354,-0.00866973,-0.00107741,0.000512826,0.00131412,-0.00114812,-0.00416349,-0.00437361,0.00155776,0.00187889,0.000331324,0.000338091,-0.00703326,0.0132778,-0.00148333,0.00480765,10.7,16.7,4.1,819.2,31.1,-8.7,39.8,19.1,0.4,21.4,0.4,401,72,9,62,182,30,182,30
62,lecucodon ,-101.01,29.46,L147767AF,1,0.00574704,-0.000278237,-0.0127815,0.00150789,-0.0215062,0.00146946,0.0149398,-0.0021574,0.0065761,-0.000423004,0.00215293,-0.0104848,-0.0254853,-0.0117152,0.0032694,-0.00322391,-0.00912796,0.00135971,0.00292727,0.000131835,0.000101874,0.00106086,-0.00402862,0.00436541,0.00484247,-0.00199229,-0.00389573,0.00438699,0.0056784,-0.000928677,-0.00994961,0.00511307,-0.00889506,0.00365878,-0.00744893,0.000593002,-0.00541032,0.00134981,0.0019886,0.00832428,-0.00857084,-0.00461135,-0.0115935,0.00888161,-0.00705582,-0.0279365,-0.011529,-0.0259865,0.00763954,-0.00430657,0.00916718,0.00319904,-0.022971,-0.0344993,-0.0441955,-0.000574605,-0.000303613,-0.00202879,-0.000485204,-0.000358028,-0.000158403,-0.00228156,0.000909822,-0.00188001,-0.0064278,0.00135066,-0.00652012,0.0114105,0.00520986,-0.000978094,0.00126106,-0.000941502,-0.00236341,-0.00508722,-0.00525709,0.016979,21,13.3,4,692,36.1,3.6,32.5,26.1,12.4,29.4,11.7,399,95,9,69,168,31,93,43
63,lecucodon ,-104.75,31.97,l153996am,1,0.00904549,-0.00109069,-0.0247423,0.00306897,-0.00282048,0.00385965,0.0504525,-0.00507165,0.0147969,-0.00457171,0.0123085,0.000404979,0.00142814,0.00297827,-0.00276475,0.00189021,0.00793086,-0.00268606,0.00301688,0.000672035,-0.00691523,-0.000308133,-0.00047456,0.00571472,-0.0104034,-0.00218772,0.00601452,0.00415385,-0.0055455,0.00262374,0.00442975,3.36E-06,0.000551256,-0.00241319,-0.0147519,0.00243213,0.000247959,0.00310605,0.0213043,0.00122938,-0.00622744,0.00270837,-0.0149453,0.00638272,-0.0117128,0.0121256,-0.000657701,0.0169209,0.0131363,0.00703538,0.013822,0.0176431,-0.0165767,0.00550705,-0.00809955,-0.0258109,-2.25E-05,-4.23E-05,-0.000223389,0.000548083,-0.00351358,0.000923673,0.000646967,-0.000380345,0.00126952,-0.0023961,0.0020937,-0.00326037,0.00352161,-0.00131693,-0.00653037,-0.00487413,0.00662323,-0.00372301,0.00400593,0.0143073,13.8,14.9,4.5,651.7,30,-2.7,32.7,22.1,9.6,22.1,5.3,216,43,3,82,116,11,116,17
64,micropus,-104.44,32.17,mi8403af,2,0.0235646,0.00773284,-0.0012074,0.00218516,0.00578248,0.0104584,-0.0146854,-0.00828017,0.00497739,0.00239416,-0.000437892,-0.000892444,-0.024655,0.00996942,0.00390366,-0.00166749,0.0106385,-0.00263096,-0.00431189,0.0033192,0.000389965,-0.000479067,0.00816708,0.00590121,0.0106831,0.00196382,0.003016,0.00347338,0.00298334,-0.000767558,0.00035191,-0.000531228,-0.00797682,-0.00120523,-0.00205103,0.00164155,0.00940732,0.00450191,0.0020934,0.00220387,0.00521331,0.0188692,-0.0058227,-0.00433227,0.00482056,-0.00708059,-0.00459601,-0.0197033,0.00526518,0.00872253,0.0147604,0.0115872,-0.00732201,0.000833219,-0.0268969,0.0299106,0.000715813,0.00369602,4.47E-06,0.00439726,-0.00610182,-0.0050314,-0.00116289,-0.00211424,-7.48E-05,-0.00468699,0.00436442,-0.00314794,-0.0109606,0.00451911,0.00637066,-0.0041695,0.00461472,-0.0073334,0.00742703,0.00237874,16.2,14.6,4.3,693.1,32.8,-0.8,33.6,23.9,8.6,25,7.1,329,66,8,69,163,29,141,32
65,micropus,-102.08,29.26,mi36314am,2,-0.0121158,0.00200835,-0.0145243,0.00151448,-0.00187574,-0.00853029,-0.00581834,0.00683418,0.00818927,-0.000100013,0.0404482,-0.00332166,-0.00550764,0.0150621,-0.00325354,-0.00283931,0.00913124,0.00148136,-0.00301601,-0.000865529,-0.00934797,0.00515561,-0.000178307,-0.000850505,0.00488693,0.00110244,0.00520443,0.00209423,0.0111592,-0.00273385,-0.00738355,0.00415986,-0.0126046,0.000177835,-0.00475556,-0.00369327,-0.00463103,0.00302267,0.00323147,0.00287795,-0.0147432,0.000413333,-0.000751555,-0.00537009,-0.00565067,0.0153457,-0.00416439,0.0140154,0.000402479,0.0113342,0.00844415,-0.00724749,0.0120352,0.0211259,0.0280863,-0.00372129,0.000409235,-0.000985246,0.000671474,0.00228301,0.00286208,-0.00467723,-0.00252503,-0.00249035,-0.00031156,0.00323896,-0.00296306,-0.00228447,-0.00047951,0.00455835,-0.00275881,-0.0120041,0.0035587,0.000409824,0.00195424,0.0198706,20.2,13.7,4.7,552.5,33.2,4.1,29.1,25.8,14.1,26.4,12.4,238,43,4,65,112,21,99,26
66,micropus,-104.22,35.38,mi42083af,2,0.0144768,-0.00563252,-0.00784164,0.00397785,0.00373246,0.0015459,0.0147966,0.00698786,0.00815509,0.0141729,-0.000204405,-0.000909172,-0.00268557,0.00171766,0.00316364,-0.00292229,-0.00188925,0.00257701,0.00306339,-0.00122743,-0.00191388,0.000977693,-0.00219242,-0.00276321,0.00868775,-5.47E-05,0.00178126,0.00567438,-0.00205812,-0.00370565,-0.00768764,0.0037941,-0.00171075,-0.00434131,-0.00562479,-0.00160873,-0.00385732,0.00776991,-0.00726444,-0.00442448,0.00711934,0.00236043,6.18E-05,-0.00431701,-0.00347207,-0.00209401,-0.00617654,0.00183997,-0.00478689,0.00549359,0.0386693,0.00280772,0.00194351,2.46E-05,0.00706205,0.0234892,0.00022253,-0.000407646,-0.000609721,0.00218293,-0.00387163,-0.00560889,-0.00039897,-0.000198144,-0.00578734,-0.00127632,-0.00963607,0.0019076,0.00209299,-0.00111695,0.00603332,0.000652172,-0.00682248,-0.000212415,-0.00328514,0.00408533,14,16.8,4.2,820.5,33.7,-6.1,39.8,24.7,3.5,24.7,3.5,354,66,9,66,175,29,175,29
67,micropus,-100.6,28.39,mi49580am,2,0.0118923,-0.00731344,0.00401534,-0.00767721,0.00191851,0.0171203,-0.000347636,-0.0101255,0.00501317,-0.00142004,-0.0070596,0.010714,-0.000541414,-0.00367074,0.00283011,-0.000580474,0.00336859,-0.00223837,-0.00176107,0.00259986,0.00470666,-0.00642516,0.00245036,-0.00439777,0.00386102,-0.00335269,0.0104096,-0.00267341,0.00764082,0.000791591,-0.00758828,0.000373325,-0.0113405,0.000454287,0.00249122,0.00745754,0.00349964,-0.00318306,-0.00651947,-0.00418702,0.0126974,-0.00199551,-0.0106335,-0.00180937,-0.00288753,-0.0100436,0.00791953,-0.0281663,-0.00744963,0.00148451,-0.014317,0.00609309,0.029494,-0.00393408,-0.0217486,0.0121941,0.000418329,-0.000460411,-0.00104695,0.00339796,-0.0073731,-0.000943761,-0.00129447,0.0011491,-0.00391552,0.000276009,-0.00343991,0.000196359,-0.00571706,0.00195609,0.00734655,-0.00231407,-0.00126144,-0.00236586,0.00215444,0.00149447,21.9,13.6,4.1,671.9,37.4,5,32.4,26.7,13.6,30,12.8,465,81,15,57,180,51,138,54
68,micropus,-101.46,25.56,mi49588af,2,0.0130857,0.00474396,-0.0148962,-0.00259572,-0.00236822,0.00585695,-0.00410431,-0.00325683,0.0138138,-0.00508102,0.0287255,-0.00510706,-0.0168402,0.0133917,0.00995801,-0.000678298,0.00267106,-0.00675182,-0.00589104,0.00186832,0.00134288,-0.00517023,0.0125734,-0.000110942,0.00458463,0.000338137,-0.00137118,-0.00649675,0.00663498,0.00346413,-0.00105356,0.00035128,-0.0168119,-0.00314841,0.00959466,0.00420388,0.0203631,-0.00219598,0.0113213,-0.00129266,0.0076747,0.0265976,0.00163559,0.013535,0.00435151,0.00216302,0.0200637,-0.0080156,0.0142632,0.0102039,-0.00202227,-0.0175578,-0.0222262,0.0188822,0.00192496,-0.00366949,-0.000122039,0.00249066,-5.84E-05,-0.000179318,-0.00274516,-0.00645682,-0.000495773,0.000259236,0.00448497,-0.00417825,0.00538696,-0.00274855,-0.00385115,-0.000282665,-0.00428151,-0.0255389,0.0131532,0.00289487,0.0150816,0.0138202,20.4,14.6,5.1,497.6,33.6,5.4,28.2,25.2,15.1,26.2,13.7,301,58,5,66,156,28,145,38
69,micropus,-99.89,26.98,mi49594am,2,-0.00551714,-0.00378672,-0.0059547,-0.0035521,-0.0191448,0.000708158,-0.00239928,-0.00350371,-0.00183612,-0.0103405,0.000109968,0.00750439,-0.0037849,0.0103585,-0.00050048,-0.0018753,0.00952849,-0.000492372,-0.00101999,0.000467334,0.00429946,-0.000299016,0.00487627,-0.00229826,0.00116663,-9.61E-05,0.0106655,0.00119266,0.00546676,-0.00302823,0.00685204,0.00651962,-0.0101399,-0.00268727,-0.00298299,-0.000194809,0.00187539,-0.00195878,0.00703744,0.00728632,-0.00685448,0.00348483,-0.00168786,-0.00373096,0.00220285,-0.00780567,-0.000394339,-0.00753811,0.00870661,0.00742355,0.00343879,-0.00104098,0.00504518,-0.0016151,-0.00715223,0.0239235,0.000821314,0.0032776,-0.000145168,0.0049894,-0.00603511,-0.00708739,-0.0014698,-0.00253371,-0.00402241,0.00322694,-0.00355602,0.00415462,0.000301529,-6.41E-06,-0.000236955,-0.00626669,0.00618048,-0.00370312,0.0059349,0.0157582,23,13.5,4.2,637,38.1,6.6,31.5,27.6,16,30.5,14.2,450,101,10,67,193,42,145,48
70,micropus,-98.87,29.45,mi51719af,2,0.00505216,-0.00386385,0.000789717,-0.00677445,-0.0193705,0.0111066,-0.01611,-0.00297222,0.0166616,0.00831497,-0.00196716,0.00292809,-0.00953366,-0.00491675,0.00544918,-0.000207935,0.00794275,0.00407485,-0.00249866,0.00171829,0.0075735,0.000614405,0.0178525,-0.000699924,0.00225971,-7.65E-06,0.00234428,0.00431983,0.00568258,-0.00471007,-0.00154004,0.00474911,-0.0138549,-0.00536762,-0.00550843,-0.00340907,0.0133004,0.00974496,-0.00139958,-0.00222128,0.0237736,0.00784777,0.00299495,-0.00579462,0.00806121,-0.00373881,0.00940648,-0.00111176,-0.00683422,0.00849656,-0.00414211,0.0107196,0.0381744,0.01349,-0.0223896,0.0274103,0.000529749,0.00226711,-0.000556231,0.00354183,-0.000475516,0.00178574,-0.00111432,-0.000450784,-0.00362198,0.00344745,0.000167112,0.00417857,-0.0005727,-0.00133604,-0.00384036,-0.00584491,0.0114916,-0.014673,0.00959868,0.0166061,20.2,13,4.1,648.9,35.2,3.9,31.3,24,12.4,28.1,11.4,718,96,36,33,241,119,193,122
71,micropus,-99.93,27.98,mi51727am,2,0.0212109,-0.00584284,-0.0087066,-0.000340632,-0.00661473,0.0116531,-0.0017522,0.0022468,-0.000973919,0.00202692,-0.00170983,-0.000204652,0.00840513,0.00885024,-0.00523518,-0.00385709,0.000826031,0.00361576,-0.00465936,-0.00251682,0.000789989,0.00662449,-0.00561701,-0.00675408,0.00486001,-0.00449753,-0.00436779,-0.000329202,0.00422901,-0.00276982,-0.00861377,0.0038214,5.65E-05,0.00367938,0.00821685,-0.00184469,0.00918679,-7.95E-05,-0.0127214,0.00896756,-0.0161378,0.00284455,0.00594827,-0.0069498,0.00663623,0.00862701,-0.0122178,0.00191811,-0.00237814,0.0141039,0.0203011,-0.00787811,0.000968127,-0.00597518,0.0158955,0.00741989,0.000530691,0.00232297,-1.05E-05,0.00487356,-0.0062327,-0.0031025,-0.000526988,-0.000865638,-0.000383721,-0.00470644,0.00237884,-0.00252977,-0.00314694,0.00963576,0.00491451,0.0194257,-0.00739937,-0.00209539,-0.0112033,0.00800302,22.5,13.7,4.2,656.3,37.9,5.9,32,27.3,15.5,30.4,13.6,498,91,17,54,201,62,139,63
72,micropus,-103.5,31.11,mi56837af,2,-0.0108855,-0.000254588,0.0109304,0.00384611,0.00965967,0.000805056,-0.0102772,0.00916155,0.00201379,0.00317059,0.0386499,-0.00873492,-0.0141812,0.0217431,0.00176218,-0.00127272,0.00681012,-0.00241644,-0.00801732,0.000920668,0.00596949,-0.0012792,-0.00215968,-0.00568714,-0.00111787,0.000131389,-0.000311049,-0.00524153,0.00203072,-0.00208218,-0.00433887,0.009859,-0.0226711,-0.00263945,0.0162871,-0.000680728,0.0109241,-0.000197052,-0.000758368,-0.00502073,0.0055088,0.036607,0.00163742,0.00705113,-0.00594909,-0.0237342,0.0127005,-0.0271147,-0.00179371,-0.00417175,-0.0160917,-0.0308107,-0.00519615,0.0264762,-0.00458549,0.00311294,-0.000374766,0.00272563,-0.00062859,-0.00141507,-0.005431,0.00886419,-0.000332365,0.000849427,0.00247357,-0.000216332,0.00711294,0.000141974,-0.00534278,0.00502451,-0.00704711,-0.0232696,0.0202148,-0.00870237,0.0211345,0.0134372,18.2,18.3,4.8,734.7,36.3,-1.3,37.6,26.3,10.5,27.4,8.7,308,57,8,57,137,32,115,37
73,micropus,-97.77,23.84,mi56921am,2,0.0189526,0.00565196,-0.00156163,-0.0029039,0.0142658,-0.00103539,0.0058917,-0.000571478,-0.00699635,-0.000386115,0.0201315,-0.00374649,-0.0046622,-0.00100203,-0.002449,-0.00275325,0.011578,0.00271233,-0.00495929,0.0011526,0.00828539,0.00136943,-0.00760115,-0.00402659,-0.00835154,-0.00135245,0.00617159,0.000522765,0.00557118,-0.00179755,-0.00837424,0.00752108,-0.00718816,-0.0042234,0.0232225,0.000128815,0.0112712,0.00465038,-0.00925822,0.000997524,0.00400703,0.0105215,-0.0104326,0.00284858,-0.00740876,0.00961135,-0.00345262,0.0115055,-0.00858809,0.0081324,-0.0144193,-0.00638802,-7.60E-05,0.0216684,-0.00887605,0.00793521,6.04E-05,-1.86E-05,-0.000757846,0.00156714,-0.00166813,-0.0029853,-0.00038207,0.000141196,0.000218365,0.00402107,0.0055249,-0.000625344,-0.0016987,-0.00873581,-0.00189226,-0.0144888,0.0163096,-0.00736684,0.0132537,0.00162548,23.9,11.2,4.8,412.2,34.2,11.3,22.9,28.2,21.7,28.5,18.1,979,208,14,67,464,78,385,118
74,micropus,-99.14,23.73,mi56930am,2,0.0228429,0.00580938,-0.0224764,0.00648785,0.0121638,-0.00918989,-0.00996791,0.00560835,-0.00843248,-0.00435163,0.0230127,-0.00722215,-0.00166958,0.00363372,0.00347083,0.0019223,-0.010017,0.00153602,0.00228448,0.000210968,-0.0103537,-0.000160385,-0.0107423,0.00318995,-0.000391593,0.00153362,-0.00624553,0.000496932,0.0073176,0.00021888,-0.00994733,0.000657284,-0.00776743,-0.000838727,0.00570379,-0.00187456,-0.00171369,0.00224557,0.0138969,0.00286927,-7.39E-05,0.00228004,-0.00623175,0.00370417,-0.00383798,-0.0199294,0.00208139,-0.0173694,0.00439678,-8.41E-05,0.00533417,0.00176411,-0.00674392,0.00476391,-0.0281057,0.017663,0.000270329,-0.000244695,-0.00105088,0.00373075,-0.00313831,-0.00288474,0.00114962,-0.00369403,-0.00625501,-0.000520082,0.00410848,0.00100818,0.0019545,0.00356111,0.00144256,0.00280462,0.0116798,-0.0184161,2.45E-05,0.00659288,23.9,13.4,5.2,436.2,35.6,10.3,25.3,28.2,19.3,28.8,17.9,888,184,15,71,400,59,356,66
75,micropus,-98.26,23.45,mi56958af,2,-0.000248673,0.00301339,-0.0161008,0.00473552,0.00409551,-0.0120426,0.00554238,0.0051017,0.0114536,0.00478982,0.00779406,-0.00642001,-0.0132962,0.0074014,-0.00258783,-0.00013059,-0.00278536,0.00280905,0.00697517,0.000573168,-0.00463224,-0.00592365,0.000112311,0.000724152,0.00234139,-0.00360974,-0.000186387,0.00321183,-0.00183438,-0.00204353,0.000539025,-0.00199206,-0.0157004,-0.00637385,-0.0110325,0.00198292,0.00508424,0.0072446,0.00904362,-0.000730518,-0.00693033,-0.0037494,-0.00319728,-0.000359208,-0.00673548,-0.0208101,0.00972115,-0.0237883,0.00728007,-0.00496065,0.00506443,-0.00596557,0.022737,-0.00419905,-0.00279638,-0.00522634,-9.01E-05,-0.00150865,-0.000230078,0.000716234,-0.000430375,0.00309576,0.0012098,-0.00298325,0.00028879,-0.000149972,0.00312982,-0.00303394,0.00751674,-0.00732688,-0.008485,-0.00485036,0.0128931,-0.0107606,0.00721001,0.00752096,22.8,11.8,5.3,375.5,32.6,10.6,22,26.5,21.1,26.9,17.5,902,178,16,74,437,65,407,84
76,micropus,-98.02,22.48,mi56966af,2,-0.00595727,0.00214904,-0.00530007,-0.00197781,-0.0099607,0.00999161,-0.00107196,-0.00716209,-0.00493009,-0.00181063,0.01631,0.0132469,-0.00526229,0.00485181,0.00719857,-0.00129196,0.00317219,-0.000888999,-0.00489708,4.27E-05,-0.0113464,0.0042274,-0.00247712,0.00164976,0.00314771,0.00258454,-0.00124981,0.00288873,0.00991319,0.00379445,0.000939376,-0.000464703,-0.00157978,-0.00441733,0.00378529,-0.00475024,-0.00687208,0.00294435,0.00838019,-0.00146179,0.0045263,0.0100903,0.00474658,0.0120623,-0.00661729,0.00663838,0.00834016,0.0172096,-0.00108924,0.00759013,-0.00605268,-0.0103818,0.00377773,-0.00328412,0.00384949,-0.0203758,-0.000317398,-0.002646,-0.00126757,-0.00304146,-0.00254867,-0.00233913,0.000205884,0.00108594,-0.0052588,0.00102696,-0.00827226,0.00155911,0.00829524,-0.00385523,-0.00511707,-0.0195352,0.0109538,-0.00540117,0.0144297,0.0101918,23.9,8.9,4.8,343,32,13.7,18.3,27.3,22,27.6,19,984,233,15,90,537,48,484,71
77,micropus,-102.28,36.6,mi81740am,2,-0.00104928,0.00262657,-0.0021871,-0.00227494,-0.0030934,0.00570792,-0.0188812,-0.00112806,0.00274153,-0.0029366,-0.0109092,-0.00699475,-0.00516687,0.00317995,0.00572535,-0.00338992,0.00323441,-0.00099431,-0.00115451,0.00313125,6.87E-05,-0.00359583,0.00093369,-0.00121921,0.00376351,-0.00191902,0.000866131,0.00216312,0.00561342,-0.0013373,-0.00227379,0.00182196,-7.81E-05,0.00031001,-0.00155498,-0.00317905,0.00312722,0.00902248,0.00679994,-0.000510731,-0.000947432,-0.00429489,0.00477271,-0.00700892,-0.000601281,-0.0195314,-0.00966988,-0.0193233,0.00813137,0.00380464,0.0255644,0.0153097,0.0172412,-0.0202037,-0.0115853,-0.00682195,0.000702207,0.00403971,0.000183042,0.00587716,-0.00608349,0.00465545,0.00176036,-0.00264978,0.00105215,-0.00445599,0.0100006,-6.39E-05,-0.00218861,-0.000175605,0.00123331,0.00971235,0.00366854,-0.0125227,-0.00609382,0.0104983,12.7,16.6,4,860.6,33.3,-7.4,40.7,21.6,1.8,24,1.8,430,68,9,62,194,31,192,31
78,micropus,-99.07,24.7,mi88963am,2,-0.0114452,-0.00442307,-0.0135154,0.00894868,0.0050458,0.0114309,-0.000555194,-0.00104055,0.0100914,0.0160799,0.0338891,-0.00564383,-0.0133913,0.0075087,-0.00266992,-0.000725449,0.00316796,-0.00284663,-0.000669773,0.000303207,-0.00126356,-0.00082139,-0.0114756,0.00451076,-0.00302434,0.000344216,0.00377576,-0.00388761,0.00466651,-0.000502677,-0.00603628,-2.05E-05,-0.00126554,0.00259522,0.0134078,0.00301653,0.000636222,-0.00666738,0.0186247,0.00763582,-0.0128488,0.0091971,-0.00368699,-0.000277301,0.00574383,-0.0130511,0.00586595,-0.00936481,0.0201563,0.0119747,0.00133914,0.00324364,-0.0169766,0.00908029,-0.0157574,-0.0054151,0.000303059,-5.19E-05,0.000517581,0.00401302,-0.00184945,-0.0012933,0.000231756,-0.00593881,-0.000534581,0.000606401,0.00456518,0.00599926,0.00413253,0.000575107,-0.00727561,0.00466044,0.0110094,-0.00793441,0.00783602,0.0105792,20.9,13.7,5,433.8,33.6,6.7,26.9,23.8,14.9,25.9,14.9,827,184,21,72,367,73,284,73
79,micropus,-99.55,27.44,mi89139af,2,-0.00192997,-0.00306745,-0.0146151,-0.0169125,-0.00587219,-0.0061561,0.00922882,0.00277086,0.0133794,0.00500767,0.00655899,0.0051461,-0.020027,-0.0128092,0.00700036,-0.00601814,-0.00908157,-0.0028049,0.000851164,-0.000529065,0.00753448,-0.00104653,-0.00088708,0.00225742,0.0114492,0.00639108,0.00164873,0.00271069,0.0143695,0.0017347,-0.00240248,0.00556192,-0.00840837,0.000736862,-0.00565628,-0.00219428,-0.00167477,0.00181084,-0.0100064,-0.00241998,-0.00256582,0.000366614,0.00867946,-0.00859844,0.0158909,-0.0127306,0.00357722,0.000748685,0.0128064,0.0103518,0.0140843,0.00314358,0.0134949,-0.0100765,-0.00321379,-0.0117686,5.91E-05,0.00229579,-0.00050613,-0.000881804,-6.60E-05,-0.0115059,0.00217391,0.00380004,-0.0045774,-0.00839198,-0.00245764,0.00517265,0.00951421,-0.00109989,-0.00357527,0.0244939,-0.00516624,-0.00864146,0.000157129,0.0219799,23.7,13.2,4.2,630.7,38.4,7.1,31.3,28.6,16.7,31,14.9,446,85,13,53,168,53,123,62
80,micropus,-99.5,27.42,mi89148am,2,0.00693802,-0.00127036,-0.0173186,0.00240284,-0.00693399,-0.00244541,0.0143597,-0.00189576,0.0110418,-0.00672793,-0.0113037,0.00426929,-0.0207062,0.00615444,0.00240269,0.00165368,0.011739,0.00653608,-0.00373188,-0.00127486,0.00293108,0.00221071,0.000732193,-0.000274136,0.0113906,0.00266208,0.0143356,0.00351327,0.00824197,-0.00308952,0.00979389,0.00527712,-0.00934421,-0.00346019,-0.019199,-0.00595137,-0.00306109,0.00829251,0.00830353,-0.00406773,0.00392993,0.00636975,-0.00159669,-0.00378625,-0.0102632,-0.0109032,-0.000373455,0.00142245,-0.000629155,-0.000190689,0.0212987,0.00248136,0.0176216,-0.0103085,0.00484157,0.00396894,0.000783544,0.00312451,-0.000141754,0.00504361,-0.00823884,0.00215603,0.0016689,0.000994993,-0.000664134,-0.00299192,0.00110892,0.0132585,0.00179636,-0.004895,-0.00253441,0.00217425,-0.000668631,-0.00284554,-0.0010582,0.0156893,23.7,13.2,4.2,632.6,38.4,7.1,31.3,28.5,16.6,31,14.9,440,83,12,53,167,53,119,63
81,micropus,-106.8,32.22,mi98294am,2,0.0106832,0.00295101,0.00412941,-0.00186843,-0.0131401,0.0221991,0.00716191,-0.00287942,0.00135906,0.0157441,0.0182569,-0.00190655,-0.0161143,0.0089601,0.00647648,0.00207782,0.00595553,-0.00380776,-0.00410558,-0.00138388,-0.00645612,0.00286511,0.0067955,-0.0018437,0.0126718,-0.0036021,0.000567054,-0.00272184,0.00249874,-0.00021228,-0.00355884,-0.00138834,-0.012129,-0.00140879,0.00975176,-0.000872627,0.0143868,0.00214441,0.00532207,-0.000984005,0.0165318,0.0224211,-0.000901535,-0.0033123,-0.00105142,0.00480123,-0.0103402,0.000573566,-0.00699977,0.0072467,0.00615878,0.00166085,-0.00984275,0.0146329,-0.00182416,0.0211481,0.000226935,0.000555168,-0.00056181,0.00160134,-0.00379773,-0.000555839,0.000172065,-0.000653994,-0.0015397,-0.000672038,0.00418331,0.00362711,0.00184231,0.00230091,-0.00748702,-0.00253391,0.0152835,-0.00765234,0.0189569,0.0163948,16.2,18,4.7,752,35,-2.8,37.8,25,15.8,25.9,6.7,233,51,4,73,127,18,108,37
82,micropus,-101.75,38.01,mi117836af,2,0.0130558,0.000268388,0.0155335,-0.00304421,0.00618085,0.0134237,0.00605484,-0.00505649,-0.00222805,0.00697567,0.0187343,0.000259977,0.00192168,0.00899624,-0.00238342,-0.00373417,0.0148394,-0.00110248,-0.00547594,0.00346782,0.00213734,0.00365277,-0.00304795,0.00102964,-0.00334121,-0.00189334,0.0041034,0.00323049,-0.000769202,-0.0030162,-0.0120167,0.000271955,-0.00959463,0.00135478,0.00720721,-0.0014484,0.0043823,0.00642493,0.00338675,0.00761011,-0.00341551,0.0116773,-0.0179643,-0.0016453,0.00666561,-0.0161681,0.00743267,-0.0191855,0.00820551,-0.0032006,0.00346341,0.00730283,-0.0273497,0.00229405,-0.00980171,0.0076908,-0.000225978,-0.000828326,0.000240147,-0.00221145,-0.00346226,0.000133689,0.000672005,-0.00241334,0.00328462,0.00031537,0.00486187,0.00533737,0.00265408,-0.00794945,-0.00921399,-0.00540584,0.0131037,-0.00133612,0.0198943,0.00366895,11.5,17.5,3.8,966.3,34.1,-11,45.1,21.4,-1,24,-1,405,68,8,64,192,27,182,27
83,micropus,-102.92,38.08,mi121241af,2,0.0250063,0.00835939,-0.0049399,0.00433096,0.00759782,0.01167,-0.0105093,-0.00791686,0.00519849,0.00306367,-0.00142436,-0.000842142,-0.0254023,0.00761372,0.00452491,-0.00403612,0.0095425,-0.00366567,-0.00538006,0.00218791,0.00113214,-1.34E-05,0.00713025,0.00499457,0.0114441,0.00199214,0.00278113,0.00386184,0.00551824,-0.000346007,-0.000192943,-0.00136084,-0.00735694,-0.00279645,-0.000576755,0.00298503,0.009989,0.00409216,0.00339262,0.00293184,0.00583797,0.0176864,-0.00674786,-0.00447135,0.00462476,-0.00467605,-0.0049135,-0.0185129,-0.000462266,0.00297984,0.012829,0.0106062,-0.00734879,-0.000271414,-0.0239252,0.0315186,0.000594345,0.00187535,-0.000301541,0.00330037,-0.00405731,-0.00864728,-0.00157876,0.000208081,-0.00095523,-0.00287669,0.00255915,-0.000523385,-0.00873074,0.0041093,0.00374524,-0.000785946,0.00461196,-0.00420844,0.0111367,0.00519069,11.5,18,3.9,949.2,34.3,-11,45.3,21.4,-0.7,23.8,-0.7,327,59,6,65,159,22,148,22
84,micropus,-104.28,34.47,mi147919am,2,0.0126486,0.000269221,-0.00666493,0.00392244,0.0159652,-0.00541946,-0.00255844,0.00700013,0.013269,-0.000762668,0.0142269,-0.00747693,-0.0140033,0.00560232,0.00231129,7.60E-05,0.00690531,0.00720854,-0.00416023,-0.00184282,0.00119342,-6.22E-05,5.75E-06,0.00142405,0.00157803,-0.00143852,0.00276361,0.00353024,-0.0041968,-0.00584276,-0.00581211,0.00556049,-0.0171575,7.38E-05,0.00980065,0.000181058,0.00714975,-0.000524237,-0.0031994,0.000581346,0.00292044,0.0138409,-0.00160097,0.00209053,0.00292422,-0.015746,0.00124514,-0.0164988,0.00195256,0.0080762,0.0178302,0.00836633,-0.00619225,0.00749108,-0.0154486,0.0207375,0.000223949,-0.000393426,-0.000343968,0.0014567,-0.0032798,-0.00438194,-0.00088291,0.000412701,0.00168793,0.00026017,0.00670693,0.00133785,-0.00691172,0.00358259,-0.000391548,-0.00245345,0.00727329,0.000168969,0.00873542,0.0073486,14.3,17.7,4.5,777.5,33.6,-5.3,38.9,23.3,6.2,24.4,4.4,361,68,10,62,173,34,169,34
85,micropus,-98.72,33.78,mi152897am,2,-0.0180666,-0.00400935,0.00968144,-0.00030916,0.00648535,0.00586422,0.0118313,0.00186965,-0.00705052,0.00527144,0.0117275,-0.00671067,0.0122514,0.0112048,0.00376269,-0.00030457,0.00580628,-0.00153199,-0.00356092,0.000958755,-0.00660923,-0.00234842,-0.0121947,-0.00591867,0.00065556,-2.01E-05,0.00230174,-0.00302088,-0.00148117,-0.00367948,-0.0044417,0.000946256,-0.00295024,0.0053863,-0.0055362,0.00273919,-0.0184957,-0.000369475,0.00422842,0.00815168,0.0047988,0.00945148,-0.0015405,-0.000327025,0.0021136,0.0115438,-0.00708419,-0.0011722,0.00240691,0.00503428,0.00924807,0.00226249,0.00383952,0.00557581,0.0188364,-0.020609,-0.000302405,-0.00149887,0.000441237,-0.00298603,0.00464414,-0.00612302,-0.000308861,0.00166835,0.0014571,-0.00506222,0.00154832,0.00991531,-0.00633368,0.00440894,0.000766341,0.00399549,-0.00476312,0.00272774,0.00501108,0.00389569,17.6,14.4,3.7,841.6,36.5,-2.1,38.6,22.1,6.4,28.2,6.4,715,105,26,41,252,99,184,99
86,micropus,-98.75,36.47,mi160283am,2,-0.0128544,-0.00589017,0.00462594,-0.00732364,-0.0194229,0.0065183,0.00880078,0.001354,0.00585048,-0.000961522,-0.0216154,0.00631971,-0.00748163,0.00704538,0.000522956,-0.00313012,0.000504336,-0.000589667,-0.00110887,0.000497018,0.017245,0.00411485,4.33E-05,0.00322813,0.00953212,0.00074401,-0.00125843,0.0050848,0.00224831,-0.00107109,-0.00597455,0.00539275,-0.00723277,-1.76E-05,-0.00548887,-0.00233954,-0.00566395,0.00587146,0.00123113,0.00124266,-0.0100016,0.00536265,0.00950417,-0.00436244,0.0091171,-0.0069473,0.0108467,-0.00653329,-0.0120846,-0.000867694,0.0017572,-0.00555483,0.0187312,-0.000117515,-0.00779798,-0.0176792,0.000432514,0.00129906,-0.000437814,0.004038,-0.00370641,0.000316322,0.00188976,4.29E-05,-0.0053433,-0.00252332,-0.00192751,0.00853754,0.00871633,-0.00270695,-0.00112461,0.0167447,-0.00308521,-0.0106584,-0.0084135,0.0147301,14.9,14.6,3.5,935.6,35.6,-5.8,41.4,24.4,2.6,26.8,2.6,659,103,17,47,259,65,226,65
87,micropus,-106.63,35.09,mi166770af,2,4.46E-05,-0.0057044,0.0133654,-0.0100767,0.0109084,0.00541731,-0.0230809,-0.00620859,-0.0129951,0.00304493,0.00793088,-0.00478427,0.000516582,0.0141227,0.0155308,-0.00211669,-0.00188519,-0.00621242,-0.013176,0.00309138,0.00615398,-0.000615531,-0.00807041,8.94E-05,5.99E-05,-0.000438604,0.00631256,-0.0030012,0.00380019,-0.00128293,0.00513689,0.0056388,0.000873088,0.00562349,-0.00132783,0.000987005,-0.00619445,-0.00350923,0.00461094,0.00387645,-0.0190317,-0.00132279,0.0027609,0.0126018,-0.00971289,0.00106497,-0.0012792,0.0136291,-0.0134963,0.00629378,-0.00386862,-0.000456247,0.00439072,0.00826718,-0.0108733,0.00818671,-0.000154926,-0.00172052,-0.00131212,-0.00191873,-0.00503406,-0.00989847,0.000525216,4.11E-05,-0.000445006,-0.000685632,0.00843643,-0.00349171,-0.00535342,-0.00468958,0.000558163,-0.000607833,0.0148287,-0.0112957,0.0151298,0.00197653,13.5,17,4.2,840.2,34.2,-5.6,39.8,23.4,2.9,24.5,2.9,219,40,10,50,98,31,88,31
88,micropus,-97.49,25.9,mi687af,2,-0.00485233,-0.000683206,-0.0132454,0.00345565,-0.0047359,0.00553577,-0.0038021,-0.00139536,0.00982247,-0.0048553,0.0100533,-0.000262127,-0.0153241,0.00626019,-0.00490453,-0.00031207,-0.00301756,0.00526189,0.00385245,0.000737226,0.00927528,0.00182659,-0.0118895,-0.00307766,0.000336147,-0.00163116,-0.0116565,0.00359047,0.00128357,-0.00229137,-0.00449289,0.00392024,-0.00184757,-0.000475973,0.00992529,-0.0007467,-0.00909782,0.00612811,-0.00743548,0.00343171,-0.00960259,0.000970936,0.00163699,-0.00526122,0.0100632,0.00147428,0.000208408,-0.00488338,-0.006139,0.00723027,0.0154795,0.00290563,-0.0132181,0.00518965,0.00921186,-0.00931125,0.00038778,-0.00018634,-0.00142868,0.00340316,0.00674313,-0.00773877,-0.00142239,0.00227624,-0.010267,0.00684879,-0.00525271,0.00979523,0.00164725,0.00157079,0.00276407,-0.00594809,0.00928328,-0.0109971,0.00819609,0.00155927,23.2,9.8,4.1,482.5,34.1,10.6,23.5,27,17.8,28.8,16.5,687,146,22,55,288,92,182,108
89,micropus,-106.03,35.6,mi7390af,2,-0.007715,-0.00166992,-0.0126027,0.00301233,-0.000734148,0.0154994,-0.0185717,0.000310667,0.0192162,0.00604219,0.00962926,-0.00957056,-0.0131235,0.00749508,-0.000466005,-0.00223758,0.00240983,0.00413975,-0.000152816,-0.00505529,0.0183407,0.00204383,0.01038,0.00103245,-0.000455577,-0.000264841,0.0109152,0.00703509,-0.00883223,-0.00154479,0.00765474,-0.00022166,-0.00339184,-0.00680444,0.00805189,-0.00147255,0.0264993,0.00751863,-0.00216444,0.0147218,0.00902385,0.00940675,-0.000630688,0.0070278,0.00543241,-0.00789117,0.0132704,0.00708704,0.00369627,-0.00103688,0.0250176,0.00773195,-0.0253926,0.00126629,-0.0139128,-0.00193101,0.00021288,-0.000296228,-0.000882616,0.00160391,-0.00263667,-0.00649847,-0.000448028,0.00114961,0.00188441,-0.00160556,0.010983,-0.00544978,-0.00910851,0.00287953,5.98E-05,-0.0070715,0.0132317,-0.0083267,0.00833402,0.00969472,10.4,16.5,4.3,801.8,30.4,-7.7,38.1,20,1.9,20.8,0.4,353,65,16,55,167,51,152,51
90,micropus,-101.53,29.22,mi36315am,2,-0.0182963,0.000886454,-0.00454654,0.000382976,-0.000256321,-0.00742538,0.00578053,-0.000841767,0.00262589,0.00900695,0.0256123,-0.00679979,0.00334912,0.00415071,0.0053264,0.000589603,-0.00916074,0.00309038,-0.000364402,-0.00247834,-0.0112681,0.00097494,-0.0121993,0.00225347,0.00338195,0.00301265,0.00146206,-0.0028751,0.0143158,-0.000626975,-0.0056611,-0.00142709,-0.000696323,0.00113632,0.00395151,0.000862968,-0.00139312,0.00807847,-0.00487535,0.00122082,-0.010469,0.00669225,-0.000898934,-0.000404313,-0.00825661,0.0226227,-0.00478787,0.0198775,0.00196995,0.0234827,0.00426209,-0.0205459,-0.00750656,0.0263957,0.0385971,-0.00221573,0.000302552,-8.76E-05,0.000104223,0.00508618,-0.00192353,-0.00332958,-0.000274094,-0.000867573,0.00157604,0.00142352,0.00326837,-0.00143387,-0.000452594,-0.00206202,-0.000226226,-0.00190781,0.0023044,0.00315526,-0.00192367,0.00247922,21.3,13.7,4.3,642.6,35.4,4.2,31.2,26,13.2,28.9,12.5,337,72,8,63,150,27,113,34
91,micropus,-101.26,27.89,mi49581a,2,0.00312664,-0.00307711,0.00274405,0.00234196,-0.0133869,0.0118401,-0.0173989,-0.00445832,0.00165332,0.00450155,-0.00215065,0.00391871,0.00672849,0.00538519,0.00975444,0.00234336,0.00745968,0.000336063,-0.00854322,-0.00132656,-0.00063684,-0.00136569,0.00736993,-0.00118767,0.00421623,0.00527888,0.0074074,0.000923927,0.0096749,-0.00270865,0.000119245,0.00379906,-0.015988,-0.00603293,0.000721645,-0.00280652,0.0110011,0.00357415,0.00662425,0.000499176,0.00408242,0.0127033,-0.00100692,-0.00927151,0.00630965,-0.00201337,0.00773652,-0.0266516,-0.000475756,0.00723139,0.0156201,-0.000178504,-0.00588375,0.0234125,0.00789425,0.002548,0.000210118,0.0026325,0.00047258,0.00349958,-0.00339949,-0.00825726,0.000721099,-0.00238785,0.00291719,-0.00245874,0.0059868,-0.00125229,-0.000954055,-0.00333808,0.000194612,0.00287982,0.00256762,0.00310066,0.000970997,0.00313847,21.7,14.4,4.2,706.2,38.1,3.9,34.2,26.4,14.4,30.4,12.4,437,80,10,61,174,38,149,42
92,micropus,-99.89,26.98,mi49594am,2,-0.00892946,-0.00383178,-0.00654363,-0.00188444,-0.0214395,0.00109331,-0.00206126,-0.00142687,8.18E-05,-0.0105505,0.000432018,0.00894845,-0.0044484,0.00808724,5.90E-06,-0.00122188,0.0123317,0.000559424,-0.00243276,4.58E-05,0.00567426,-0.000364422,0.0030653,-0.00372627,-0.00121016,-0.0016319,0.0116472,0.00107918,0.00475725,-0.00297696,0.00566286,0.00604133,-0.00998385,-0.00317971,-0.00154221,-0.00100804,0.00241226,-0.00062376,0.00841404,0.00781149,-0.00733729,0.00238409,-0.00294894,-0.00552045,0.00396026,-0.00677495,0.000612745,-0.00667223,0.00461225,0.00595341,0.00218936,-0.00181059,0.00348056,-0.000117663,-0.00736544,0.0251883,0.000719718,0.00300335,-0.000136728,0.00427824,-0.00559214,-0.00825998,-0.00148493,-0.00251393,-0.00438267,0.00286807,-0.00458442,0.00392376,0.00105038,5.40E-05,-0.000217152,-0.00428099,0.00525969,-0.00305314,0.00692849,0.0149168,23,13.5,4.2,637,38.1,6.6,31.5,27.6,16,30.5,14.2,450,101,10,67,193,42,145,48
93,micropus,-101.22,27.19,mi56709am,2,-0.00338358,-0.00227555,-0.00269521,-0.00328123,-0.0152761,0.00147351,0.0147839,-0.00311624,0.00638178,0.00624129,0.0217177,0.00128075,-0.0131247,0.00395429,0.00363739,0.000145666,-0.00202198,0.00793663,-0.00506435,-0.000692109,0.00890898,0.00235899,0.000745908,0.00355718,-0.00314424,0.00102197,-0.00168407,0.0036488,0.000648815,-0.00176674,-0.0145593,0.0016878,-0.00185688,-0.00402846,0.0186262,-0.00274763,0.00337571,0.00540649,0.00473632,0.000953589,-0.0182041,0.00975433,-0.0066567,0.00277609,0.00159629,-0.0183777,0.00171504,-0.0183563,-0.0132336,-0.00829326,-0.00299049,0.00900899,0.0122709,0.0142495,-0.0227602,0.022275,0.000311493,0.000211953,-0.000843287,0.00276715,-0.00241249,0.00305817,-8.73E-05,-0.00175409,-0.00364551,0.00138009,0.00257868,0.00115482,-0.00129613,0.00484476,-0.000556679,-0.0134747,0.0141635,-0.0116515,0.00902677,0.00631338,22.5,15.3,4.6,641.1,38,5.1,32.9,26.9,15.7,30.3,13.9,388,74,8,57,163,40,135,46
94,micropus,-100.16,27.45,mi56712af,2,-0.0195291,-0.00132707,-0.00282383,-0.00158734,0.00917478,0.012222,0.00892628,-0.00884477,0.00486697,0.00221763,0.0119228,0.0113627,-0.0246708,0.0204905,-0.000377877,0.000288555,0.00487462,0.0073984,0.00234556,0.000138437,-0.00553641,0.00307967,-0.00617486,-0.00279982,-0.000800462,-0.00134385,0.0108564,0.00167704,0.00608693,-0.00346438,0.000765326,0.00592488,-0.0171135,-0.00411792,0.00664101,-0.000352855,-0.00234353,0.00839145,-0.00233003,-0.00459594,-0.000850078,0.021751,-0.00866189,0.00474012,0.0146221,-0.017755,0.00493473,-0.0202584,-0.00830665,-0.00107355,-0.00321634,-0.00268986,0.00878011,0.00936615,0.00878739,-0.000940817,0.000550478,-0.00246723,3.43E-05,0.00282562,-0.00261905,-2.13E-05,-0.00235188,-0.00322275,-0.00053645,0.00481321,-0.000489536,-0.00446726,0.00206057,-0.000905065,-0.00746918,-0.0133694,0.0152996,-0.00842195,0.012904,0.0167054,22.3,13.9,4.3,649.5,37.4,5.5,31.9,27,15.3,30,13.4,430,79,13,55,177,53,117,56
95,micropus,-98.2,23.81,mi56717am,2,0.00803051,-0.00163435,-0.0145212,0.00391201,-0.00623031,-0.00559955,-0.0112931,0.00806387,0.00989495,0.00122643,0.0324979,-0.0138237,-0.0163829,0.0312726,0.00996511,-0.000746972,0.0109193,-0.00353367,-0.0112255,0.00408726,-0.000949577,0.00235048,0.00988473,-0.00692395,0.00447079,4.40E-05,0.00327306,-0.00775342,0.00537703,0.0041431,-0.0107522,0.00243413,-0.0137973,-0.00141493,0.0251435,-0.000442199,0.00638905,0.00286383,0.00547415,0.00291456,-0.00637153,0.030614,-0.00568436,-0.00222218,0.00646822,-0.0111646,0.0212795,-0.0408501,-0.00546844,-0.00346553,0.00780835,-0.0164384,-0.0119677,0.019869,-0.000970874,0.00473382,-0.000233807,0.00464511,-0.000600276,0.000401137,0.00152493,0.00663536,0.0017911,0.00317755,0.00264906,-0.0016057,0.0118282,0.0049198,0.00242258,0.00629603,-0.0146207,-0.0108938,0.0182528,-0.00838573,0.00941106,0.0261364,24.3,12.9,5.2,424.6,35.5,10.8,24.7,28.6,22.4,29,18.4,612,134,12,63,275,59,221,84
96,micropus,-97.5,25.81,mi56916am,2,-0.00638901,0.00244078,-0.0160944,0.00269926,0.00645539,0.010418,-0.000335185,0.000825639,0.00947992,0.00331708,0.0208656,0.000410992,-0.0207061,0.017764,0.000319116,-0.000603211,-0.0029265,-9.32E-05,0.00517709,0.0012411,-0.00895798,-0.00356863,-0.00706113,-0.00252126,-0.00619023,-0.00478178,0.00811405,-0.00376616,0.00367441,-0.00181805,-3.21E-05,0.00171141,-0.00629593,-0.00182686,0.0206095,0.00271113,-0.00141328,-0.00329293,-0.00584851,0.00384865,-0.0112202,0.0187408,0.00943214,-0.00142071,-0.00675145,-0.00455455,-0.00107615,0.00144066,-0.00655679,-9.36E-05,-0.00745755,-0.014453,0.00246674,0.00355886,-0.00648123,-0.00340534,8.79E-05,-0.000353116,-0.000263756,0.00176231,0.00104021,-0.00330806,-0.000184763,-0.00227893,-0.0020802,0.00106145,0.000783757,-0.00502024,0.00173836,0.00346599,-0.000129049,-0.00701622,0.00662748,-0.00492246,-0.000166671,0.00533258,23.2,10.1,4.2,481.4,34.3,10.6,23.7,27,17.8,28.8,16.6,706,155,23,57,287,93,185,111
97,micropus,-98.88,23.91,mi62160am,2,-0.00920601,-0.00797701,-0.00264943,0.00129535,-0.00175949,-0.00885434,-0.0220601,0.0108171,-0.0013196,0.000541933,-0.0117662,-0.00398588,-0.0244267,0.00979518,0.00865866,-0.000848868,-0.00750314,0.00159553,0.00218959,0.00253951,0.00482123,-0.000713997,-0.0014097,-0.00836825,0.00756557,0.00430509,0.00221064,0.00383948,0.00689553,-0.00171,-0.00242738,0.00183592,-0.00635727,-0.00736096,-0.00737455,-0.00967683,-0.0182636,0.00740624,-0.00554578,0.00115814,-0.00639912,-0.00786995,0.0156497,-0.00446564,-0.00520053,-0.00862111,-0.00985638,0.0106016,0.0110963,0.00407733,0.0334208,-0.00822091,-0.0113019,-0.0206727,-0.00165032,-0.0174288,0.000634981,0.00313313,-0.000618981,0.00178227,-0.00716891,-0.00401453,0.000657769,0.00141137,-0.0116384,-0.000402906,-0.014151,0.0226414,0.0074515,-0.00193625,0.00180956,0.00845664,-0.0083343,-0.00706831,-0.00303089,0.0182902,24.5,13.3,5.1,451.5,36.2,10.5,25.7,27.5,18.2,29.5,18.2,774,163,19,70,328,62,260,62
98,micropus,-99.55,27.44,mi89147bm,2,-0.0114101,-0.00191993,-0.00535255,0.000410243,0.00123247,0.00401017,-0.0107214,-0.00331922,0.00483929,-0.000437318,-0.00450963,0.0100213,-0.00290226,0.000423843,0.00795922,-0.00405145,0.00518446,0.00217351,0.000579872,0.00169791,0.0115217,0.00121865,0.00033359,0.000284147,0.00742261,0.00249547,0.0191112,0.00450633,0.00989908,-0.000863895,0.0026655,-0.000486531,-0.0127275,-0.0021467,-0.00270661,0.00128312,-0.00559774,0.00839344,0.00859342,0.00027257,0.000332431,0.00123083,-0.0049658,-0.00973138,0.00524757,-0.0179151,0.00913844,-0.0211034,0.00472269,-0.000709771,0.0180798,0.00709886,0.0100189,-0.00785891,-0.0152303,-0.00235542,0.000382947,0.00517575,-0.000241663,0.00255687,-0.00674713,-0.00128886,-0.000551186,5.40E-05,-0.00529787,0.0011915,-0.00960558,0.00668989,0.00231105,-0.00659084,0.00450391,0.00506959,-0.00606654,-0.0011767,0.00109883,0.00248315,23.7,13.2,4.2,630.7,38.4,7.1,31.3,28.6,16.7,31,14.9,446,85,13,53,168,53,123,62
99,micropus,-101.81,38.03,mi117813af,2,0.0015567,-9.46E-05,-0.00823418,0.0022167,-0.00964069,0.00683863,-0.00252498,0.00184253,0.0120879,-0.00124573,0.00100303,-0.00605368,-0.00316543,0.00775178,0.00160035,-0.00216125,-0.00362395,-0.00152886,-0.000107022,0.00263047,-0.00483538,0.00348534,-0.00211079,-0.00271755,0.00311207,0.00483019,-0.00701096,0.00288579,0.00585044,-0.00119112,-0.0142341,0.000315758,-0.00504445,0.000364869,-0.000644544,-0.00774338,-0.00112841,0.00456476,-0.00239477,-0.00200438,-0.00202925,0.0103556,-0.00225893,0.00237074,-0.00625358,-0.00596769,-0.000976087,-0.000707925,0.00598969,0.00292092,0.00764004,-0.00536331,-0.0310857,0.013224,0.0141799,-0.0158867,-0.000205818,0.00121452,-6.96E-05,-0.00110562,-0.00333252,-0.00352899,-0.000215665,-0.00231075,-0.00122483,0.00345806,0.00410374,0.0106289,-0.0037449,0.00306623,-0.000451316,0.00169505,0.00476619,-0.00369761,0.00203798,0.0139602,11.5,17.5,3.8,965.3,34.2,-10.9,45.1,21.5,-0.9,24.1,-0.9,400,68,8,64,192,26,182,26
100,micropus,-104.28,34.47,mi147920am,2,-0.00294228,0.00141152,0.00778821,-0.00296609,0.0148525,0.0101729,0.00411136,0.00631816,-0.00553387,-0.00456726,0.0259483,-0.00764198,-0.00436915,0.0109304,-0.00528473,0.000240597,0.0170997,0.00417319,0.00201089,0.000171823,0.000185697,-0.00110804,0.00247195,-0.00378141,-0.00110001,-0.00191637,0.009886,0.00162943,0.000133827,-0.00671403,0.0027686,0.00921051,-0.0182613,0.000536153,0.00734633,0.000552253,0.00426849,-0.00468472,0.0125492,0.00414013,0.00437735,0.014947,-4.05E-05,0.00147077,-0.0084003,-0.0250715,-0.00362053,-0.0400106,0.00245466,0.00631958,0.011904,0.0013963,-0.0157861,-0.0104587,-0.0286739,0.0079973,-2.32E-07,-0.00153207,-0.00107722,-6.52E-05,-0.000741946,-0.00322903,-0.000411961,0.00332435,0.0033797,-0.000524197,0.00479552,0.00621081,-0.0028246,-0.00717837,-0.0094468,-0.0216553,0.0173535,-0.00559158,0.0212638,0.0153902,14.3,17.7,4.5,777.5,33.6,-5.3,38.9,23.3,6.2,24.4,4.4,361,68,10,62,173,34,169,34
101,micropus,-100.895,29.37,mi25242am,2,0.0101196,-0.00257238,-0.0113873,-0.00387278,-0.000642414,-0.0136336,-0.0248464,0.00785693,0.0187311,-0.0121931,-0.0249501,-0.00180274,-0.0191891,-0.00460173,0.0043164,-0.0049905,0.014604,-0.00744156,-0.00574854,0.0064797,0.0035795,-4.70E-05,0.00815399,-0.00400955,0.00664,-0.00242427,0.0134097,0.000427428,0.00734713,-0.00270955,-0.00441639,0.000946802,-0.0140907,0.00334565,-0.0148372,0.000144734,-0.00508086,0.00126646,0.0155048,0.00479324,0.00779081,-0.0141166,-5.37E-05,-0.00365024,0.00731961,-0.00671981,0.00180627,-0.00944355,0.00162612,0.00244293,0.0148755,-0.00109461,0.0092119,0.00862523,-0.0125616,0.00334733,0.000611211,0.00210488,-0.000316832,0.00372212,-0.00552798,-0.00362102,0.000341776,0.000910172,-0.00230292,-0.00339294,-0.000269886,0.00424979,0.00202322,0.00178143,-0.00222785,0.00924742,-0.00117596,-0.00604359,-0.00280666,0.0159182,21.2,12.9,4,689.4,36.2,4.1,32.1,25.4,12.6,29.5,11.9,446,70,13,51,166,44,126,50
102,micropus,-103.457,30.301,mi30861bf,2,0.0271237,-0.00331152,-0.0196263,0.00135223,0.00980813,-0.00982937,0.0224844,0.00192274,0.0181597,-0.00655891,0.00855445,-0.00257715,-0.00575085,0.00554909,-0.00372469,-0.00345192,0.00142856,-0.000273448,0.00378241,-0.000555977,0.000664798,-0.000820886,-0.00359291,-0.00441488,0.00582442,-0.00317907,-0.00455467,0.00406067,-0.00140879,-0.00191142,-0.00518833,-0.00385154,-0.00204664,-0.00358075,0.0038688,-0.000803492,0.00555149,0.00455052,0.00104909,0.00339979,0.00328224,0.00243579,-0.00661969,-0.00752264,0.00119139,0.00791684,-0.00029062,0.00883573,0.00135053,0.00577744,0.0238275,-0.0202757,-0.000754968,0.0150148,0.016533,-0.00612687,0.000536937,0.000191667,-0.000252932,0.00347139,-0.00534178,-0.00212756,0.000645222,-0.00234208,-0.00366921,-0.00460055,0.00262156,0.00377749,0.00149499,0.0110473,-0.00338072,0.000719045,0.00705922,-0.00892433,0.00172438,0.0215937,15.6,16.3,5,608.2,31.2,-1.4,32.6,22.1,8.9,23.1,7.5,417,73,9,69,209,33,191,38
103,micropus,-97.421,27.85,mi44024af,2,0.0176724,-0.000143648,-0.0105619,0.00235092,-0.00985527,0.00845516,0.0039024,0.0041464,0.019395,0.00092143,-0.00821062,0.000519354,-0.0104032,-0.00360362,0.00400182,-0.00101337,0.00519661,0.00622076,-0.00353506,0.00233339,-0.000368416,-0.000527128,0.00218285,-0.000340004,0.00994647,0.000465404,-0.00710152,0.00711244,0.00399941,-0.00672479,-0.00850041,0.0061508,-0.00767824,0.000631555,-0.00820416,-0.000434251,-0.000289098,0.0068252,-0.0048115,0.00551099,-0.00142811,-0.00660728,-0.0144245,-0.00187203,0.0166562,-0.0179482,0.0021991,-0.0223265,-0.00771763,-0.00264806,0.0148783,0.00913584,0.00657265,-0.00247051,-0.0115592,0.0293815,0.000919911,0.000314339,-0.00109776,0.00577259,-0.0070183,-0.00916048,0.00361976,-0.00124402,-0.00921036,-0.0049475,-0.000741847,0.013837,0.0108057,-0.0145384,0.00100085,0.0192903,0.00548176,-0.0215836,0.00125165,0.0020619,22,10.3,3.8,568,34.2,7.6,26.6,26.5,15.5,28.7,14.1,811,144,31,45,318,128,224,136
104,micropus,-97.421,27.85,mi44025af,2,0.00216916,-0.00658982,0.00684229,-0.00313892,0.004478,0.00813128,-0.0254901,-0.00307655,0.00193096,0.000269873,-0.0109083,0.00397283,-0.00602927,-0.00405537,-0.00293919,-0.00409264,0.012883,-0.00280079,-0.0040483,0.00328286,0.00715486,0.00293708,0.000395193,-0.00434224,0.00240839,-0.000920078,0.00118467,-0.00562197,0.00211877,0.000946047,-0.019058,0.00392945,-0.00697517,0.00149069,-0.00759336,0.00536872,0.00150939,-0.000564309,0.00784898,0.00173396,0.000941583,-0.00925905,-0.00997511,-0.00476427,-0.000392564,-0.011664,0.0110381,-0.0107726,-0.0137829,-0.00308549,-0.0248081,0.00340586,0.0346766,0.00686402,-0.0298522,0.0349543,0.000680821,0.00541387,-0.0016489,0.00415872,-0.0094862,-0.000595258,0.00276968,0.00117137,-0.0114932,-0.0036172,-0.00400395,0.0110435,0.00768034,-0.00980428,0.00402202,0.0121259,0.00644082,-0.0229604,0.00591828,-0.00426157,22,10.3,3.8,568,34.2,7.6,26.6,26.5,15.5,28.7,14.1,811,144,31,45,318,128,224,136
105,micropus,-101.98,32.236,mi48344am,2,0.00279542,-0.00547337,0.00368136,-0.00432781,0.0124318,0.00507771,-0.0136516,0.0016649,-0.000834324,0.015083,-0.00286197,-0.00148267,0.0157371,-0.00651456,0.0138007,-0.00123923,-0.00432478,-0.000413057,-0.0043487,-0.00124483,0.00545909,0.00496786,0.00362388,-0.00685807,0.00217903,-0.00148107,0.0121717,0.00712467,-0.00255073,-0.0042293,-0.000530138,-0.0068147,-0.00557657,-0.00513816,-0.0111715,-0.00482173,0.0106644,0.00510259,0.0220985,0.00129139,0.012438,-0.00444461,-0.00160054,-0.00347191,-0.00363428,-0.00266368,0.0137478,0.00925614,-0.0115453,0.00451404,0.0108269,-0.00112135,0.0155415,0.0171961,-0.00394812,0.00505705,0.00125277,0.00505263,0.000139416,0.00667034,-0.00170033,-0.00386271,-0.00193513,-8.31E-05,-0.00203825,0.00126227,0.00404462,0.0072439,-0.00803913,0.00236887,0.00243298,0.00586085,0.00376854,-0.00921756,0.00441717,0.0102331,17.3,15.5,4.2,766.3,34.7,-1.9,36.6,25.9,7.1,26.8,7.1,428,76,14,54,172,46,145,46
106,micropus,-106.486,31.758,mi58573af,2,-0.0101288,-0.00244307,-0.0135239,0.00127077,0.00178093,-0.00584546,-0.0194782,0.00701874,0.00950027,0.000427128,-0.00259221,0.00500078,-0.0133981,0.00842923,0.00689276,0.000229982,-0.00225296,0.00346855,-0.00390056,0.000255258,0.000884716,0.00432653,0.00402223,-0.00091989,7.10E-06,0.00361178,0.00487781,0.00349586,-0.00226186,-0.00102915,-0.00141451,0.00728404,-0.0112786,-0.00499902,0.00128744,-0.0037125,0.00191736,0.00831643,-0.00531103,-0.00435989,0.0110803,0.0108992,-0.0044765,0.00281999,0.000160083,-0.0125135,0.00199105,-0.00564944,-0.0095383,0.00176638,-0.0106602,-0.00606929,0.0103956,0.00859069,0.000685596,0.0259948,-0.000169783,0.00235944,-0.000193995,-0.00217208,0.00102379,-0.0135166,0.000211269,0.00378325,0.000106688,0.000112961,-0.00189028,0.00446078,0.00598261,-0.0102325,-0.00816585,0.0078149,0.00229702,0.000557017,0.0102144,0.0111786,17.4,16.5,4.4,765.1,35.6,-1.2,36.8,26.1,17.3,27.1,7.6,219,42,5,69,119,18,100,36
107,micropus,-98.493,29.424,mi87891am,2,0.0277125,-0.00883608,-0.00406331,-0.000856943,0.00709054,0.00610895,-0.0178391,0.00709839,-0.0130472,0.00502427,0.00378707,0.00490158,-0.000259579,0.00182311,0.00118548,-0.00346229,0.00897576,-0.00303163,-0.00270792,0.0039047,0.00163389,-0.00405433,0.00728725,0.0010814,0.00103893,-0.00935052,0.00676354,0.00494647,0.00308964,-0.00928886,-0.00690635,-0.00135766,-0.0105775,-0.00155896,-0.0114281,0.00194939,0.00237091,-0.00310821,0.0130804,0.00395638,0.00576358,-0.00809316,0.0017624,-0.0133513,0.0129786,-0.00274736,-0.00126819,0.0064857,-0.000923216,0.00811005,0.00656334,-0.00495146,0.0206122,0.0196866,0.00466084,0.00532381,0.00016351,0.00218088,-6.87E-05,0.00127838,-0.00199879,-0.00999947,0.00228805,0.00130516,0.00174117,-0.00532805,0.00551419,0.00955859,-0.000644561,-0.0117433,-0.0018029,0.00893313,-0.00140641,-0.00700158,-0.00434747,0.0101906,20.7,12.1,3.9,658.5,35.4,5,30.4,24.4,12.8,28.8,12,693,93,35,34,223,117,164,125
108,micropus,-98.493,29.424,mi87892am,2,0.00695272,0.00360157,-0.00250544,-0.00482779,-0.00246562,-0.000283083,0.00291577,0.00318122,0.00450818,0.00534111,-0.0104142,-0.00656582,-0.00348636,-0.00538033,0.00532102,-0.00366454,0.00890171,-0.00248291,-0.00388937,0.00575339,0.00153938,0.00129823,0.00970231,-0.00851158,0.0117321,-0.00339046,0.00835017,0.00439767,0.00237658,-0.00164707,0.00978576,0.00236841,-0.00748744,-0.00223764,-0.0204725,9.86E-05,0.00222539,0.00199463,0.00877021,0.00641161,0.0151596,-0.00250644,-0.00326444,-0.00758784,0.000118874,-0.0109074,0.00013124,-0.0119626,0.00381098,0.00917509,0.0171947,0.00435228,-0.00160193,-0.0108315,0.0051485,0.00706694,0.000339729,0.00277386,-0.000994567,0.0031496,-0.000514428,-0.00858737,0.00254118,0.00159843,-0.00380224,-0.00760145,0.000767564,-0.00255389,0.0107783,-0.00761262,-0.00912682,0.00750599,0.0102701,-0.0187596,0.00802635,0.0157082,20.7,12.1,3.9,658.5,35.4,5,30.4,24.4,12.8,28.8,12,693,93,35,34,223,117,164,125
109,micropus,-101.478,32.25,mi97322af,2,0.0195826,-0.004484,-0.00675165,0.00270928,-0.004628,0.0046361,-0.0074792,0.00406737,0.0030338,0.0134174,0.00567617,-0.00750934,-0.00731008,0.0236288,0.00354561,-0.00381796,0.00886057,0.0081631,-0.00273638,-0.000926701,-0.000374839,0.00218088,-0.000789079,-0.000501647,0.00328041,-0.00301279,0.0056051,0.00560364,-0.00135257,-0.0090225,-0.00472662,0.00222601,-0.0126129,-0.00212402,0.0119003,4.45E-05,0.00321412,-4.54E-06,-0.0184454,0.000105363,-0.00298125,0.0171609,-0.0106758,0.00538942,-0.00663882,0.010179,0.00321595,0.019526,-0.00276369,-0.00153693,0.0121188,0.00314169,-0.00911329,-0.00131548,-0.0127583,0.00431602,0.000461291,0.0025349,0.0001226,0.00311858,0.00172894,-0.0072033,-0.000723739,-0.000510114,0.000606694,0.00269049,0.00678279,0.00477701,0.00107979,-0.000790347,-0.00851128,0.00764767,0.0104745,-0.00844255,0.00683947,0.0100318,17.4,14.2,3.9,777.1,34.3,-1.5,35.8,26.1,7,27,7,470,79,16,52,175,52,152,52
110,micropus,-97.133,29.985,mi97325am,2,0.00447719,-0.00270054,-0.0137299,-0.00866128,-0.0018201,-0.000615027,0.0015611,-0.00365521,0.00280264,0.00872309,-0.0143029,-0.0101891,-0.0242545,-0.00860849,0.000172455,-0.0070187,0.00437493,0.00234309,0.00882388,-0.00211629,0.0164619,0.0029271,-0.0019556,-0.00439675,0.00676322,0.00157307,0.00663509,0.00438485,0.00434161,-0.00311272,0.00707045,0.0027724,-0.000448813,-0.00263783,-0.0109145,0.00361197,0.00441453,0.00122346,0.000460531,0.000458058,-0.00100805,-0.00544033,0.000685812,-0.00486845,0.0050198,-0.0121822,-0.00263056,-0.0250864,-0.000721605,0.00677056,0.0372281,0.000804706,-0.0107586,-0.000335599,-0.00701155,0.00313516,0.000730897,0.00503159,-0.00028662,0.002365,-0.000866996,-0.012649,0.00283157,0.000821936,-0.00626144,-0.00842656,0.00187932,0.00700715,0.00673038,-0.00246385,-0.00281686,0.01487,0.00340393,-0.0194398,-0.00330567,0.0183386,19.7,12.9,3.9,676.3,35.4,2.9,32.5,23.6,12.1,28,10.5,949,125,50,30,301,183,209,192
111,albigula,-110.92,31.78,a7762af,3,-0.0138959,0.00275162,0.00136395,-0.00156,0.00104929,-0.018679,0.0140407,0.00474148,0.0131698,-0.000141511,0.0249982,-0.00265376,-0.0204413,0.00530592,-0.00431048,-0.000306534,0.0070832,-0.00125621,0.0004092,0.00300716,0.00235666,0.00324418,-0.0050735,-0.00532671,-0.00251123,0.00274889,-0.00691984,-0.00656093,-0.00831734,0.00182067,-0.00254532,0.00252843,-0.0049851,-0.00374684,0.00844407,-0.0017223,0.00403613,0.00511192,-0.00958911,-0.00565939,0.00478987,0.011266,-0.000196966,0.00997718,0.000581146,-0.0189824,0.00794218,-0.0337049,-0.00378849,0.000357073,-0.000986213,-0.0114084,-0.00112417,0.00343751,-0.0171111,-0.00933486,-0.000174101,0.000847455,-0.00135081,0.000206841,0.00437674,0.00109034,4.14E-05,0.00134614,-0.000797656,0.00868996,0.0146004,0.00475071,-0.0010224,-0.00143033,-0.0103463,-0.0036508,0.026103,-0.0196775,0.0125192,0.0145404,17.8,16.9,4.8,663.2,35.4,0.9,34.5,25.8,20.9,26.4,9.6,409,97,4,77,221,23,186,89
112,albigula,-110.88,31.79,a22886af,3,0.00547802,-0.0025224,-0.0105363,0.00234409,-0.0134322,-0.00682649,0.0131304,0.00859212,0.00556161,0.0020987,0.0130534,-0.00616657,-0.0213932,-0.00481178,-0.0109306,-0.000970957,0.000772946,0.00484231,0.0109175,-3.21E-06,-0.00697489,0.00108185,-0.00622535,-0.00219563,0.000946414,-0.000529406,0.00456507,0.00290494,0.000612185,-0.00213142,-0.00763014,0.0054633,-0.000227096,-0.00346148,0.00442589,0.000690053,-0.000966129,0.00383569,0.0060621,0.00342967,-0.0111305,-0.00933638,-0.000660925,-0.00757398,-0.00344508,0.00139948,0.0123447,-0.0106885,0.00380636,-0.0001685,0.0134716,0.0161571,0.00706936,0.00238153,-0.0358256,0.0170796,-0.000264616,-0.000395877,-0.000642685,0.000224745,0.00260044,-0.00317678,0.0011948,-0.00198277,-0.00211849,0.00185849,0.0050719,-0.000932798,0.00206373,-0.00461225,0.0004574,0.00941151,0.00557169,-0.0130943,-0.00439936,0.00227526,17.3,16.2,4.7,654.1,34.6,0.8,33.8,25,20.4,25.7,9.2,444,103,4,75,235,24,197,99
113,albigula,-111.13,30,a23305af,3,0.0106158,0.00142175,-0.00323997,-0.00500333,-0.000847927,0.00768501,0.0125103,-0.00607625,-0.0115329,0.00738533,0.019846,-0.00031409,0.000788126,-0.00162689,0.0017257,0.00158664,0.00544051,0.000486552,-0.00120679,-0.00244176,0.00259177,-0.00106769,-0.00264306,0.000318026,-0.00207278,-0.000452938,-0.000521463,-0.00505455,-0.0072401,0.00614149,0.00435945,0.00541572,-0.00690028,-0.00165265,0.0116955,0.00301261,-0.000477331,-0.0025333,0.0153042,0.00420792,0.00391648,0.0109785,-0.00841365,-0.00379748,-0.00228538,-0.0165212,0.00177596,-0.0262861,0.00649252,-0.00490671,-0.00318154,0.00871212,-0.0011527,0.000233357,-0.0267202,0.0139583,-0.000561207,-0.00143052,-0.00104122,-0.00415239,0.00215617,-0.00144704,0.000100545,0.00215776,-0.00145242,0.00793742,0.00290835,0.00360055,0.00196576,-0.0103289,-0.00475161,-0.0195319,0.0184687,-0.00870727,0.0139872,0.00323162,19.9,16.6,5.4,559.3,35.4,4.7,30.7,26.9,21.9,26.9,12.9,356,110,3,109,236,14,203,68
114,albigula,-111.13,30,a23327af,3,-0.00519944,-0.00312578,-0.00543793,-0.00543619,0.00202462,-0.00804027,-0.00462672,-0.00468959,0.00724821,-0.00613617,0.0121474,0.0088854,0.00752452,0.00492668,-0.00455623,-0.00157486,0.00457391,0.00183304,0.00424118,-0.00326876,0.000248775,0.00449035,-0.000657442,0.00577921,-0.00372032,0.00187,0.00298026,-0.00321815,-0.00730423,0.00327071,-0.00244277,0.00278724,-0.00908896,0.00489718,-0.00138377,0.00205888,0.00197561,-0.00395578,0.0162443,0.000251607,-6.23E-05,-0.00417912,-0.000658185,-0.00562221,-0.00525474,-0.017528,0.0120011,-0.0291118,-0.00558593,-0.00772505,0.00126054,0.00182015,-0.000175763,-0.0118236,-0.0135859,0.00232643,1.96E-05,-0.00270094,-0.00103043,0.000677251,-0.00483279,-0.00380098,2.82E-05,0.00179694,-0.00309268,0.000904289,-0.00358733,0.00107336,0.000285044,-0.00610754,0.0037382,-0.000564531,-0.00016387,0.000576159,0.00466436,-0.00174136,19.9,16.6,5.4,559.3,35.4,4.7,30.7,26.9,21.9,26.9,12.9,356,110,3,109,236,14,203,68
115,albigula,-108.65,37.31,a29181am,3,-0.00431966,-0.00771308,0.0086317,0.0026461,-0.00394577,-0.00374902,0.00453553,0.0072233,-0.00794741,0.000733281,0.0194439,-0.000641453,-0.00894328,0.00653639,-0.000947448,0.00305285,0.00787974,-0.00309874,0.0013325,-0.000740537,-0.000440333,-0.000487507,-0.000455688,-0.0012932,0.00538692,-0.00203603,-0.00278769,0.0028801,0.00263146,-0.000777016,0.00742849,0.00328324,-0.00421976,-0.00309627,-0.00834693,-0.00350029,0.000398232,0.00434445,0.00548216,0.00354455,0.0157542,0.00742471,-0.00122103,-0.00196864,-0.00517395,-0.0321042,0.0116098,-0.0443934,-0.00351458,-0.00252547,0.0083298,-0.00274773,0.000159529,-0.0107786,-0.00575984,-0.0211259,-0.000426182,-7.09E-05,-0.000837875,-0.00270906,0.00278097,-0.00499253,0.000434246,0.000987489,-0.000267409,0.00103366,0.00573821,-0.00804596,0.00309916,-0.00567656,-0.00779603,-0.0058588,0.0176475,-0.0156963,0.0115745,0.00849311,9.7,16.8,3.9,880.8,32.1,-10.5,42.6,16.4,13.8,21.1,-1.7,316,37,10,27,104,51,76,73
116,albigula,-108.19,37.12,a34760af,3,-0.00186651,-0.00661805,-0.0133335,-0.00200938,-0.0135803,-0.00727396,-0.00709888,-0.000372208,0.00512238,0.00188847,0.00752951,-0.000850858,-0.00796886,0.00950624,-0.00629854,0.00270605,0.0115272,3.03E-05,0.00456502,-0.00367827,0.0016787,0.00121713,0.0031739,-0.00304821,-0.00133348,0.00152731,-0.00516611,-0.00289737,-0.00262412,0.00651336,0.00769151,0.00264877,-0.00755217,-0.00443723,0.00664543,0.00129452,0.00723627,0.0052794,0.00445421,0.0108863,0.0135763,0.014558,-0.00732962,0.0158844,-0.00615419,-0.00960864,0.0020619,-0.00364207,0.0144071,0.00377097,0.0105892,0.0127744,-0.000683733,-0.00465994,-0.0378998,0.0200015,-0.000119728,-0.000671645,-0.00090745,-0.00292043,-0.000895159,-0.00930685,-0.000597086,0.00176729,3.26E-05,-0.00178506,0.00658481,-0.0131999,-0.00736836,0.00132059,0.0020943,-0.00588732,0.0117765,-0.00978244,0.0105901,-0.000564368,9,16.4,3.9,848.6,30.7,-10.4,41.1,15.4,12.8,20,-1.9,369,45,13,27,120,59,97,87
117,albigula,-108.19,37.12,a34762af,3,0.00333243,-0.00292203,-0.0212259,0.00611707,-0.00640244,-0.0127908,0.00857086,0.00648117,0.00443895,-0.0108355,0.0114757,0.00241557,-0.0066303,0.00743462,-0.000275327,0.00201748,0.0069712,0.00481954,0.0029321,-0.00458314,0.00219616,0.00338093,0.00042653,0.00440885,-0.000849084,-0.000620243,0.003319,0.00104845,-0.00545538,0.00143995,0.010806,0.00510452,-0.00673723,-7.08E-08,0.00176745,-0.00134741,0.00299889,0.00105201,0.00480908,0.00665025,0.00689371,0.00930126,0.0090685,0.0158106,-0.0201638,-0.0117124,0.00821571,-0.00671144,0.00569576,0.0127542,0.0142931,-5.25E-06,-0.0075071,-0.00747128,-0.00989792,-0.00981878,-0.000464931,-0.000743321,-0.00113726,-0.00342885,0.00234124,-0.00816598,0.000165272,0.00243518,-6.56E-05,-8.77E-05,0.00678793,-0.00384592,-0.00521346,-0.00568236,-0.00126173,-0.00344121,0.0120372,-0.0153925,0.00979069,0.00658379,9,16.4,3.9,848.6,30.7,-10.4,41.1,15.4,12.8,20,-1.9,369,45,13,27,120,59,97,87
118,albigula,-107.85,37.06,a34764af,3,0.0202617,-0.00618268,-0.0107002,-0.000992837,0.00282164,-0.00358848,0.0101087,-0.00427036,-0.00950247,-7.61E-05,0.00641837,-0.00137647,0.011969,-0.00233126,-0.0126756,-0.00119174,0.0110142,0.00148422,0.0111736,-0.00445548,-0.00243172,0.00532077,-0.00556209,0.00207332,-0.000302392,-0.00510083,0.00598866,0.00304261,-0.0054095,-0.00374112,-0.00167853,-0.00185924,-0.00351812,0.00015785,0.000994183,-0.00215131,-0.00477715,0.00162313,0.00577225,0.00490821,-0.0139525,-0.000407832,-0.00299007,-0.0118824,-0.0149987,0.00724728,-0.0115908,-0.00831014,0.0144673,0.015973,0.0256206,-0.00256733,-0.00244333,-0.0114391,-0.0154762,-0.0290326,4.11E-05,-0.00126048,-0.000349622,-0.00210346,-0.002827,-0.00943179,-0.000831403,-0.00137734,-0.00357668,6.23E-06,-0.00696411,-0.00878325,9.18E-06,-0.00381736,0.00603273,0.0019873,-0.00212218,1.39E-05,0.00576435,-0.00498523,8.7,17.4,4,851.4,31,-11.5,42.5,15.2,12.7,19.7,-2.3,377,48,14,27,124,61,101,91
119,albigula,-107.87,37.04,a34765af,3,-0.00837264,-0.00472625,9.17E-05,-0.00421375,-0.00321761,0.0151596,0.000912347,-0.00293525,-0.00142488,0.0114131,0.0262803,-0.00115,0.0140883,-0.00310896,-0.0163028,-0.00291609,0.00882234,0.00779582,0.0132642,-0.00268421,-0.00682836,0.00606826,-0.00707948,0.0109516,-0.00429461,0.00174139,0.00360946,0.00755327,-0.00129217,-0.00985793,-0.00441684,0.00129272,-0.0112267,0.00241306,-0.000570972,-0.00449988,-0.00091304,0.000634335,0.0079751,-8.43E-05,-0.00829142,0.00166667,0.000522163,-0.00560576,0.000972163,0.00530829,-4.51E-06,-0.00538989,0.00851396,0.00760595,0.0184403,0.0150001,0.014803,0.000954061,-0.0176,-0.00468165,-9.17E-05,-0.00192992,-0.0010101,-0.00214055,-0.00863819,-0.00381282,-0.000144992,0.000263306,-0.00282408,-0.000719704,-0.00344163,0.00233688,-0.00447362,-0.00380298,0.00696419,0.0050492,-0.00297482,-0.000361283,0.00573308,-0.00447366,8.7,17.2,4,850.8,30.8,-11.4,42.2,15.2,12.7,19.7,-2.3,374,48,14,28,124,59,101,90
120,albigula,-114.05,32.31,a47218af,3,-0.0222317,0.00249012,-0.00428588,0.000531081,0.002469,-0.0150783,0.0188366,0.00265939,0.00263818,-0.00540253,0.0371226,-0.00335105,0.0170025,-0.0062241,-0.0052688,0.00128184,0.00912572,0.000210756,0.00550006,0.000832877,-0.0119273,-0.0052746,0.000411257,0.00154158,-0.00324354,-0.00261281,0.00934924,0.00431559,0.00142342,-0.00512087,0.00452811,-0.00314102,-0.00941873,-0.00249026,-0.00210964,0.00416627,-0.0017881,0.00307331,0.00646591,-0.000559666,0.0080427,-0.00472204,-0.00823715,0.00465281,-0.0126332,-0.0107285,-0.00395626,-0.0199379,-0.00323777,0.00534775,-0.00789953,0.0129657,0.0200344,-0.0160065,-0.0174475,0.00238919,-0.000175813,-0.0010428,-0.000188192,-0.000314204,0.00127759,-0.0043416,-1.02E-05,-0.00416058,0.000280634,-7.92E-06,0.00571529,-0.0095567,-0.00304906,0.00157293,0.00235794,0.00440619,0.00564932,-0.00907675,-0.00197754,-0.00142827,21.5,14.6,4.4,666.8,38.5,6,32.5,30.1,23.7,30.1,13.3,126,24,0,60,53,4,53,39
121,albigula,-110.97,31.85,a51949af,3,-0.0145599,0.00451557,-0.00414904,0.00448413,-0.00478962,-0.00384869,0.0183108,-0.00448117,-0.00273123,0.0108963,0.0338591,-0.00591834,-0.00272808,0.00285152,-0.00617341,0.000413299,0.00507906,0.00399067,0.00479,-0.0030664,-0.00405735,-0.000214835,0.00214332,0.00428975,0.00317606,-0.00166608,-0.00155643,0.00382713,-7.65E-05,-0.00483448,0.00896116,-0.005481,-0.00317008,-0.00380547,-0.0086228,-0.00165561,0.00134227,-0.000869478,0.0115506,0.00393306,-0.0122792,-0.00498573,0.00448326,-0.000734883,-0.00721904,0.00944128,0.00114394,0.0175289,0.0058897,0.0141778,0.0107731,-0.011716,-0.00737208,0.00359843,0.0199034,-0.0105053,0.000269592,0.000341568,-0.00100956,0.00366929,-0.00308085,-0.00271775,-0.000338099,-0.000802239,-0.00484055,0.00116707,-0.000882263,-0.00332496,0.00148416,-0.00428227,0.00217185,0.00555742,0.00777395,-0.0113132,0.00931057,-0.00697638,19,17.3,4.9,682.9,36.8,1.6,35.2,27.3,22.1,27.8,10.5,349,81,4,77,191,20,159,74
122,albigula,-110.31,31.46,a51963af,3,-0.00426901,0.00177159,-0.0119136,0.0075899,0.00272386,-0.0125492,0.000871371,0.00146244,-0.000937812,-0.00342993,0.0139166,0.00142947,-0.006146,0.0107762,-0.00953894,-0.0017015,0.00691332,-0.000695885,0.00611745,0.000951051,-0.00184766,0.00077183,-0.00570791,0.000278968,0.000365539,-0.000286963,-0.00771618,-0.000332554,0.000159362,-0.000324795,-0.00212027,0.00112434,-0.00334749,-0.000802391,0.00175407,0.00766616,-0.00470894,0.00172378,0.0200108,-0.0003378,-0.00288795,0.00155386,0.0077436,-0.00247468,0.00151807,-0.0116079,0.00546703,0.00651921,0.00861052,0.0057727,-0.00220437,-0.00412911,-0.00521049,0.00440599,-0.0039534,-0.0224699,-0.00045191,0.000113563,0.000175094,-0.00212337,-0.00362434,0.0041594,0.00118838,-0.00264844,0.000834853,0.00254022,0.00147583,0.0060701,0.00615506,-0.00274689,-0.00838746,-0.00497321,0.00638745,-0.00152007,0.00140276,0.0188792,15.4,15.6,4.8,624,32.3,-0.2,32.5,22.6,18.6,23.4,7.6,462,114,5,84,262,29,228,95
123,albigula,-106.13,28.67,a69994af,3,-0.00326416,-0.00321179,-0.0310052,0.00182691,-0.00749551,0.000978503,0.0128066,-0.00363706,0.015088,-0.00260957,0.00783133,0.00342219,-0.0109412,0.00674537,0.000211404,0.00227146,-0.0115612,0.0153089,0.00732194,-0.0042393,-0.00437328,0.00315032,-0.00393457,0.00582048,-0.00823098,-0.000386502,-0.00456604,0.00814748,-0.00792371,-0.00880372,0.000155406,0.00656745,-0.0057967,-0.00104749,0.00758868,-0.0046007,-0.012668,-0.00281665,0.00425059,0.00489358,-0.0138419,0.00829333,0.00601746,-0.00631084,0.00270883,-0.00440207,0.00185874,-0.0136261,-0.00338633,-0.00141278,0.0195661,-0.00367749,0.0162134,-0.00684947,-0.011192,-0.0084851,-0.000399336,0.000269867,-0.00068752,0.000184531,-0.00111593,0.00775921,0.00159945,-0.00527901,-0.00622543,-0.000502526,-0.000994736,-0.00721131,0.00955379,0.00282301,-0.0027104,0.00386644,0.00908574,-0.0193438,-0.00128267,0.0134256,17.3,16.1,4.9,582.9,33,0.3,32.7,23,11.1,24.2,9.4,410,105,4,106,286,15,240,21
124,albigula,-111.13,31.72,a75713am,3,0.00559055,0.00377754,-0.011476,0.00829427,-0.00420265,-0.0110384,0.00350619,0.0115102,-0.00448189,0.000580854,0.0178795,-0.00983782,-0.00923345,0.00408919,-0.00126331,0.00128213,0.00724504,0.00358325,0.00579617,0.00346456,5.76E-05,0.00166548,-0.00270653,-0.00180417,-0.000583439,0.00277838,-0.00464229,0.00665697,-0.00420147,0.000507603,0.000237975,0.00405065,0.00421173,-0.0052251,-0.00300847,-0.00210084,-0.00735459,0.00670979,0.0170901,-0.00139957,-0.00338881,-0.00738922,-0.0119545,-0.0036422,-0.0093458,-0.0015882,0.00749212,0.00198307,1.96E-05,-0.0025048,0.00769444,0.00821991,0.014726,-0.00382375,-0.0106266,0.00476448,-0.000276532,0.000675971,-0.00118723,-0.00136233,-0.00182993,0.00846557,0.00234467,0.00484396,-0.00463539,-0.00509024,-0.0018848,0.00817239,0.00493401,0.00227807,-0.000120588,0.0094458,-0.00372589,-0.00722017,-0.00415744,0.00327407,17.8,17.6,5,663.9,35.8,0.6,35.2,25.9,20.9,26.5,9.7,400,96,4,80,222,22,187,85
125,albigula,-110.18,31.43,a75714am,3,-0.0261916,0.00106699,-0.0132544,0.00746213,-0.0104115,-0.00961526,0.0110872,0.00340025,0.00580868,-0.00195509,0.0175486,-0.00635325,-0.00190728,-0.00674272,0.000583483,0.00170859,-0.00421472,0.00719543,0.00310932,-0.00438945,-0.00542275,-0.0037686,-0.00553433,0.00140043,0.00318166,-0.00181378,0.00478583,0.00192985,-0.00690322,-0.00288287,0.00501879,0.00195319,0.00781369,0.00138397,-0.00166658,0.00189477,-0.00430026,0.000100291,0.0109443,0.00282057,-0.000355396,-0.0029198,-0.00380646,-0.000111199,0.00243324,0.00776601,-0.00572387,0.0174349,0.000176955,0.00156221,0.00625214,0.0122352,-0.00744284,0.0151045,-0.0110102,0.00629821,-0.000106517,-0.00164543,-0.000238151,0.000831184,-0.000555551,0.00225032,0.000251189,-0.00367556,0.00089901,0.00232886,0.00808674,0.000395478,-0.00258967,0.00176027,-0.00168782,-0.00351455,0.011256,-0.00794775,0.00335131,-0.000735182,16.7,16.3,4.8,639.1,33.9,0.3,33.6,24.1,20,24.9,8.6,382,102,4,95,231,23,204,70
126,albigula,-110.87,31.72,a80759am,3,-0.0165367,0.00472566,-0.0219504,0.00453279,0.00210258,-0.0215529,0.0393736,0.00102203,0.0259218,-0.0125379,0.016795,-0.00883529,-0.00417202,-0.00793578,-0.00205782,-0.00113358,-0.00107013,0.00572495,0.00696863,-0.0032065,-0.00830828,0.000394918,-0.00175485,0.00354734,0.00135337,0.00206024,0.000279568,0.0011073,-0.00186579,-0.00110752,0.00397567,0.00316692,-0.000250745,0.0021354,-0.00595247,0.00168198,-0.0118602,0.00304263,0.00236302,0.00155731,0.00145539,-0.00766561,-0.0147214,0.00445387,-0.02169,-0.0110872,0.00111082,-0.0179844,0.00543966,0.000204159,-0.00491153,0.010429,0.0150784,0.0014146,-0.0308126,-0.0145042,-0.00017075,0.000594445,-0.000437841,-0.000198229,-0.00617752,0.00694256,0.000691684,-0.00200111,-0.00372983,-0.00232752,-0.00197986,0.00416126,0.00116073,0.00700245,0.00188097,0.00538688,-0.00156925,-0.00570716,-0.00272025,0.00660593,12.6,13.5,4.5,599.4,28.2,-1.3,29.5,19.6,15.4,20.4,5.2,648,133,9,67,318,44,270,159
127,albigula,-111.09,31.39,a80761am,3,-0.0123761,-0.000913514,0.0123509,-0.000587521,0.00150319,-0.0130695,0.0115225,0.00885387,-0.0107638,0.00173949,0.0223449,-0.00319952,-0.00544556,0.0101755,-0.0125775,-0.00367965,0.00913289,-0.000391528,0.00601249,0.00103055,-0.00542631,0.0022143,-0.00629544,-0.00425903,-0.00526164,8.79E-05,-0.0100473,0.000393474,-0.000822092,-0.000382222,-0.000840223,0.00340421,-0.00417951,-0.00405061,0.011686,-0.00143632,-0.00156454,-0.000392351,0.00835667,-0.00860527,-0.0120104,0.00372629,-0.00586926,0.00513081,2.62E-06,0.0218364,0.0044346,-0.0206767,-0.00548003,3.06E-05,-0.00501812,-0.0125979,-2.63E-05,0.00900121,-0.0173774,-0.00108214,-0.000125746,-9.96E-06,-0.000422573,-0.00165909,-0.00613829,0.000329327,-0.000419336,-0.0030136,-0.00258204,-0.00352746,0.00192173,-0.00240531,-0.00563484,0.0107601,0.000446403,-0.00792357,0.0115113,-0.012075,0.0150686,0.00509354,16,16.7,5,633.9,33.2,-0.2,33.4,23.7,18.9,24.3,8.2,488,118,6,81,269,28,229,108
128,albigula,-106.84,27.94,a81487af,3,-0.00390238,-0.00701235,-0.0194113,0.00223749,-0.0192551,0.00949925,-0.00383716,-0.00310534,-0.00707062,-0.002,0.0207193,0.00925999,0.014786,0.00283031,0.000397683,9.09E-05,0.00195193,-0.00220551,-0.00113218,0.00211607,-0.00147124,-0.00148553,0.00525582,-0.00354178,-0.00179476,-0.000800705,0.00228065,0.00142788,0.000676683,0.000362407,0.00116429,-0.00304185,-0.00186415,-0.00236295,0.0155059,-0.00349807,0.00726819,-0.00247207,0.00618666,-0.00274085,-0.016712,0.00631141,-0.00874467,0.00135003,-0.00678009,-0.00311073,0.009403,-0.0226687,0.00863706,-0.00137679,-0.00980892,0.00366788,0.00844991,-0.00427686,-0.0195212,-0.0220932,2.70E-06,-0.000905734,-0.000577134,0.000694058,-0.000261002,-0.00036066,0.000372002,0.000446689,-0.00117311,0.000327453,0.0033973,0.00578216,0.000225372,0.000262972,-0.00421965,-0.00193207,0.00795381,-0.00735151,0.00614219,0.00998709,14.7,17.7,5.4,511,30.5,-2.1,32.6,19.9,14.9,20.9,7.9,494,130,5,111,359,19,299,35
129,albigula,-112.38,28.77,a95553af,3,-0.00917912,-4.87E-05,-0.00364315,-8.14E-05,-0.000573869,-0.0162591,-0.00129798,-0.00213744,-0.000807956,0.00161518,0.0255979,-0.00286094,-0.00712151,-0.00179051,-0.00198899,-0.00146051,0.00657298,-0.000507699,-0.000353473,-0.000146381,-0.00512517,0.000320043,0.000259598,0.00175492,0.00444226,-0.000784407,-0.00527495,-0.00494736,0.00617689,0.00522951,-0.00485803,0.00011375,-0.0044747,-0.00173427,-0.007161,0.00694122,0.00630721,0.000623706,0.0235709,0.00539126,-0.00574228,-0.000769479,-0.00413739,0.00577761,-0.00636247,-0.0187776,-0.00196176,-0.0318041,0.00633101,-0.00200152,-0.00111182,0.0134476,0.00304666,0.000790673,-0.0299135,-0.0120823,7.41E-05,-0.000846878,-0.000377003,0.000556007,-0.00181288,-0.00447018,-0.00106251,-0.00409682,-0.00115398,0.0036629,0.0078333,0.000585469,-0.00931427,0.00441216,0.00273033,-0.0095667,0.0153048,-0.0126046,0.00963,0.00268148,22.6,16,5.4,520,37.1,7.9,29.2,29.3,23.9,29.3,16,122,22,0,68,57,2,57,40
130,albigula,-110.27,31.41,a147750am,3,0.00568452,-0.00654561,-0.0222018,-0.000305059,-0.00681127,-0.00513218,0.0225406,0.00572264,0.00644041,-0.00230941,0.000642073,0.00053406,-0.0147181,0.00716134,-0.00614462,-0.00204315,0.0150937,-0.00315141,0.000372187,0.00135696,-0.00178768,-0.00127798,0.00535524,-0.00307156,0.00740715,-0.00408512,0.00205417,0.00388265,-0.00207336,-0.00485992,0.00725673,0.00164405,-0.0114736,-0.00198899,-0.0128255,-0.00246284,-0.00816228,-1.70E-05,0.0184361,0.00163639,-0.00260293,0.00079423,0.0037267,-0.0021174,0.00480046,0.0111283,-0.00303575,-0.0212874,0.0099937,-0.00297992,0.0267425,0.0048572,0.0123198,-0.0212643,-0.0173441,-0.00130601,-7.00E-05,-0.0020914,-0.000358916,0.0027924,0.000482881,0.00900638,0.000204969,-0.00516198,0.00129386,0.00610222,0.0125824,-0.00328246,0.00106087,0.00558165,-0.00754562,-0.00662941,0.021029,-0.0113555,0.00468457,0.00451578,13,14.9,4.7,596.6,29.7,-1.6,31.3,19.9,16.1,20.8,5.6,594,134,9,74,311,46,275,133
131,albigula,-109.74,31.93,a147751af,3,-0.0100371,-0.00400914,-0.0177393,0.00488853,-0.00615027,-0.00796754,0.00767882,-0.000914228,0.00232671,-0.0072655,0.0371978,-0.00250538,-0.010675,0.0129888,-0.0120895,-0.00315943,0.00900875,0.000605314,0.00784223,0.000428454,-0.00464023,0.00293495,-0.00881735,-0.00400271,-0.00513187,1.77E-05,-0.00821538,-0.000283028,0.00150681,-0.00172169,-0.000471873,0.00342425,-0.00410414,-0.00140629,0.0116971,-0.00116808,-0.00126647,-0.00107827,0.00794581,-0.00705722,-0.0118101,0.00329744,0.000984874,0.00085329,0.000218042,-0.0222778,0.0090799,-0.0262982,0.00414058,0.000201696,-0.0148135,0.00111984,0.0175053,0.0176156,-0.0150753,0.00566213,-0.000216975,-2.26E-05,-7.90E-05,-0.00123973,-0.00522071,0.00847389,0.000145192,-0.00421567,-0.00220612,-0.00391487,0.00058351,-0.00181662,-0.00200739,0.0100747,-0.00093273,-0.00622771,0.00837978,-0.0110926,0.0105894,0.00525567,16.2,17.8,4.9,677.4,34.6,-1.1,35.7,24.2,19.6,25,7.7,335,80,5,84,190,24,166,65
132,albigula,-111,32.15,a147753af,3,-0.00815649,-0.0027954,-0.00993846,0.00202659,0.0040848,-0.00862781,0.00953983,0.00629938,0.00723606,-0.00488782,0.000747137,0.0024612,-0.00172663,-0.00288334,-0.00951702,-0.00173498,-0.00292395,0.00128777,0.0126878,-0.000582775,0.00152853,0.000726966,0.00286612,-0.00237663,0.00332691,0.000143072,-0.00874689,0.00291501,-0.00668199,-0.00111663,0.00934754,0.000439055,0.00371425,0.00483195,-0.00378238,0.00132137,0.00369226,0.0032132,0.0114977,-0.00271043,-0.00887339,-0.00776537,-0.0123042,-0.00761399,0.00890503,-0.00449261,-0.00707816,-0.0209979,0.0148885,0.0105987,0.0221833,0.0181439,-0.00479308,-0.0189958,0.00413601,-0.00787939,1.21E-05,0.00100496,0.000216511,0.00114472,-0.00606228,0.00219969,-7.79E-06,-0.0036291,-0.00063866,-0.00693668,-0.00325851,-0.00819094,0.000415128,0.00981621,0.00312453,0.00939203,-0.00692306,0.000327718,-0.00447992,0.0026818,20.2,16.3,4.7,705.6,37.6,3,34.6,28.8,23.5,29.3,11.5,306,62,4,68,156,20,128,69
133,albigula,-111.02,32.22,a147755af,3,-0.00802737,-0.00221904,0.00404514,0.0123284,0.0128343,-0.0102243,-0.00439024,0.00964727,-0.0175355,0.0143539,0.0230503,-0.0163436,-0.00296676,-0.000371193,0.00115907,0.00353604,-0.00258595,0.00129793,0.00302753,-0.000994195,-0.00491911,-0.00359755,-0.00272877,-0.00165921,0.00297169,-0.00233729,-0.00551549,-0.00506985,0.000243355,-0.00260358,0.00259135,0.00179132,0.000813832,-0.00033039,0.0140125,0.00339367,-0.000908915,0.00137202,0.0167299,0.00335128,-0.0111167,0.00659085,-0.0173071,-0.00573407,-0.00304746,-0.000818087,0.00413901,-0.0288321,0.0167732,0.00198185,0.0153196,0.0208292,-0.00262828,-0.00781869,-0.0229169,-0.0274706,0.000161083,0.000812002,-0.000400067,0.00191668,-0.00294356,-0.00411991,-0.000461094,0.000136819,-0.000283777,0.00137968,0.00251166,-0.00105796,-0.00372039,-0.00198021,0.00262611,-0.00138184,0.00291255,-0.0012423,0.000348774,-0.000310459,20.3,16.4,4.6,712.1,37.8,2.9,34.9,29,23.5,29.5,11.5,309,59,5,64,150,21,123,73
134,albigula,-112.07,33.34,a147772af,3,-0.0155085,0.000665417,-0.00689379,0.000566985,0.00391497,-0.00804796,0.0100308,-0.00112099,0.0050931,-0.00382709,0.0239194,-0.00521984,-0.00183917,0.0153595,-0.00845204,0.00260526,0.00921286,0.00211749,0.00524143,-0.00363308,-0.00297571,0.00198874,-0.00532551,0.00638876,-0.00491639,-0.00191774,0.00216608,-0.000118712,-0.00419584,-0.00113408,0.00936494,0.00349527,-0.00137594,0.0020627,0.00667491,0.00411075,0.00562265,-0.00512941,0.0101984,0.00556871,0.00244191,0.00933033,-0.00939668,0.00739828,-0.0105129,0.0171274,-0.00194284,0.0225825,-0.0100728,0.00303023,-0.0102593,0.00647403,0.0105789,0.0032692,-0.017212,-0.0245532,0.000185972,4.52E-05,-0.00148959,0.000808727,-0.0134047,0.00501262,-0.000800395,-0.00164229,-0.000697841,0.00633869,0.0094831,-0.00228414,-0.00933467,0.00439863,0.00184489,-0.0106408,0.0180628,-0.00976616,0.00970535,0.000601228,20.6,16.9,4.6,744.8,39.6,3,36.6,29.9,23.8,30.3,11.4,247,35,3,47,85,16,65,79
135,albigula,-105.46,28.209,a96282af,3,-0.000470234,-0.00585968,0.00101496,0.0045403,-0.00732677,0.00533699,-0.013787,-0.0036843,-0.00400943,0.00393024,-0.00938014,0.00247222,-0.00614959,-0.00767384,-0.00709492,0.00154345,0.00708519,0.00354396,0.00469177,-0.006702,-0.00517299,0.000791984,-0.0042657,0.00168802,0.00177719,-0.000755442,0.00224949,-0.00204969,0.0078253,0.00166638,0.000709789,0.00493699,-0.00722347,0.00044583,0.00219652,0.00577216,-0.000972137,-0.00487821,0.00443498,0.0108852,0.00467552,-0.00321871,0.00334669,-0.00683799,-0.00563653,-0.00121586,0.007247,-0.00519086,-0.0057297,-0.000878588,-0.000514396,-0.000600973,0.0041341,0.00123355,-0.0120889,-0.0137906,-0.000140557,-0.000445987,-0.00124963,0.000375966,0.00184838,0.000680894,0.000877682,0.00280063,-0.0033225,0.00522867,0.0019936,0.00326274,0.00231127,-0.00722921,0.000865811,0.00675954,0.00312772,-0.0084509,-0.00423623,-0.000291015,19.4,16.2,4.7,632.2,35.6,1.6,34,25.8,12.7,27.1,11,289,66,3,92,186,16,148,22
136,albigula,-105.46,28.209,a96283am,3,-0.00458167,-0.00461721,-0.00316984,0.000873719,0.00126369,0.00504512,0.00916332,0.000557388,0.00984522,-0.00613454,0.0226227,0.0014648,-0.0238598,0.000283369,-0.00278891,0.00243732,0.00474999,0.00163634,0.00117252,-0.00319933,6.81E-06,-0.000815087,-0.000345968,-0.0041741,-0.00742109,-0.000790433,-0.00878106,-0.00166494,0.00424841,0.000547782,0.00479012,0.00740728,0.000624927,-0.00582801,0.0131281,0.00467627,0.0143221,-0.00347055,0.0149141,0.0121658,0.00188815,0.0026906,-0.00358386,0.00330867,-0.00242199,0.00629777,0.0106244,0.00112702,-0.0113802,-0.00944502,-0.00510394,0.00811466,0.0014429,-0.00314708,-0.0329489,0.0105616,-0.000256197,0.00142669,-0.00069577,0.000304058,-0.000157219,0.00470146,0.00150886,0.000381549,0.00334863,0.00426462,0.0153304,0.00405333,-0.00150775,-0.00715246,-0.00779718,-0.00540031,0.0205642,-0.0115205,0.0112246,0.00708857,19.4,16.2,4.7,632.2,35.6,1.6,34,25.8,12.7,27.1,11,289,66,3,92,186,16,148,22
137,albigula,-114.828,32.612,a136645am,3,-0.0164411,-0.00330787,-0.0125611,0.00598315,-0.000449143,-0.00677103,0.00614089,-0.000695687,-0.00120519,0.00393494,0.0108818,-0.00957013,-0.0114467,0.00357487,-0.00736597,-0.00165454,0.00499085,0.00119276,0.00255806,-0.000748329,-0.00125483,0.000828232,-0.00724293,0.00114636,0.00286925,4.38E-05,-0.00921737,0.00218969,0.00565112,-0.000938657,0.0013135,0.00327348,0.00207541,0.00128705,0.00355159,0.0036707,-0.00443053,-0.00138915,0.00224041,0.00276239,-0.0154531,-0.00203184,-3.81E-05,0.00348156,0.000924481,-0.00645864,0.0140278,0.00446382,0.00505741,0.000918619,0.00418978,0.000614447,0.00127403,0.00456757,-0.0178246,0.00190995,-0.000355937,-6.43E-05,-0.000588169,-0.000412759,-0.00310265,0.0035139,0.000969632,-0.00261427,-0.00213448,0.0046395,0.00560071,0.0094251,0.00100194,-0.000905345,-0.00287031,0.00378186,0.00870493,-0.0107606,-0.00020808,0.00849672,22.7,17.6,4.8,718.8,41.6,5,36.6,28.9,25.3,31.9,13.6,67,11,0,58,26,2,23,25
138,albigula,-120.624,39.607,a136991am,3,-0.0121074,-0.000713111,-0.00855389,-0.00332232,-0.00812548,-0.00416578,0.0134927,-0.00313257,-0.00523747,-0.00386867,-0.00963454,-0.00303068,-0.00939645,-0.00811308,-0.0103296,-0.0029673,0.00450405,0.00137486,0.00681261,0.00286957,-0.000992994,-0.00373764,-0.00461402,0.00156835,-0.00519524,-0.000505413,-0.00119409,0.0108349,-0.000468333,-0.00367275,0.00297793,0.00650791,0.00951031,-0.00353786,0.00327967,0.00607777,-0.0205903,0.00304844,0.000952129,0.016617,-0.0144128,-0.0115712,-0.00570902,-0.00571137,-0.00902803,-0.010986,0.00287558,-0.00346299,0.0043591,-0.00191459,0.008738,-0.0083758,0.00968729,-0.0107179,0.00547574,-0.0178311,-0.000205037,-0.00137463,-0.00111276,9.63E-05,-0.00510379,0.00183389,-0.00016127,-0.0015748,-0.00674597,0.00400442,-0.00830042,0.00599595,0.00610827,-0.00239612,0.00207248,0.0143167,-0.00318149,-0.00533999,-0.0016948,-0.00375547,7.2,14.7,4.4,630.7,26.2,-6.5,32.7,0.8,15.5,15.6,-0.1,1195,208,9,74,578,48,52,569
139,albigula,-120.624,39.607,a136994af,3,-0.00640047,-0.00210779,-0.00761383,0.00524193,-0.00440408,-0.00311408,0.00808009,0.000930636,0.0119675,-0.00814324,-0.00613727,2.76E-05,-0.0142614,0.00827263,-0.0099193,-0.000387219,0.00684808,0.00310038,0.00567687,-0.00075675,-0.00453312,0.0020686,-0.00499158,0.00158373,-0.00646511,-0.00201233,-0.00087791,0.0034529,-0.00284686,-0.000108376,-0.00302735,0.00434549,-0.003499,0.00371685,0.00723391,0.000327978,-0.00823109,0.00440582,0.00392147,0.0118786,-0.0125962,0.00214143,-0.0123286,0.00490471,-0.00703783,-0.00603951,0.00357452,-0.000402457,0.000631121,0.00771106,0.00145126,0.00226086,0.0167525,0.0018585,-0.00680597,0.00613792,-0.000557381,-0.00100724,-0.000352111,-0.00206951,-0.00368806,-0.00129869,0.00162274,-0.00275415,-0.0032837,-0.00391288,0.00168898,0.00525632,0.00312155,-0.000616463,-0.00451781,0.0106947,0.00454115,-0.0175129,0.00157005,0.0135406,7.2,14.7,4.4,630.7,26.2,-6.5,32.7,0.8,15.5,15.6,-0.1,1195,208,9,74,578,48,52,569
140,floridana,-100.33,38.65,f4987am,4,-0.000234523,0.00559913,-0.0061736,-0.00677585,-0.00451279,0.000836388,0.0163293,-0.0022187,-0.00949968,-0.000121248,-0.00811731,-0.0035829,-0.00455222,-0.0100838,0.00035706,-0.000415996,-0.0016176,0.00115633,0.00509383,-0.000132359,-0.000509936,0.00242119,0.0043812,0.00152491,0.00904028,0.00175748,-0.00963747,0.00805499,-0.00760084,-0.00334153,0.00753439,0.00223002,0.000489787,0.00432253,-0.0123135,-0.00416605,-0.0124662,-0.00147276,0.0221927,0.00227117,-0.0020202,-0.00836877,-0.00630804,-0.00675142,-0.00205548,0.00355853,-0.010209,-0.000474963,0.00323216,-0.00305795,0.0209781,0.000353045,0.0110142,-0.00484798,-0.00731291,-0.0210338,-0.000453399,-3.64E-05,0.000127178,-0.000749632,-0.00196403,-0.00195227,0.00415853,-0.00222506,-0.00102822,-0.00276826,-0.00169365,0.0138204,0.0168077,-0.0203286,-0.0102181,0.0158073,0.000483205,-0.00696578,0.000236618,0.00582216,11.5,15.6,3.5,978.9,33.7,-9.9,43.6,21.6,-1.2,24.2,-1.2,537,84,12,58,246,39,229,39
141,floridana,-99.2,39.45,f3094af,4,5.67E-05,0.00443903,-0.00873823,-0.00836689,0.00123237,0.00178801,0.00273069,0.00276093,0.00791668,-0.00568075,-0.00144054,-0.00235309,-0.0106798,-0.00366657,-0.000584468,-0.00105882,-0.000920294,0.00217976,0.000482045,0.000698192,-0.00324367,-0.00364165,-0.00245842,-0.00152627,0.00905029,0.00154671,-0.00614628,0.00391965,-0.00612793,-0.00289194,-0.00201935,0.00114275,0.00528823,0.00288271,-0.00122749,0.000863944,-0.010226,0.00574141,0.00683246,-0.000119736,-0.00501557,0.00179989,-0.00859192,-0.00261287,0.00801582,0.00217352,0.00529491,0.0127806,-0.0080452,-0.000584013,-0.0030166,0.000702666,0.0163752,0.00301819,0.000606307,-0.0117115,0.000113367,0.00286045,0.000583269,0.00110153,-0.00119288,0.00356899,0.000706303,-0.000738821,0.000928011,-0.00347002,0.00300361,0.00602731,-0.000164318,0.00499097,-0.000238933,0.0129286,-0.00600507,-0.00231213,-0.00937719,0.00749226,11.3,15.3,3.4,1014.9,33.8,-10.6,44.4,21.8,-2,24.4,-2,596,94,11,55,253,41,233,41
142,floridana,-104.72,38.66,f37092af,4,-0.00249152,0.00487673,0.00744786,0.00514099,0.0121312,-0.0080993,-0.00125267,0.00748233,-0.00711738,0.00154365,-0.00711078,-0.0084017,0.0144524,0.0183805,-0.00212143,-0.00111711,-0.00281968,-0.00206874,0.00428979,0.000337759,-0.00471343,-0.00464715,-0.00695362,-0.00047471,0.000436151,0.00117203,-0.00633633,-0.000641811,-0.000964077,0.00336719,-0.00478358,-0.00323117,-0.00219069,0.00584971,-0.0131811,0.00118472,-0.0169261,0.00388364,0.0102813,0.00411765,0.00541758,0.00139058,-0.00493149,-0.00607648,-0.0136448,0.0172051,-0.00171425,0.0265629,0.00362485,0.00440908,0.0033006,-0.0254222,-0.00941944,0.015679,0.0223359,-0.00855649,-7.30E-05,-0.000394854,0.000736286,0.000593575,-0.00590881,0.00124974,0.000158834,-0.00334894,0.00230073,0.00218105,-0.00476152,0.00484789,0.00140668,-0.00810093,0.00209682,0.00661073,-0.0126534,0.00882526,-0.0121012,0.00108838,9.9,16.4,4.1,824.8,30.9,-9.1,40,20.9,-0.3,20.9,-0.3,381,68,8,65,182,29,182,29
143,floridana,-101.76,40.11,f50108af,4,0.0251454,-0.00475003,0.00133294,-0.00721011,0.00658743,-0.00640787,-0.00271063,0.0062912,-0.00182235,0.00503531,-0.0170986,0.00149765,-0.00661771,0.0055039,-0.00311897,0.000344925,-0.00252789,0.00616963,0.00242986,0.00317967,-0.000442595,-0.000357161,-0.00837631,-0.00600741,0.00724681,-0.000561188,-0.011574,0.0056874,-0.0020607,-0.00497222,-0.0100941,0.00237297,-0.0073782,-0.000888261,-0.00551423,0.00330742,-0.0143617,0.00108704,-0.0047704,0.00910185,0.00503328,-0.00832889,-0.0036338,-0.00210433,0.00035347,0.00614836,-0.00452093,0.00512714,0.011866,0.00696734,0.0203244,-0.00534423,-0.011268,0.00218681,0.0111089,-0.0236806,-2.67E-06,0.00119524,6.18E-05,0.00142089,-0.0102233,-0.00544339,0.00107456,-0.00374481,0.00161815,-0.00344089,0.00193508,-0.00192118,-0.00313196,-0.00210591,0.00677746,0.0106872,-0.00696391,0.00218541,-0.00788429,-0.000911862,10.3,16.1,3.7,936.6,32.4,-10.3,42.7,20.1,-1.4,22.7,-1.4,465,82,9,67,233,29,204,29
144,floridana,-101.18,38.89,f117780af,4,-0.00639339,0.00442516,0.000377566,-0.00895575,-0.00399722,0.00783596,0.0233526,-0.00436682,0.0157576,-0.000864906,0.0126639,0.00701637,0.0139132,0.00870353,0.00682411,-0.000694344,-0.00693344,0.00192558,-0.00136521,-0.00319369,-0.00516513,0.000241462,-0.00524684,0.00222641,0.00212183,0.00255598,-0.0190324,0.00286237,-0.00429033,-1.89E-05,-0.00153844,0.00318859,0.00121829,-0.00130449,0.0012043,-0.00329461,-0.00080662,0.000204234,0.0029403,-0.00440785,0.0123357,0.0152035,-0.000945048,-0.00126766,0.00257159,0.00807938,-0.00684025,0.00566731,-8.80E-05,0.0101715,0.00569832,0.00214296,-0.00800445,0.0136303,-0.00965911,-0.00299741,-0.00067062,-0.000602764,-0.000351023,-0.0040658,-0.000846882,0.00117663,0.0007748,-0.000757162,0.00109812,0.00362892,0.00666792,0.00999514,-0.00398496,-0.00781287,-0.0021308,0.00633886,0.00485415,-0.0104225,0.00235833,0.00591455,11.7,16.5,3.7,960,34.1,-9.7,43.8,21.5,-0.6,24.2,-0.6,463,82,9,64,225,29,199,29
145,floridana,-98.78,38.8,f119704af,4,0.00029992,0.000728082,-0.00825958,0.00696013,0.00923676,-0.0114111,0.00756587,0.00887124,0.00980944,-0.00974565,-0.0181316,-0.00528524,-0.0151766,0.0112312,-0.00029935,-0.000995854,-0.00505018,-5.31E-05,0.00493599,0.000267038,-0.0107775,-0.00139214,-0.000708852,-0.00159104,-0.00433519,-0.0018211,-0.0128014,0.00450381,-0.0112827,-0.00356169,0.000122828,-0.000531321,0.00629488,0.00526064,-0.00299995,0.00211645,-0.00662471,-0.00178028,0.0141037,0.00445651,0.00686643,0.0035886,-0.00651959,-0.00099035,-0.00425305,0.01292,-0.00973097,0.0190661,0.00296104,0.00560318,0.0126056,-0.00926376,-0.0173595,0.00781246,0.0146378,-0.0149338,-0.000338982,-0.000893943,-0.00046049,-0.00208024,-0.0068752,-0.00399791,0.00130644,-0.00252553,-0.00315923,-0.00195383,-0.00555608,0.0036996,0.00386005,-0.00609747,0.00356799,0.00954975,-0.00587688,-0.00159661,-0.00260092,-0.000771964,12.4,14.1,3.3,997.5,33.8,-8.9,42.7,22.6,-0.7,25.2,-0.7,647,94,13,53,273,51,256,51
146,floridana,-98.78,38.8,f119707am,4,0.00113904,0.00832877,0.0016199,-0.0143101,-0.0169577,0.0138265,0.0101328,-0.00650792,0.00847794,0.000691606,-0.0449181,0.00195357,-0.00951865,-0.00701064,0.00036114,-0.0023982,0.00159978,0.00435922,-0.000557734,-0.00243489,0.000556412,0.00458892,-0.00537714,0.00431974,0.00361747,-0.000237484,-0.00159194,0.0047036,-0.00603456,-0.00124965,-0.00379354,0.00697132,-0.00431331,0.00157916,-0.0132539,0.00162322,-0.0127898,0.00185307,0.00211795,-0.00350705,0.00319225,-0.00780321,-0.00400143,0.00619223,-0.0107295,0.00844668,-0.0046452,0.0153525,0.00844801,0.00459296,0.00823736,-0.0128875,0.0129442,-0.0032984,0.00521438,-0.0281038,0.000222067,0.00104642,0.00120633,0.00194088,-0.00154438,-0.00656456,0.00135068,-0.00187094,0.00131966,-0.00972663,-0.00175364,0.00332306,0.00373943,-0.00355767,-0.00111968,0.020991,-0.0129382,-0.00394287,-0.0105162,0.0124623,12.4,14.1,3.3,997.5,33.8,-8.9,42.7,22.6,-0.7,25.2,-0.7,647,94,13,53,273,51,256,51
147,floridana,-101.54,39.8,f3445am,4,-0.00120683,0.00636532,-0.00748053,-0.00219153,0.000646706,-0.000443908,0.0149842,0.00814093,-0.0104294,-0.00749145,-0.00038547,-0.00850697,-0.0121541,-0.0209295,0.000262168,-0.00137704,-0.00138063,0.00100011,-0.00110749,0.00023147,0.00312929,-0.00106051,-0.00296597,0.00420628,0.00483021,0.00102742,-0.0014729,0.00158084,-0.00743537,-0.00316368,0.000796244,0.00453666,-0.00897297,0.0037302,-0.00835692,-0.000189715,-0.0116534,-0.00189652,0.000153985,-0.00115611,0.0044352,0.00382585,-0.00765283,-0.00492817,0.00149944,0.00736993,0.00629067,-0.000619676,-0.00658911,-0.00359363,0.00431339,-0.0167528,0.023598,0.00825827,0.0183557,-0.0189149,0.000175072,0.00103721,0.000476984,0.0027399,-0.00730902,-0.00730858,0.00155184,-0.00309954,2.64E-05,-0.00719864,0.000818896,0.00500957,0.00295284,0.00222497,0.00128509,0.0134587,-0.00616584,0.000948905,-0.00851215,0.00537005,10.2,15.8,3.7,941.8,32.3,-10.2,42.5,20,-1.6,22.6,-1.6,490,89,11,66,244,33,210,33
148,floridana,-97.43,35.19,f4199am,4,0.00522954,0.00691829,-0.0181749,-0.00755982,-0.0106181,0.0125896,0.018634,-0.00753633,0.0179793,-0.00662566,-0.0145308,0.00620514,-0.01341,-0.00893355,-0.00682243,-0.0011632,0.0100694,-0.00234633,0.000267118,0.000418096,0.0080623,0.0065638,-0.00163709,-0.00165309,-0.000240029,0.000230496,-0.0123578,-0.000773061,-0.00558609,0.00365429,-0.00347453,-0.00179914,-0.00571016,0.00292346,0.00190763,-0.00351183,-0.0068165,-0.00273476,0.00960598,-0.00317671,0.00748848,0.00832279,0.00376615,-0.00242139,0.00994687,0.00734687,0.00383579,0.00399358,-0.00201287,-0.00364168,0.0112291,-0.00718477,-0.000307642,0.0108218,0.018634,-0.0120806,-0.000388719,0.000808787,-0.000333436,-0.0023204,0.000758832,-0.0013897,0.00105404,-3.88E-05,8.13E-05,-0.00121136,0.00611839,0.00235709,-0.000537004,0.00274622,-0.00376906,0.000619237,0.00714978,-0.00760721,0.00256789,0.0111237,16.1,13.3,3.5,856,34.6,-3.2,37.8,20.8,4.7,26.8,4.7,894,137,32,39,324,117,240,117
149,floridana,-96.06,37.71,f7667am,4,0.0126937,0.00408878,0.00448613,0.003247,0.0134748,0.0126168,0.00737439,0.00774745,0.00125002,0.00614526,0.00958688,-0.0115232,-0.0141251,-0.00867325,-0.00459132,0.000153063,-0.00325274,0.000815585,0.00588847,-0.00156632,0.00229184,0.00356388,-0.00110978,-0.00455037,0.00223612,0.00105222,-0.0107832,-0.00375877,-0.00572076,0.00218024,-0.00242463,0.00364257,-0.00713881,0.00833907,-0.00417142,-0.00048156,-0.00813683,0.003321,0.0106478,0.00541949,0.00519046,-0.00802153,-0.00340827,-0.0025099,0.0139162,-0.00680677,0.000618994,0.00423177,0.0149262,0.00117262,0.030584,0.0077129,0.0111695,-0.00692062,-0.00512635,-0.0117768,0.00016159,0.00079067,0.000349926,0.00161616,-0.0032461,-0.00377755,0.00116578,-0.00266479,-0.00318838,-0.00611155,-0.00347823,0.00637613,0.00656683,-0.00151045,-0.00266165,0.0145342,-0.00298389,-0.00764293,-0.000170758,0.0100518,13.2,13.2,3.2,954.9,33,-7.8,40.8,22.7,0.1,25,0.1,945,132,26,43,347,92,322,92
150,floridana,-94.02,35.8,f7834af,4,-0.0127133,0.0011456,0.00690991,-0.00237984,-0.010874,0.0101764,-0.00421145,-0.00210641,0.0107674,0.0128316,0.0191417,-0.0109242,0.00103741,-0.00170405,0.00347139,0.000275823,-0.0128231,-0.00161187,0.00391101,0.000883506,-0.00566846,-9.51E-05,-0.00201135,0.00207232,0.00508358,-0.000289773,-0.0073504,-0.00294353,0.00277929,-0.00067186,-0.00966569,-0.000363103,-0.00498265,0.00577496,0.0010799,-0.0033259,-0.00282738,-0.00311994,0.00398052,0.00159613,0.00318825,0.00483207,-0.00575421,-0.00813365,0.00941615,-0.00575984,0.00314431,-0.00304427,0.00313192,-0.00301626,0.0191948,-0.00472393,-0.00871992,-0.00987656,-0.0170722,0.0190859,-0.000111713,-0.00164622,-0.000320066,0.000114043,0.000789446,-0.00550069,-9.15E-06,0.000373828,-0.00204864,-0.000693354,-0.000383017,0.00775622,-0.000821721,0.00385012,0.00153185,0.00409046,-0.00236757,0.000771775,-0.00303818,0.00454639,13.6,12,3.4,802.8,30.9,-4.1,35,13.2,2.9,23.7,2.9,1222,148,62,21,379,222,295,222
151,floridana,-96.06,37.71,f7987am,4,0.0211164,-0.00211175,0.00842525,-0.00619194,0.0169044,-0.000414123,0.00248997,-0.00528891,0.000981568,-0.00846994,-0.021991,0.00846951,-0.00900381,-0.00345784,-0.0116329,-0.00581676,0.0093589,0.00146835,0.0058973,-0.000889089,0.000760935,0.00384199,-0.00283825,-0.00306781,-0.000898505,0.00131592,-0.00529406,0.000927404,-0.00566224,0.00439581,-0.0068559,0.000241331,-0.00805061,0.0046984,-0.0121105,-0.000798385,-0.00407425,0.00694039,0.00318684,0.000134007,0.0135132,-0.00427959,-0.00167141,-0.00446133,0.0130345,-0.00289608,0.000217108,-0.00272736,0.00911496,0.000922897,0.0247319,-0.000117965,0.0233045,0.00646197,0.00270229,-0.0137506,-0.000327782,0.00270467,0.000334668,-0.00311306,0.00621655,-0.0157649,0.000664818,-0.00256133,-0.0051403,-0.000452272,-0.00722034,0.00636854,0.0085145,-0.0114189,-0.00224516,0.00950334,0.000904172,-0.00900796,0.00563228,-0.00229873,13.2,13.2,3.2,954.9,33,-7.8,40.8,22.7,0.1,25,0.1,945,132,26,43,347,92,322,92
152,floridana,-94.13,35.75,f10978am,4,-0.0145326,0.00122141,0.00375309,0.000411998,-0.00820875,0.00985675,0.00805104,0.0045972,0.0112116,7.25E-05,-0.00467111,0.00145627,-0.000962606,-0.00724942,0.000946257,0.001185,-0.00277133,0.00117686,-2.62E-05,-0.000673932,-0.00861931,-0.000905246,0.005947,-0.00556372,0.0141343,0.000606446,-0.0148154,0.000844003,0.00380592,0.00201749,-0.00077143,0.00358072,0.00900425,-0.000747184,-0.0123935,-0.00251096,-0.00979802,0.00306731,0.027311,0.000827763,0.00177242,-0.00891486,-0.00324369,-0.00439676,-0.00487022,0.00618166,-0.0124591,0.00863579,0.0057584,0.00235641,0.00456834,-0.0133071,-0.00326212,-0.0043264,0.0165169,-0.0258272,-0.000186615,-2.63E-05,-0.000236549,-0.00104906,-0.00711555,0.00151798,0.00206053,0.00276543,0.00237638,-0.00862518,0.00256788,0.000824673,0.000745458,0.00335956,-0.00120634,0.0117027,-0.00818793,0.00206406,-0.00966214,0.00711876,14.3,12.7,3.5,808.8,32,-3.9,35.9,14,3.5,24.4,3.5,1213,148,62,21,377,223,286,223
153,floridana,-96.79,38.49,f11851af,4,-0.0170606,0.00563384,0.006252,-0.00904991,0.00127646,0.00337928,0.00657499,-0.00181311,0.0130562,-0.00778372,0.0213133,0.00375737,-0.0167361,0.00269242,0.000178211,-0.000837068,-0.000362757,-0.00450839,-4.43E-05,0.00101778,-0.0121147,-0.00179321,0.0107402,0.00174413,0.00190826,-0.00241597,-0.0148503,0.00174249,0.00417171,0.00221089,0.000626336,7.61E-05,-0.00236051,-0.00240442,-0.00431455,0.00161798,0.002529,0.00439148,0.0111653,0.00187212,0.0116196,0.00829354,-0.0169093,-0.00203281,0.0085838,-0.0103268,-0.00184502,-0.00572751,0.00590475,-0.00045778,0.00349988,0.00414985,0.009836,-0.0018925,0.0130837,-0.00707487,-5.79E-05,-0.00157308,-0.000354384,-0.00137088,0.00252288,-0.00275988,-0.00104389,0.0027982,-3.78E-06,-0.00111592,0.000455157,-0.00657142,-0.0020962,-0.00212789,-0.00167876,-0.00257352,0.00533802,-0.00408877,0.0111129,-0.00296166,12.5,12.9,3.1,980.3,32.8,-8.6,41.4,22.3,-0.8,24.6,-0.8,858,135,21,48,336,75,308,75
154,floridana,-96.85,36.44,f16557af,4,-0.00128124,0.00729517,0.00537608,0.00189172,0.013079,-0.00775684,0.00300441,0.00314792,0.0013096,-0.0077265,-0.00147845,-0.00760232,0.00531293,-0.00345087,-0.00188449,0.00068682,0.00274742,0.0028638,0.000233713,-0.000647658,0.00330118,0.00249934,-0.0105942,0.00235657,0.00246056,-0.000460074,-0.0150618,0.00234238,0.00192696,0.000292937,-0.00817904,0.0028523,-0.0116282,-0.00135578,-0.00249838,-0.000885759,-0.00150013,0.00374158,0.00179013,-0.00401712,0.0139056,0.00237645,-0.00602975,-0.00346032,0.0134753,-0.00552042,0.00385127,-0.0150809,-0.00317091,-0.00670273,0.0155506,0.0125956,0.00987243,-0.001627,-0.0122898,0.0118404,0.000158617,0.00133264,-8.88E-05,0.00330907,-0.00699162,0.000687336,-0.00044764,-0.00464746,-0.00116382,0.000965721,0.00221086,0.0034326,-0.00583981,0.00503976,0.00762447,0.00846426,-0.0038526,-0.00269528,-0.00954352,0.00229247,15.1,13.3,3.3,903,34.4,-5,39.4,20,2.9,26.4,2.9,901,124,29,38,307,107,265,107
155,floridana,-89.42,37.56,f21930am,4,0.0273381,0.00054086,-0.010788,-0.00416239,0.0167232,0.0104813,-0.000401551,-0.00268615,-0.00453433,0.00883038,-0.00734782,-0.00248374,-0.00993119,-0.00690346,-0.00146001,0.00180275,0.0035347,-0.00539669,-0.00093396,0.00286824,-0.00121798,0.00108717,0.00686448,-0.0038566,-0.00315534,-0.00019642,-0.0113577,-0.00265804,-0.00550785,0.00201569,0.000793484,0.00184793,0.00209483,-0.000486673,-0.00724549,-0.0011677,-0.00714548,0.0035133,0.0161922,5.22E-05,0.0246436,0.000349743,0.00205421,-0.00188237,0.00559724,-0.0171853,0.0137807,-0.0242349,-0.00616251,-0.0120138,-0.000338405,0.000885431,-0.0089547,-0.00154062,0.00813091,-0.000159926,-0.00045991,0.000384233,-0.000251803,-0.00424218,0.00179108,-0.000329023,-0.000525909,0.0023739,0.00106761,0.00186825,0.00145427,0.00302269,-0.00341115,-0.00281835,-0.00252542,-0.012165,0.00652208,-0.00159348,0.00979345,0.00665662,13.2,12.2,3.2,902.1,31.8,-5.9,37.7,13.2,19.6,24.4,1,1170,123,73,16,353,254,296,256
156,floridana,-102.22,40.06,f34747af,4,0.0130392,0.00282665,-0.0117861,-0.00207676,0.0124093,0.00175069,0.0189597,0.00489488,0.00351476,-0.00804469,-0.00182314,-0.00470292,-0.00630315,-0.011023,-0.00974012,0.000826904,-0.00208048,0.00191062,0.00296694,0.000166885,-0.000718335,-0.000929745,-0.0143794,0.000983454,-0.000982019,-0.0016531,-0.0137426,0.00542436,-0.0046676,0.000590227,-0.00460645,0.00479258,0.000306486,0.00223187,0.00850096,-0.0029438,-0.00802524,0.000258236,0.00111224,0.00214875,-0.00731588,0.00929117,-0.00758344,0.0134123,-0.00194773,0.00332266,0.00345038,0.0133902,-0.00140335,0.000242133,-0.00067869,-0.000869901,0.0043661,-0.00406676,-0.0046841,-0.0157291,-0.00044648,0.000447996,0.000594836,-0.00177755,-0.00139988,-0.0019421,0.00193033,-0.00124256,0.00168815,-0.00853944,0.00378727,0.00143797,0.00357873,0.00751481,-0.00410316,0.0156107,-0.00623693,-0.00381964,-0.0109475,0.0179467,10.3,16.1,3.8,904,31.8,-9.9,41.7,19.6,-1,22.1,-1,447,80,9,66,225,30,196,30
157,floridana,-104.73,38.63,f37094am,4,-0.00355619,0.00331983,0.0189841,-0.00273559,0.00318942,0.00688851,0.00405418,-0.00409522,-0.0111153,-0.000675386,0.0223901,-0.020453,0.0137743,0.00710781,-0.0106793,-0.00375098,0.00233908,0.00391514,0.00591613,-0.000608452,0.00295487,3.48E-05,-0.00589652,-0.00202785,0.00307944,0.000448208,-0.00909676,0.00351129,0.000598758,-0.0045756,-0.00540448,0.00391705,0.00692159,0.00195532,-0.000385818,-0.00225555,-0.00446594,0.00204796,0.0425691,0.00975816,-0.00727114,-0.00490169,-0.00979228,-0.00878607,0.00607762,-0.0053419,0.00631871,-0.0113777,0.0175862,0.00842291,0.00672842,-0.00926706,-0.00804527,0.0220608,0.0101531,-0.0190754,0.000335334,0.00259025,0.000594766,0.00174767,-0.0106851,-0.00453538,0.000982275,-0.00198966,0.00308245,-0.00956483,0.00163891,0.00290452,-0.00408708,0.000386834,0.0027667,0.00449937,-0.00729919,0.00488462,-0.00239635,0.00602641,9.9,16.4,4.1,824.8,30.9,-9.1,40,20.9,-0.3,20.9,-0.3,381,68,8,65,182,29,182,29
158,floridana,-104.02,38.17,f37099af,4,0.0155508,-0.00196539,0.0190033,-0.00188459,0.0118231,0.0167983,0.00406425,-0.00447887,9.68E-05,-0.0035567,0.0157922,0.00491164,6.20E-05,0.00567734,-0.014432,-0.00362914,0.00443901,0.00381768,0.00519549,0.00108898,0.00236092,0.000771222,-0.0146483,-0.000548786,0.00478774,0.0015499,-0.0115539,0.00717923,0.010814,-0.00595584,-0.00502158,-0.00168644,-0.0111432,-0.000216544,-0.00749039,-0.00202371,0.00691129,0.0104094,0.00522616,-0.000985186,0.00482136,0.00821306,-0.000838653,0.00229117,0.0149062,0.0117719,0.00904635,0.0152389,0.019465,0.0109732,0.00952332,-0.00656926,-0.00535458,-0.00194641,0.0269408,-0.0295616,1.42E-05,0.000721932,0.000384906,0.000196001,-0.00449089,-0.015086,0.000340047,-0.00420238,0.00156002,-0.00563319,0.000589762,-0.00141882,-0.00518502,-0.0061375,0.0083248,0.00716755,-0.00662968,0.00504125,-0.00149179,-0.00585231,11.2,18.3,4.1,903.1,33.7,-10.4,44.1,23,-0.3,23,-0.3,279,53,6,65,132,19,132,19
159,floridana,-96.88,37.06,f39284af,4,0.0031085,0.00972294,-0.00526586,-0.00337961,0.0110032,-0.000198956,0.0206515,-0.0046619,-0.00517406,-0.010032,-0.00906163,-0.000732814,0.0047629,0.00451704,-0.00742453,-0.00154777,0.00139778,-0.00168797,0.00385347,0.00134429,-0.000306054,0.00112591,-0.00582225,-0.00366057,-0.00160683,-0.00244585,-0.00762023,0.000658481,-0.0068633,-0.00227097,-0.00259128,-0.00330959,-0.00851791,0.00409022,-0.00650753,0.0025136,-0.0150173,0.00182957,0.0151517,-0.00314897,0.00190606,0.00880294,0.000835637,0.000668481,-0.00016032,-0.0157949,-0.00238569,-0.0164593,0.00741246,0.000966195,0.00376293,-0.012357,-0.00714311,0.00928901,0.00153918,-0.0254286,-5.63E-05,0.000224063,-0.000171743,0.0017448,-0.00330883,-0.000728267,0.00136116,-0.00146456,0.00130234,-0.00394685,0.00645313,-0.0017801,-0.00141844,0.00406007,0.00204308,0.00798238,-0.000636086,-0.00241998,-0.00861719,0.00223278,14.3,13.3,3.3,928.5,34,-5.8,39.8,23.6,1.9,26,1.9,887,122,25,40,319,95,287,95
160,floridana,-97.39,32.2,f51717af,4,0.0108303,0.00441694,-0.00608336,0.00263486,0.0119136,0.00652108,0.00525878,0.00141551,-0.000100225,-0.00215176,0.00167915,-0.00241588,-0.00908267,-0.00845434,0.00414103,0.00794839,-0.00892682,0.000815242,0.00507516,-0.00605343,-0.00600294,-0.00551237,-0.0068366,0.0036747,0.00349523,-0.0020047,-0.0189351,0.00230645,-0.00386206,0.00391988,0.000998251,-0.00253983,0.00608155,0.0020413,0.0059871,-0.00606744,-0.00253403,0.00249781,0.029705,0.00468681,0.00970478,0.00375721,0.0033849,-0.00210166,0.00772468,0.0210083,-0.00362775,0.0175431,0.00545936,0.00573402,0.0176538,-0.00913591,-0.0130006,0.0173902,0.0278705,-0.0184274,-0.000205138,0.000115915,0.00010933,5.79E-05,-0.00412763,0.000719156,0.00185631,-0.00326207,0.00433682,-0.00416586,0.0102616,-0.00180305,-0.00367902,-0.000496935,0.00156028,0.00383562,0.00287893,-0.000126927,-0.00257666,-0.00398559,18.7,13.5,3.7,771.2,36.1,0.1,36,22.8,9.6,28.2,8.3,844,126,46,33,299,149,189,149
161,floridana,-97.39,32.2,f51718af,4,-0.0221769,0.00572386,-0.0150891,-0.00047926,-0.0106947,-0.00544038,-0.000190757,0.00424842,0.0104168,0.00466885,-0.000339851,-0.00474401,-0.00180856,-0.00247731,0.00473167,0.00445899,-0.0126689,0.00788144,0.00348036,-0.00370706,-0.00608918,0.0059294,-0.00293063,0.00584076,0.010096,0.000960117,-0.0135622,0.00640996,0.00060356,-0.00469533,-0.00206625,-0.000509015,0.000131343,0.00398526,-0.0109169,-0.00162897,-0.0103832,0.00250495,0.0166751,0.00284413,-0.000836674,0.00161376,0.0122159,-0.00604905,0.0088073,-0.0124931,-0.011989,-0.00880806,0.00182024,0.00713257,0.00071344,-0.013132,-0.0050294,0.00332067,-0.0183594,-0.00761651,0.000234135,0.00186202,0.000472659,0.00177495,-0.000726141,0.00214581,-3.90E-06,0.000982372,-3.91E-07,-0.00104983,0.00128245,0.0137931,0.00136484,0.00519679,-0.00230366,0.0164447,-0.00799185,0.000254491,-0.0129219,0.00763176,18.7,13.5,3.7,771.2,36.1,0.1,36,22.8,9.6,28.2,8.3,844,126,46,33,299,149,189,149
162,floridana,-96.14,37.97,f53843a,4,-0.00453074,0.00506438,0.0178376,-0.00612396,0.00469707,0.00249488,-8.18E-06,-0.00278583,-0.00090769,0.00135142,0.00931039,-0.00696247,0.00961534,0.00295818,0.00295278,0.00165484,-0.000273104,0.00207905,-0.0034365,-0.000341067,0.00812949,0.00426118,-0.00299911,-0.00663414,-0.00175248,-0.00034697,-0.00841933,-0.00429963,-0.0118033,0.00306913,0.00143947,0.00123806,0.00188667,0.00354432,0.00310374,-0.00176058,0.0036318,0.00605281,0.0234134,0.00349598,0.0232899,0.012047,0.00435254,-0.00352454,0.00450006,0.00305904,-0.0069907,-0.00720854,0.00535265,0.0144629,-0.0101946,-0.00929128,0.00306242,0.018298,0.00757063,-0.00811701,0.000135918,0.00174438,0.000475308,0.00282696,-0.00213687,0.00103251,0.00133098,-0.000966194,0.00590219,-3.24E-05,0.0120594,0.00535089,-0.00294799,-0.00372694,-0.0039636,0.00239608,0.00363478,-0.000629073,-0.00658255,0.00726298,13.2,13.3,3.2,962.9,33.2,-7.9,41.1,22.8,0.1,25.1,0.1,929,139,25,44,349,90,333,90
163,floridana,-96.12,37.94,f53870am,4,-0.0163381,0.00540124,0.0122084,-0.00254272,0.0135729,0.00728987,0.0105108,0.00315815,-0.00168289,0.0145349,0.00635096,-0.0115469,-0.00540582,-0.00313677,-0.00528686,-0.00168067,-0.00773625,-0.00166654,0.006734,-0.00123779,-0.00602031,-0.000495307,-0.00305277,-0.00337173,0.00987505,-0.00629306,-0.0230755,0.000449961,-0.00477797,-0.00449911,-0.00773203,-0.0137667,-0.00355776,0.00486478,-0.0113612,-0.00528644,-0.00903387,0.00694402,0.0240889,-0.00264836,0.00193403,0.00424643,-0.0117579,-0.00261431,0.00573088,-0.00732676,0.00564573,0.000758044,0.00824647,0.000256634,0.0123447,-0.0153127,0.00585958,0.00336266,0.0106488,-0.0217527,-0.000148212,-0.000536017,0.000607827,0.00333405,-0.00476172,-0.00114216,0.00111283,-0.00319955,9.98E-05,0.000727763,-0.00727538,0.00680901,0.00490545,-0.0120242,0.00586873,0.0172572,-0.0175349,0.00693151,-0.0158489,-0.00538087,13.2,13.3,3.2,960.6,33.2,-7.8,41,22.8,0.1,25.1,0.1,935,138,25,44,349,91,332,91
164,floridana,-90.94,33.16,f79825am,4,0.00380314,0.00856202,-0.0154332,-0.00469123,0.00453807,-0.0108108,0.00108016,0.00618968,0.0045597,-0.00543252,-0.0108123,-0.00947981,-0.0121962,-0.0198879,-0.0120259,-0.00234418,0.00264369,0.00569418,0.0058977,-0.00293203,-0.000188091,0.000252,0.00223534,0.00338502,0.00061114,-0.00233952,-0.015145,-0.00044228,0.0039412,0.00033235,-0.00352071,-0.000682319,-0.00439659,0.00369747,-0.00544159,0.00065672,-0.00610963,-0.00147325,0.00509509,-0.00733258,0.00326649,0.00257743,5.62E-05,-0.0143158,0.00446352,0.00954443,-0.000286889,-0.00246062,-0.00571588,-0.00895252,0.021482,0.0063922,-0.00545503,-0.00369332,-0.00375662,0.00666337,-0.00019307,0.000991721,3.29E-06,0.000288625,-0.00158125,0.00526576,0.00147066,-0.00183294,-0.00123211,-0.000791616,-0.0028578,-0.00244039,0.0061913,-0.00478398,0.000403668,0.00128885,-0.00290136,-0.00255428,-0.00675936,-0.00137316,17.4,12,3.6,766,33.4,0.4,33,17.6,22.9,26.9,7.1,1362,144,70,21,402,232,275,393
165,floridana,-90.94,33.16,f79830am,4,0.0121136,0.00407027,-0.00140278,-0.00760563,0.0152282,0.00141193,0.0103907,0.00380566,-0.0124201,-0.00891634,-0.00861668,-0.00288053,0.00858699,-0.00989139,-0.00838152,0.000535126,0.00376672,0.00816145,0.00651471,-0.00266048,-0.00267299,0.00136293,-0.000215034,-0.00108234,0.00330772,-0.00100871,-0.00458429,0.00275996,0.00110756,-0.00515492,0.000102094,-0.00135394,-0.00673036,0.00295136,-0.0167055,-0.00263371,-0.018559,0.00126091,0.00922845,-0.00490743,0.00198964,-0.00339387,0.00137509,-0.0111312,0.00639638,0.0137807,-0.00101225,0.010869,0.00498316,-0.00212947,0.0241078,0.00896149,-0.00113109,-0.0126434,-0.00199723,0.00514359,3.52E-05,0.0021348,0.000537131,0.00100806,-0.00066503,0.00288418,0.00121285,0.00121315,-0.00138793,-0.00643031,-0.00643452,0.00329968,0.00698722,0.00328087,0.000323233,0.0136651,-0.0142241,0.00343397,-0.0132629,0.0046803,17.4,12,3.6,766,33.4,0.4,33,17.6,22.9,26.9,7.1,1362,144,70,21,402,232,275,393
166,floridana,-90.92,33.17,f79832am,4,-0.00790875,0.00465527,-0.00601454,-0.00357051,0.0175601,-0.0034601,0.0118803,-0.00662172,-0.0127395,-0.00328341,0.00135037,0.00357303,0.00274518,-0.00570317,-0.0075649,-0.00177522,0.0038439,0.0051862,0.00343214,-0.00244977,-0.000662995,-0.000535346,-0.00289249,0.00115689,-0.00375806,-0.00168556,-0.00359816,-0.00132895,0.000861664,-0.000695562,-0.00679404,0.0021142,-0.0052516,0.00423746,-0.0163787,0.0039927,-0.0162559,0.00148241,0.00810827,0.00126403,-0.000603886,-0.00647012,9.73E-05,-0.0142887,0.0149595,-0.009896,0.00341662,-0.0225527,0.00808299,0.000363856,0.0221518,0.00237861,0.010421,-0.0298991,-0.00287099,0.00825785,-3.15E-05,0.00173292,0.000569447,0.00106086,-0.00161169,0.000955422,0.000804406,-0.000519628,0.000517116,-0.00304964,-0.00353857,0.00217303,0.00399679,0.00199814,0.000838333,0.00707868,-0.00966478,0.00895171,-0.0084034,-0.000570836,17.5,12,3.6,766.5,33.5,0.4,33.1,17.6,22.9,26.9,7.1,1356,143,69,21,401,230,274,390
167,floridana,-98.28,35.41,f81741af,4,0.0129262,0.00738116,-0.0199908,0.00645189,0.00858041,0.00718624,0.0210032,0.00575287,0.0066306,0.0103481,-2.31E-05,-0.0171414,0.00201477,-0.00214405,-0.00365588,-0.000287556,-0.00395682,0.00709973,0.00581667,-0.00288746,-0.0108739,0.0057688,-0.00694599,0.00319709,0.000835031,-0.00101654,-0.014112,0.00220931,-0.00205215,-0.0005156,-0.000788387,-0.00307213,0.000661939,0.0077074,-0.00491221,-0.00415365,-0.0043059,0.000431862,0.00890885,0.00734894,0.00194376,0.000534572,-0.00474468,-0.00427877,0.00928014,0.00454148,0.00919142,-0.00580875,0.00386024,-0.00359876,-0.00167581,-0.00424143,-0.0168953,0.0136118,0.00522527,-0.0296361,0.000649223,0.000233711,0.000806915,0.00482781,-0.00432469,-0.00305303,-0.000756637,-0.00171295,0.000103201,-0.00384946,-0.00418962,0.00757727,-0.000299359,0.00249568,0.0004001,0.00481964,-0.00776312,0.0063874,0.000856929,0.0118628,15.2,13.3,3.4,880.2,34.3,-4.2,38.5,19.9,3.6,26.3,3.6,781,126,25,46,297,88,230,88
168,floridana,-96.6,38.6,f99294am,4,-0.0124591,0.00706525,-0.000944905,0.00902321,0.00336731,0.0106985,-0.00931085,0.0042973,0.00675921,0.0125285,0.0182377,-0.0159553,-0.00975874,-0.00294819,-0.00890521,-0.000871511,0.0122743,-0.000491058,0.00480451,-0.00116607,0.00145805,0.00274108,-0.00770375,-0.00508517,0.00213606,0.00119657,-0.0102838,0.00451922,-0.00595568,0.00279594,0.000952336,0.00201203,0.00201444,0.00031526,-3.27E-05,0.00530443,0.000490451,0.00204501,0.0210497,0.00852563,0.009143,0.0036497,0.00396092,-0.00396382,0.0112831,0.0114521,0.00672027,0.0041325,0.00517742,0.0156703,0.00755925,-0.0150614,-0.00660545,0.00811481,0.0192221,-0.012229,0.000130483,0.00297817,-0.000200628,0.00132216,-0.00405976,-0.00282277,-2.25E-05,0.00209325,0.00340213,-0.00114492,0.00598014,0.00617558,-0.0070083,-0.00674643,-0.00152455,-0.00279795,0.00315003,-0.00371145,0.00377915,0.00818098,12.3,12.8,3,984.6,32.5,-8.8,41.3,22.1,-1.1,24.5,-1.1,857,133,20,48,336,73,308,73
169,floridana,-98.92,36.17,f116941am,4,-0.0152678,0.00998284,-0.0058026,0.00280838,-0.00310874,0.00450045,0.0109437,-0.000904781,0.00836408,0.00469355,0.0161296,0.00422774,-0.00361367,0.00416465,-0.0017749,0.00085379,0.0021143,0.00475673,-0.00390907,0.000582676,0.00947967,0.00474931,-0.00678896,-0.00116696,0.00265419,-0.00455388,-0.0110516,-0.00171171,-0.00952499,0.00323024,-0.00560489,0.00121938,-0.000307557,-0.00484988,0.0175371,-0.000854866,0.0122471,-0.00213459,-0.000801846,-0.00046091,-0.00859814,0.0203161,-0.00236274,0.00129278,0.0110454,0.00316706,-0.000497777,-0.0179358,0.0149371,0.00126159,-0.00212762,0.00226234,0.00584508,0.0193475,0.00314749,-0.0287506,-0.000558459,-0.000957032,0.000232864,-0.00132336,0.00364211,0.00829041,0.00224774,0.00151349,0.00711506,-0.00226761,0.0164483,0.00645119,-0.0012305,0.00264467,-0.0110581,0.00812379,0.00482952,-0.0069873,-0.00773046,0.0192026,14.8,14.5,3.5,913.8,35.3,-5.6,40.9,19.7,2.8,26.4,2.8,664,111,17,48,263,64,218,64
170,floridana,-98.96,36.04,f116957af,4,0.0149079,0.0128271,-0.0266737,0.00450039,0.00174973,0.00761719,0.0343834,-0.00160643,0.0230772,-0.0111906,0.0146904,-0.000676565,-0.0038529,0.000674001,-0.00306318,-0.00153679,0.00439446,-0.00196031,0.000110007,0.00100088,-0.00324341,0.000738227,-0.00113721,-0.000138795,0.0012126,-0.0017811,-0.0122452,-0.00520812,-0.00290344,0.0037617,-0.00317121,0.00301039,-0.00903529,0.00308868,0.00465805,-0.00250535,0.0051142,1.09E-05,0.00783051,-0.00341512,0.00607343,0.00967182,-0.00534796,0.000317782,-0.00240676,-0.00930822,0.0087021,-0.0193317,0.0113833,0.00320182,-0.0171823,0.00689108,-0.0103345,0.0127275,-0.0219824,-0.00330183,-0.000191127,0.00146136,-8.68E-05,0.000674449,-0.000628081,0.00738574,0.00112302,-0.000607245,0.00360898,0.00782607,0.0107975,0.0088799,0.00337509,-0.00380714,-0.0116075,-0.00858529,0.0142199,-0.00449613,-0.00158724,0.0159289,14.8,14.6,3.5,910.2,35.3,-5.6,40.9,19.7,2.8,26.4,2.8,676,115,18,48,269,65,216,65
171,floridana,-99.32,39.11,f117756af,4,0.000874085,0.00721824,-0.00858411,-0.00298215,0.00850279,0.00610017,0.00638852,-0.000592382,0.0112494,-0.0136735,-0.0171361,0.00264042,-0.00924878,-0.00856236,0.00355672,-2.13E-05,0.00164687,-0.00456392,-0.00275389,-0.00321499,-0.0058533,-0.00356926,-0.00352752,-0.0104843,0.00345156,-0.00271995,-0.00561621,-0.00781248,-0.00479598,0.00219438,-0.00646052,-0.000985766,-0.00191586,0.0118167,-0.0124728,0.00388473,-0.0159359,-0.00298109,0.0156678,0.00191519,-0.000451653,-0.0116546,-0.010251,-0.00279018,0.0115931,0.010591,0.0066413,0.00442461,0.00775097,-0.00617678,0.0149327,0.00727859,-0.00119273,0.00900058,0.00393334,-0.0272404,0.000133504,0.000460511,0.000496997,0.00295775,-0.00368115,-0.0122408,0.000357582,-0.00318256,0.0015707,-0.00183214,0.00186454,0.00571906,-0.00149644,-0.00566241,0.00321072,0.0135846,-0.00605938,0.00285849,-0.0067818,0.000396441,11.6,14.8,3.4,1000.5,33.6,-9.8,43.4,21.9,-1.4,24.5,-1.4,583,86,10,55,252,40,237,40
172,floridana,-100.46,38.2,f117769af,4,-0.00971361,0.00200189,-0.013754,-0.00199397,-0.00333645,0.00302209,0.0135395,0.000974123,0.0110762,0.00763915,0.0257682,-0.0092032,0.000139038,0.00180219,-0.00557916,-0.00107998,0.0065838,-0.00775697,-0.000730314,-0.00165313,-0.00222142,-0.000183091,-0.00499412,-0.00429618,-0.00674578,0.000997912,-0.0146826,-0.00615643,-0.00570264,0.00605754,-0.00488538,-0.000161081,-0.00229843,0.00374467,0.00729474,0.00424606,0.00024295,-0.00420773,0.0149747,0.00177534,0.00591453,0.0147219,-0.00937662,0.00252727,0.000939954,0.00250725,-0.0019884,-0.00925175,0.008257,0.00255152,0.00716538,0.0106532,-0.00914708,0.00357818,-0.00171126,-0.029974,-9.81E-06,0.000951431,-0.000195317,0.000136622,-0.00227817,-0.00686386,0.000336553,0.000861998,0.00235877,-0.0042612,0.0062596,-0.00477922,-0.00332716,-0.00184409,-0.00116147,0.00112914,0.00620467,-0.00220584,0.00966879,0.00281875,11.9,15.9,3.6,964.7,33.8,-9.6,43.4,21.8,-0.6,24.4,-0.6,510,81,11,59,237,38,220,38
173,floridana,-100.2,38.43,f117782am,4,0.0211901,0.00399034,-0.00453975,-0.00549232,-0.00535141,0.0186281,0.0151757,0.00600132,-0.00521641,9.21E-06,-0.00553751,-0.00241113,-0.0128681,-0.00139973,-0.00316444,-0.00017889,0.00492515,-0.000371415,-0.000573141,-0.000363124,0.00279559,0.00122291,-0.000619817,0.000471095,0.000634111,-0.00310423,-0.004936,0.00333509,-0.00665973,-0.000624927,-0.00169394,0.00481876,-0.00322736,0.00396505,-0.0059596,-0.00599227,-0.00278104,-0.00324154,0.0178787,0.00481628,0.00425133,0.010633,-0.00609437,0.00107824,-0.00236731,-0.00860299,0.00354241,-0.00594926,0.0136996,-0.000384562,0.0103218,0.0100268,-0.0141748,0.0218477,0.018277,-0.0218743,-2.02E-05,0.00111584,-0.00049832,0.00134284,-0.0048235,0.00532368,0.00138185,-0.00136812,-0.000278817,-0.00282407,0.00853555,0.00130981,-0.000730203,0.00600141,-0.00153573,0.0104865,0.00499473,-0.0110938,-0.00474112,0.00862693,11.8,15.6,3.5,977.1,33.8,-9.7,43.5,21.9,-0.8,24.4,-0.8,535,83,12,57,243,40,227,40
174,floridana,-98.18,38.69,f117797af,4,0.00780291,0.00381687,0.00437953,0.00375172,0.00156907,0.00566867,-0.00613069,-0.00023921,0.00633942,-0.0112167,-0.0083887,0.0016926,-0.00809538,0.00594803,-0.00240168,0.00153379,0.00157652,-0.00512598,0.000664325,0.00066168,-0.00375111,-0.00212432,0.000695116,-0.00158804,0.000710418,-0.0017626,-0.0109075,0.000714399,0.00246096,0.00154909,-0.00213101,-0.00170891,-0.00176704,0.00312163,-0.000905704,0.00772576,-0.00318493,-0.00609305,0.00455497,0.00870983,0.0103812,0.00755947,-0.00780705,-0.00416506,0.00305696,0.000995344,0.000126428,0.00747798,-0.0015217,0.00215317,-0.00379786,-0.00663145,0.00886776,0.0276852,0.0249312,-0.00627521,-0.000298184,0.000162328,0.000406093,-0.00310685,0.00101149,-0.00510718,0.00109551,-0.00202171,0.00538255,0.00133928,0.00930945,-0.00231567,-0.0017279,-0.00167946,-0.0025496,0.00822249,0.0014011,0.00289364,-0.00622256,0.00218161,12.3,14.3,3.3,1001.4,33.8,-9.2,43,22.5,-0.9,25.1,-0.9,695,101,14,52,291,55,270,55
175,floridana,-95.04,36.37,f119616af,4,-0.00585974,-0.00023154,-0.0169342,-0.0102067,-0.00855027,-0.00212575,0.0214029,-0.0055944,0.0327673,-0.0150569,-0.0128647,0.00776068,-0.0131674,-0.01089,-0.0142679,-0.00154718,-0.0083683,0.00588949,0.0122279,-0.000688865,-0.000909828,0.00550089,-0.000164591,-0.000633748,0.000244365,-0.0016276,-0.0160618,0.00431235,0.0004269,-0.00308456,-0.00245199,-0.00609376,0.000681885,-0.00675233,6.57E-06,0.00100874,-0.00847409,0.00834539,-0.000918669,-0.000313663,-0.00113337,0.0217862,-0.00985684,-0.00516191,0.00812289,-0.0202045,0.00579067,-0.0187734,0.0101808,-0.0119078,0.0209657,0.00348472,0.0179034,-0.0271708,-0.0111788,-0.0125314,-9.46E-05,0.000395795,0.000892117,-0.00204617,-7.54E-06,0.00118641,-0.00136225,-0.00150937,0.00232957,0.00592233,-0.00419351,0.00232962,0.0031832,-0.00751844,-0.00590399,-0.0040696,-0.00249344,0.00272176,-0.00487529,0.0119659,15.1,12.5,3.3,852.2,33.2,-4.1,37.3,19.6,3.6,25.7,3.6,1111,129,47,28,358,168,294,168
176,floridana,-95.23,38.97,f120851am,4,0.0162873,0.00534353,-0.00112965,0.00302912,0.00800774,0.00527686,0.00204372,0.00428856,-0.0100866,-0.00520025,-0.00633951,-0.0104247,-0.00759938,0.000684836,-0.00576973,-0.00270444,-0.00853214,-0.000330105,0.00737377,-0.000383556,-0.0100288,0.00052393,-0.00948331,0.00267453,0.00714823,-0.00331362,-0.0183528,0.0038571,-0.00211847,-0.00134647,-0.00326787,-0.00549931,0.00599946,0.00815373,-0.00649508,-0.00459082,-0.00410255,0.00674604,0.0106156,-0.00163946,0.00602823,0.00155027,-0.00997412,-0.0102211,0.00303493,0.00653641,-0.00921588,0.0150017,0.00476707,-0.00261634,0.0153598,-0.00407063,-0.00201643,-0.0158201,0.00238183,-0.00485278,-0.000116293,-0.00352308,0.000404796,0.000539701,-0.00580625,0.00403519,-0.000581631,-0.00242093,-0.000773032,-0.00420985,-0.00738045,0.00595964,0.000519007,0.00551137,0.000794139,0.00461763,-0.010666,0.0055927,-0.000364547,0.0133978,12.8,11.8,2.9,965.4,32.2,-7.4,39.6,22.6,-0.1,24.8,-0.1,960,143,27,45,367,92,345,92
177,floridana,-97.12,39.93,f136533af,4,-0.00142673,0.00686983,0.000559316,-0.00427596,0.0215689,0.00141234,0.0163542,-0.00774566,-0.00671843,-0.0123529,0.0275197,0.00478484,0.0245516,0.0114387,-0.00716125,-0.00179382,-0.00180582,-0.000368151,0.00434481,0.000436475,-0.00846046,-0.00462315,-0.00499425,0.00299763,-0.00266647,0.00123142,-0.0145164,0.00334704,-0.00774117,-0.00191071,0.00311016,-0.00215722,0.00462368,0.00157901,-0.000721761,0.00168442,-0.00946567,0.0111017,0.0163758,-0.00528765,0.00289219,0.00931469,-0.00499379,0.000819543,0.00669576,-0.0146867,-0.00583729,-0.0123329,-0.000467777,-0.0021386,0.00729506,0.00607904,-0.00489785,-0.00739804,-0.00290622,0.00167989,0.000494212,0.00130481,-0.000757795,0.00496916,-0.0106703,0.00613608,-0.00227032,0.0013606,-0.00234524,0.00755972,-0.00260178,0.00838506,-0.0109864,0.00432416,0.011052,-0.0104927,-0.00425657,0.00999689,-0.00321187,-0.00753832,11.3,13.5,3.1,1024.1,32.6,-10.2,42.8,21.8,-2.5,24.2,-2.5,787,113,16,53,316,60,307,60
178,floridana,-96.53,38.69,f140609af,4,0.00294531,0.00905735,0.00619596,-0.000533872,0.0096417,0.0136872,0.0110286,-0.00506189,-0.00427897,-0.00538185,-0.00486019,-0.00266677,0.00140143,-0.00857181,-0.0138956,-0.00248692,0.00887177,-0.00558989,0.00762886,0.00308525,0.0129002,-0.00107361,-0.00237859,-0.00430297,0.00164135,-0.000854473,-0.00501039,-0.00463227,-0.00578275,0.00410508,0.0056583,-0.00107136,-0.00521517,0.00482045,-0.0122845,0.00151927,-0.00178858,0.00369546,0.0159628,-0.000516873,0.0191895,-0.00231625,-0.00279745,-0.00772907,0.00875266,0.00187751,0.00422389,-0.00358177,0.015176,0.00121939,0.0200234,0.00909185,-0.00765726,0.00590492,0.00765194,-0.00278514,0.000221733,0.00249635,-0.000213247,0.00270719,-0.00319238,-0.000971178,0.000938514,0.000280069,-0.00182292,-0.00864536,-0.00046815,-0.00325297,0.000754409,-8.48E-05,0.00234431,0.00537317,-0.0008502,-0.005906,0.00290575,-0.00101416,12.2,12.8,3,991,32.4,-9.1,41.5,22.2,-1.3,24.5,-1.3,859,131,20,48,336,73,308,73
179,floridana,-95.35,39.17,f143934am,4,0.000953741,0.0101505,0.00120441,0.00495244,0.00746153,0.0167533,0.00890355,-0.00100189,-0.0110927,0.00558023,0.00144258,-0.0138635,0.000511797,-0.0164549,-0.0131532,-0.00163034,0.00999203,-0.0050599,0.00649454,0.00249083,0.0129412,0.00140023,-0.00186128,-0.00249289,0.00134665,0.000924702,-0.0060552,-0.00564359,-0.00402813,0.0018109,0.00369002,-0.00396099,-0.00510862,0.00392179,-0.0108303,0.00210821,0.000945419,0.00325695,0.0162091,-0.00037267,0.0180543,-0.00131266,-0.00270506,-0.00871585,0.00119686,0.000926779,-0.00864993,-0.00669604,0.00883048,0.0045972,0.0124422,0.00841809,-0.00665866,0.00741516,0.0153828,-0.00674256,0.000206103,0.00212559,-0.000498868,0.00274182,-0.00296271,-0.0020639,0.00100221,0.00177291,-0.00182117,-0.00572968,0.000906102,0.00196932,-0.00149583,-0.00363254,0.00385153,0.00498921,-0.0013526,-0.00590664,0.000523127,-0.00161233,12.4,12,2.9,980,32.1,-8,40.1,22.4,-0.8,24.6,-0.8,964,142,26,47,373,89,348,89
180,floridana,-82.7,29.09,f147815am,4,-0.00245208,-0.000767386,0.00127653,0.00185376,0.00445772,0.00584458,-0.00328761,0.00180737,0.00892655,-0.00461533,0.0180206,0.00188653,0.00242184,-0.00645197,-0.0167658,-0.00620113,0.0150618,-0.00184423,0.00446338,-0.00296834,0.00456149,0.00238683,-0.00419137,-0.00798275,-0.00481499,-0.0011495,-0.00193952,-0.00549511,0.0062722,0.00765391,-0.00963703,0.00205129,-0.00196559,0.000405272,-0.00282909,0.00115606,-0.00154219,-0.000664719,0.0110673,0.00119988,0.00818107,-0.00195991,-0.0031458,-0.0111781,0.00237945,-0.0118071,0.00248383,-0.0169389,-0.0026891,-0.00889749,-0.000839059,0.00756885,-0.00501013,0.00279213,-0.0232479,0.015388,0.000159107,0.0022024,0.000219715,0.00414997,-0.00237565,0.00300881,-3.68E-06,-0.00431872,0.000427978,0.00210929,0.00237305,-0.00417823,-0.00076989,-0.00074705,0.00330584,0.00266644,0.000504857,-0.00137958,-0.00659907,-0.0065178,20.9,13.3,4.9,509,33.1,6.4,26.7,27,18.1,27,14.1,1358,211,55,47,576,189,576,258
181,floridana,-81.55,30.84,f147820af,4,0.00327863,0.0024643,-0.0145753,0.0056817,0.00622758,-0.0122383,0.027616,0.0102988,0.0106708,-0.00197907,0.0206606,-0.0277998,0.00924182,-0.00723889,-0.0152357,-0.000479068,0.00753018,0.000703228,0.00342541,0.000423922,-0.00239037,0.0026299,-0.0102843,-0.000344902,0.00118802,-0.00587132,-0.0135896,-0.00149966,0.0140765,-0.00227413,-0.0104431,-0.000556791,-0.00207014,0.00316542,-0.00367032,-0.00189905,0.00562948,0.00366493,0.0132495,0.010602,-0.00542796,0.000688634,0.000506414,0.00220187,-0.000178167,-0.0102044,-0.00303085,-0.00222147,0.0137862,0.00776841,0.0112188,-0.0105868,0.00027894,0.00811486,0.00286534,0.00618611,0.000212026,0.00395769,0.000303062,0.00393355,-0.00376965,0.00576829,0.0017065,-0.0019692,-0.00612114,-9.96E-05,-0.0120573,0.0111746,0.012249,-0.00512553,0.0035254,0.00637693,-0.0128651,0.0032844,-0.016128,0.00138169,19.9,11,4,583.7,32.7,5.4,27.3,26.8,13.3,27,12.1,1288,169,58,36,497,212,468,245
182,floridana,-80.04,32.73,f147821af,4,-0.00900549,-0.00337937,-0.00687081,-0.00664062,0.00156807,-0.00454159,0.00347891,-0.00220112,0.0104188,-0.00197787,-0.0117024,0.0030655,-0.00142153,-0.00432857,-0.00373964,-0.00519299,4.61E-05,0.00273682,0.00090995,-0.00248777,0.00546645,0.00295423,-0.00293979,0.0013615,0.00090129,0.000297247,-0.0059155,-0.00370906,0.00321428,0.00263474,-0.00814824,-0.00202305,-0.00944468,0.00472707,-0.0175917,-0.00134701,-0.0112703,-0.00666094,0.0033281,-0.00377899,0.00100329,-0.00248983,0.000775387,-0.00792109,0.00999219,-0.0108783,-0.00463275,0.00410416,0.00882736,0.00280961,-0.00103685,-0.00476816,0.0103541,-0.00298049,-0.0152394,-0.00638538,-0.000266413,-0.00211597,-0.000361713,-0.000724641,0.00600854,0.000842629,0.000333768,0.00314379,-0.00323874,0.00137934,-0.0065974,0.00685178,0.00776544,-0.000911031,-0.00427191,0.000690347,-0.00493359,0.000491451,-0.00666791,0.00770315,18.7,9.7,3.4,653.8,31.7,3.8,27.9,26.7,15,26.7,9.9,1243,175,62,34,465,220,465,248
183,floridana,-82.52,34.68,f147825af,4,0.000247963,-0.00274395,-0.0245385,-0.00740008,0.00702022,-0.00821176,0.0252557,0.00904893,0.0118088,-0.000769771,0.00135287,-0.00647829,-0.00130424,-0.0255869,-0.00925698,-0.00243167,0.000201066,0.00653412,0.00402598,-0.00120964,0.00324072,0.00345831,-0.00633207,0.00114827,0.00194153,0.0023759,-0.00595218,-0.00498864,0.00253845,0.00205289,-0.00747714,0.00736906,-0.00664386,0.00985269,-0.0194819,-0.00184733,-0.011705,-0.0108729,0.00317302,-0.00513639,0.0118319,-0.0132737,0.0107682,-0.0131084,0.0101294,0.00532787,0.00595122,0.0205416,-0.0111787,-0.00695359,0.0219267,-0.00690077,0.0290141,-0.0212559,-0.00585008,0.0122981,-0.000245254,0.00115439,0.00049861,-0.00107254,0.00286225,-0.00498551,0.0015585,0.00102368,0.000220425,0.000329611,-0.00488813,0.00490128,0.00889186,-0.0086417,-0.00233514,0.0109633,-0.0111364,0.00586858,-0.0135687,0.0054553,15.7,12.7,3.8,736.2,31.8,-0.8,32.6,7.5,16.1,24.9,6,1316,146,94,12,384,287,323,352
184,floridana,-82.52,34.68,f147831af,4,0.0192425,-0.00375964,-0.0206742,-0.00143152,0.00582522,-0.000391532,0.0154117,0.00488586,0.0146117,-0.0055092,-0.0162845,0.00568636,0.0161645,-0.0184581,-0.00839698,-0.00257838,0.00303692,-0.000773488,0.00285784,0.00200253,0.00552155,-4.44E-05,0.00422561,0.000205494,0.0036438,0.00181611,0.000300903,0.0042324,9.36E-05,0.000759931,-0.00880064,0.00271086,-0.00310304,0.00115437,-0.0167777,-0.00647661,-0.00454459,-0.00147175,-0.00903319,-0.0106575,0.0112416,-0.0109639,0.0046082,-0.0161992,-0.00184259,-0.00678577,0.000232672,-0.00537822,-0.000763933,-0.00349435,0.0162774,-0.000883234,0.00950412,-0.0139613,-0.00335313,-0.00435195,-0.000120665,0.000979984,0.000335244,-0.00176779,-0.00134304,0.00258687,0.00103241,0.00405143,-0.00227521,-0.0090852,-0.0104277,0.00478798,0.0025716,0.00618101,0.0073149,0.0140784,-0.0233198,0.00922127,-0.0161305,-0.000402276,15.7,12.7,3.8,736.2,31.8,-0.8,32.6,7.5,16.1,24.9,6,1316,146,94,12,384,287,323,352
185,floridana,-82.52,34.68,f147832am,4,0.00384323,0.00179555,-0.00724821,-0.00629192,0.000401376,0.00187352,0.0127342,0.00250036,0.0150489,0.00121978,0.0153148,-0.00665575,-0.00130252,-0.0110161,-0.0059312,-0.0017254,0.00788224,-0.00423547,0.000123646,0.000989796,0.00375223,0.000887793,0.00092863,-0.00367307,0.0011183,-0.00206812,-0.00304914,-0.00753954,0.00228679,0.00468877,0.00346384,0.00752138,-0.00975333,0.00532939,-0.000831089,-0.000392031,0.0104944,-0.010012,-0.0027472,-0.00405446,0.00967491,0.00746789,0.00826802,-0.000550361,0.00795424,-0.0132021,0.000713978,-0.0130287,-0.00530502,-0.00613387,0.0087988,0.00916962,-0.00785029,-0.00166876,-0.020221,0.0229962,-4.76E-05,-0.001839,-0.000391319,0.000216765,0.00137692,-0.00184627,-0.000116617,-0.00029595,0.00202445,0.00100413,0.00862335,-0.00270611,-0.00662804,0.00288473,0.000741733,-0.00793325,0.00707623,-0.00560949,-0.0035076,0.00331587,15.7,12.7,3.8,736.2,31.8,-0.8,32.6,7.5,16.1,24.9,6,1316,146,94,12,384,287,323,352
186,floridana,-83.81,34.87,f147836am,4,-0.00899648,0.00619645,-0.00129134,0.000362801,0.00180135,-0.000222544,-0.00143186,-0.00130385,-0.00759043,0.00211292,-0.0145949,-0.00585886,0.0249982,-0.0249572,-0.0124519,-0.00278611,-0.00318733,0.00684945,0.0118152,-0.00298991,0.0140398,0.00290801,0.00275609,-0.000467777,-0.00276468,-0.00173239,-0.0027107,-0.00280842,-0.0126585,-0.00135491,0.00768649,-0.00212582,0.00341508,0.00467183,-0.00871259,0.00390771,0.00186499,0.00270309,0.00666055,-0.00225792,0.00510198,-0.0157895,0.0128342,-0.00460377,0.0126753,-0.000233787,-0.00285333,0.0254842,0.0187579,0.00672019,0.0280727,-0.0118478,-0.00519817,-0.0144915,-0.00345858,-0.00601529,0.000203735,0.00118369,0.00146775,0.00239193,-0.000412816,0.000271933,-0.00243989,0.000737683,0.00214182,-0.000995722,-0.0103321,-0.00190993,-0.0062669,0.00403074,0.008502,-0.00517179,-0.0219474,0.0223229,-0.0137322,-0.00696986,11,12.7,4,698.2,26.4,-5.3,31.7,3.1,16.2,19.7,1.7,1842,193,123,11,523,406,441,493
187,floridana,-82.62,35.1,f147837am,4,0.00916897,0.0071115,-0.0172908,-0.00298995,0.000680501,-0.00177651,0.0170017,-0.000699441,0.000493929,-0.00121554,-0.00257933,-0.00184758,0.0186001,-0.0153464,-0.014409,-0.00379162,-0.00399067,0.00110665,0.00643742,-0.000557061,0.0126169,0.000350737,-0.00640425,0.000376147,0.00109393,-0.0014127,-0.0174463,-0.00307996,0.00562084,-0.000564301,-0.00699174,-0.00239357,0.00420441,0.00180199,-0.00357252,0.0020033,-0.00607644,0.00110759,0.0105042,-0.00892673,-0.00654535,-0.00833954,-0.0065341,0.00314334,0.00621889,-0.01483,0.00827439,-0.00295782,0.0122302,-0.00308376,0.00116231,0.00609308,-0.00814263,-0.00231895,-0.00309994,-0.00858867,-2.94E-05,0.00142365,0.00110397,0.00397629,-0.00191232,0.00508698,0.00128488,-0.00321827,0.00334039,-0.00511688,0.000185477,0.000299075,0.00182479,0.00267314,0.00324324,0.00952699,-0.013642,0.00799125,-0.02005,-0.00290686,13.1,13,4,710.6,28.8,-3.4,32.2,5.1,13.6,22,3.7,1746,175,130,8,459,412,443,434
188,floridana,-82.62,35.09,f147838am,4,-0.00243806,0.00565004,-0.00927334,-0.00374121,-0.00772007,0.0109846,0.0147021,-0.0103881,0.00470816,-0.001113,-0.00367351,0.00503793,0.0108885,-0.0117719,0.00031162,0.000439219,0.00797054,-0.00186389,-0.00374236,0.000420971,0.0012815,-2.08E-05,0.00110491,-0.00107101,-0.00526093,0.000152974,-0.00327928,-0.00350342,0.00393864,0.0070247,0.00332256,-0.000408466,-0.00502098,-0.00138936,-0.0116631,0.00270656,-0.0072714,0.00135675,0.00886707,0.00477725,0.00970657,-0.00481314,0.00362306,-0.00416477,0.016048,-0.00478242,0.00337067,0.0103157,0.00942739,0.00608725,0.0123072,0.0189343,-0.011563,0.00720613,0.000268507,-0.00846135,-9.50E-05,-6.43E-05,1.62E-05,0.000529902,-0.00377245,0.00252841,0.000430138,0.000483745,0.000780997,-0.00216359,-0.00242878,-0.0047484,0.00161891,-0.00290947,0.0015448,-0.00915662,-0.00312822,0.00606434,-0.00294122,-0.00117044,13.1,13,4,710.6,28.8,-3.4,32.2,5.1,13.6,22,3.7,1746,175,130,8,459,412,443,434
189,floridana,-82.93,34.98,f147839af,4,-0.00429729,0.00874,-0.00777631,0.00266025,-0.00471908,0.000253992,0.00403503,-0.00260781,0.0209637,-0.000462072,0.00180086,-0.00590218,0.0104747,-0.0100058,-0.00899548,-0.00138636,-0.000125609,-0.00140371,0.00377028,0.000826158,0.00644282,0.000835668,-0.00602972,-0.00379039,0.00087334,-0.000805897,-0.0164494,-0.00823703,0.00507229,0.00450409,-0.0121368,-0.00325509,-0.00583118,0.000884808,-0.00498959,0.00449676,-4.95E-05,-0.00094183,0.00740349,0.00179843,0.0242235,-0.00600828,0.00973801,-0.00210774,0.00443449,0.00159593,0.00103697,0.0101886,-0.00084268,0.00105394,-0.00492152,-0.012154,-0.00301572,0.00330614,-0.0131223,-0.000807997,-5.23E-05,-0.00056627,0.000182133,0.00160611,0.000633958,0.00487893,0.000940506,-0.00317888,-0.00207442,-0.00192811,-0.00485446,0.00099053,0.00568395,0.00152921,0.0015984,-0.00755193,-0.00371281,0.00308618,-0.00735466,0.000326651,14.7,13.5,4.1,716,30.9,-2,32.9,6.7,15.3,23.7,5.3,1577,165,114,10,439,350,396,413
190,floridana,-96.98,37.25,f159517am,4,-0.00974116,0.00672457,0.00029889,-0.00918117,0.0169365,0.00489743,0.00938862,-0.00658389,-0.00679246,-0.008214,0.0376297,-0.0106473,0.00702468,0.00873129,-0.00588983,0.00611443,0.00592819,-0.0048854,-0.000401071,-0.00239221,0.00594913,-0.00457901,-0.00560132,-0.00365784,-0.00560858,-0.000294212,-0.00453004,-0.00608527,-0.00642069,0.00214846,0.00634872,0.00333481,-0.000510151,0.007203,0.00993585,0.00144433,0.000478626,-0.00131026,0.0117996,0.00734275,0.000431096,0.0159999,0.00218552,0.00906898,-0.0048355,-0.00580795,0.00235236,-0.0152503,0.002656,0.00463328,-0.0118204,-0.000607556,-0.0124925,0.0112475,-0.00203214,-0.0104146,-0.00058873,-0.00055878,-0.00050417,-0.00465237,-0.000303514,-0.00496042,0.000613748,0.0043322,0.0047923,-0.00182834,0.00708163,-0.00020283,-0.00347401,-0.00426681,-0.0061866,-0.0078279,0.00641473,-1.85E-06,0.00597863,0.013462,14.2,13.3,3.2,941.5,34.2,-6.2,40.4,23.7,1.7,26.1,1.7,865,119,25,41,319,93,289,93
191,floridana,-100,37.75,f159544am,4,0.00719779,0.000904641,0.00662375,-0.00419355,-0.00388862,0.0100009,0.00871448,0.00640795,-0.0131994,0.0063555,0.011294,0.00295609,0.0165958,-0.00930785,-0.00480512,-0.000860862,-0.00369738,0.00281788,0.00594346,-0.0020741,0.000628241,0.00217164,-0.00440772,0.000372531,0.000967589,-0.00291452,-0.0222768,0.00492122,-0.0013447,-0.000602432,-0.00213237,0.00209249,-0.00488423,-0.00104407,-0.00121986,-0.00257593,0.00200088,0.00107501,0.00827727,0.00014989,0.00411944,0.00625778,-0.00489492,0.00213061,0.0118478,0.00736483,-0.000529679,0.0151445,0.00525514,0.00852357,0.00728462,0.00907014,-9.85E-05,-0.00242781,0.0264873,0.0015626,-8.37E-05,0.000997595,-0.000436322,-0.000416129,-0.00322044,-0.00222654,0.000507447,-0.000250745,-0.000864911,-0.000175264,0.00395188,0.00558538,-0.00513418,0.00368361,0.00426954,0.0013889,-0.000316535,-0.00245157,-0.00546054,0.00360127,12.7,14.9,3.5,951.4,33.8,-8.1,41.9,22.4,0.4,24.9,0.4,563,84,14,55,250,48,234,48
192,floridana,-97.45,37.71,f159545am,4,0.0171772,0.00557687,-0.00543751,0.00224985,0.00616853,0.0102984,0.0215138,-0.00109288,0.00835507,0.00754395,0.0318632,-0.00808436,-0.00355561,0.00519364,-0.0032773,-0.00161744,0.00564008,0.00121594,0.000475986,0.000325138,-0.00515555,0.00466522,0.0021781,0.00127848,-0.00421798,0.00360421,-0.009179,0.00191836,0.000543351,0.00559897,-0.00768601,0.00687603,-0.00678936,0.000994177,0.00739164,0.00100007,0.00585012,-2.76E-06,0.0216878,0.00387718,0.0161775,0.0130615,-0.00727389,0.00220064,0.0118545,0.00600617,0.00854418,-0.00309066,-0.00227593,0.0030645,-0.000228767,-0.00424377,-0.0122433,0.0325864,0.0115625,-0.00101635,-0.000346794,-2.05E-05,-0.00141041,-0.00282761,-0.00154202,3.11E-05,-0.000928576,0.00472625,-0.000184583,0.00664024,0.00689665,0.00666124,-0.00897719,-0.00136394,-0.00065704,-0.0156631,0.0151367,-0.00601653,0.015092,0.00340933,13.5,12.5,3,976.9,33.8,-6.8,40.6,23.4,0.6,25.9,0.6,779,114,18,48,310,71,285,71
193,floridana,-100.47,42.87,f73386af,4,-0.00893042,0.0120358,-0.0221303,0.0102362,0.00402916,-0.0061981,0.00107885,0.00576069,0.0179754,-0.0123753,-0.00630501,-0.00855433,-0.0130559,0.0110526,0.00574003,-0.000539013,-0.0108266,0.00105173,0.000649733,0.00139518,0.00137828,-0.00222181,-0.00174767,0.000513,0.000477254,-0.00288671,-0.0117795,0.00395393,-0.00842971,-0.00333517,-0.00371584,-0.000623833,-0.00126161,0.00299994,-0.000164624,0.00117391,-0.00818571,-0.00012265,0.0157126,0.00269644,0.00119086,0.00469982,-0.0080534,-0.00518484,0.00344991,-0.000531556,0.00906026,0.000213064,0.000617242,0.00901379,0.0116258,-0.0187262,-0.00195545,0.0067344,0.0241672,-0.0208263,-0.000281576,-0.00240705,-0.000107984,-0.00415127,-0.00865137,0.00363189,0.000461403,0.00258267,0.00190824,-0.00149438,-0.00512292,0.00280884,0.00119593,0.0010726,-0.00115384,0.00327792,-0.0110128,0.0128554,-0.00234024,0.00975275,8.6,14.9,3.3,1032.6,31.4,-13.2,44.6,19.2,-4.8,21.9,-4.8,491,82,8,67,241,30,218,30
194,floridana,-100.43,42.87,f117325af,4,0.00184274,0.0039982,-0.0136424,-0.000913059,-0.00622005,0.011881,0.00599377,-0.00547853,0.0184868,-0.00478766,0.00908211,0.00417697,0.00899332,-0.0069077,-0.00309468,-0.0015672,-0.0101511,-0.00286408,0.00483327,0.00140013,0.00260318,-0.00103187,-0.00321477,-0.00206771,0.00303092,0.000724513,-0.0106988,-0.00266003,0.00378926,2.19E-05,-0.0124324,-0.00236691,-0.000922258,0.00345795,0.000311364,0.00212619,-0.00292562,0.00390727,0.019888,-0.00249784,-0.00348935,-0.00435774,-0.00564366,-0.0120756,0.00326402,0.0151315,0.0114241,0.0108306,0.00725516,0.016862,0.000286946,-0.0125551,0.00552943,0.0188277,0.00951644,-0.00549429,-3.25E-05,-0.00122974,0.000551732,0.0024693,-0.00813895,-0.000281794,-0.000795283,-0.00650434,0.00272999,0.000884764,-0.000500711,0.00137392,-0.00437712,-0.000133266,0.00446963,0.0069514,-0.0074136,0.00651886,-0.00562024,0.000207334,8.5,14.8,3.3,1029.5,31.3,-13.2,44.5,19.1,-4.8,21.8,-4.8,500,83,8,65,244,31,220,31
195,floridana,-100.85,42.64,f117328af,4,-0.000874468,0.00649112,-0.0119151,-0.00192196,-0.0053119,0.00979544,0.00915268,-0.00350072,0.0174237,-0.00366445,0.0106145,0.000674922,0.0112102,-0.00835861,-0.00249186,-0.00382654,-0.00955565,-0.00373172,0.00537405,0.0026571,0.00171244,-0.00357258,-0.00434852,-0.00128258,0.00226022,0.00177231,-0.00869469,-0.00390734,0.00366905,0.00147615,-0.013867,-0.0031456,-0.00182395,0.00715529,0.00117002,0.000823232,-0.00205363,0.00125556,0.0194189,-0.00315629,-0.0045306,-0.00513852,-0.00588248,-0.0105909,0.00104642,0.0127754,0.0156722,0.00759526,0.00785865,0.0161281,0.000451314,-0.0131477,0.00503461,0.0173307,0.0030164,-0.00102368,0.000126226,0.000820885,0.000274594,0.00413365,-0.00914537,0.00356111,-0.000651941,-0.00529694,0.00248607,0.0020411,0.000764049,-0.00253597,-0.00531999,0.00608928,0.0065637,0.00352825,-0.00789652,0.00918155,-0.0121744,0.000569265,8.7,15,3.4,998.6,31.2,-12.3,43.5,19,-4.2,21.6,-4.2,504,84,9,64,247,33,222,33
196,floridana,-99.59,42.73,f117333af,4,0.00925713,0.00558101,0.00524086,0.0143184,0.0188156,0.00316391,-0.0109671,0.0118785,-0.0101498,0.0108984,0.0132034,-0.0154613,0.00280368,-0.00128083,0.003389,-0.000159781,-0.00149738,-0.00204028,-0.0025215,-0.00249366,-0.000563782,0.001658,-0.00662246,-0.00460105,0.0041146,0.000144976,-0.014714,-0.00395627,0.00378314,0.00733852,-0.00668276,0.0059696,-0.0119821,0.001677,0.00163829,0.00260036,0.00908799,0.00747387,0.011457,0.00344257,0.0111542,0.0133041,-0.00752276,-0.00158567,0.00691987,0.0141407,0.00694591,0.00781895,0.00628762,0.00553965,0.00112283,0.00206893,0.00444126,-0.0114851,0.00999914,-0.029694,-0.000292163,-0.00317836,0.000136546,-0.00262802,0.0015727,-0.00389017,-0.000518553,-0.000360367,0.00386696,-3.66E-05,0.00751641,0.00295168,-0.00913798,0.00307786,0.00138803,-0.000629329,0.0013954,0.00250307,0.00260193,0.0022852,9.2,14.1,3.1,1060.1,31.8,-12.7,44.5,20.1,-4.8,22.7,-4.8,567,90,10,59,261,39,234,39
197,floridana,-100.43,42.87,f117753am,4,-0.00370094,0.00594798,-0.0103686,-0.00843998,0.00760642,0.00644743,0.00326305,0.00165587,0.00786936,-0.000608587,0.00752131,-0.00624489,0.003421,-0.00754171,-0.00756194,-0.0023654,-0.00652538,0.00369247,0.00612909,-1.52E-05,0.0077974,0.000113183,-0.0133265,-0.00923423,0.00629157,0.0012431,-0.0164536,-0.00133514,0.00397967,-0.00221255,-0.0110238,0.00212262,-0.00404473,0.00673748,0.00206209,0.00404323,-0.0052106,0.0065399,0.00824436,0.0011533,-0.0086308,-0.010458,-0.00773434,-0.00956594,0.0042037,-0.00254377,0.00994476,-0.00818441,0.0171797,0.00404659,0.0207338,0.0119255,-0.0154412,0.00356605,-0.000215503,-0.0113607,-0.000181317,-0.00051845,0.00102777,0.00105671,-0.00534872,-0.0017421,-0.000100695,-0.00365006,0.00305851,-0.00398965,-0.00468715,0.00138645,3.99E-05,0.00799335,0.00314084,0.00819643,-0.0164814,0.0165782,-0.0120027,0.00952152,8.5,14.8,3.3,1029.5,31.3,-13.2,44.5,19.1,-4.8,21.8,-4.8,500,83,8,65,244,31,220,31
198,floridana,-100.43,42.87,f117754af,4,-0.0010675,0.00227269,-0.011951,-0.00134133,-0.0054262,0.0107087,0.00297221,-0.00122292,0.0115648,-0.0106776,-0.0197161,0.002447,-0.00221159,-0.00971508,-0.00725776,-0.00527989,-0.0139338,-0.00304748,0.0120433,0.00376698,-0.00283649,-0.00255166,-0.00606967,-0.00158419,-0.0012181,0.0031202,-0.0168987,0.00396643,-0.0133544,-0.00551562,-0.0137327,-0.00499608,-0.00102024,0.00809383,0.0014908,0.00390696,-0.00978568,0.00105225,0.00353889,-0.00441964,-0.00794854,-0.00406074,-0.00139638,-0.00135453,0.00566692,-0.00716586,0.00368912,0.00187265,0.0169216,0.00372763,0.0245261,-0.0213752,-0.0266225,-0.0245992,0.016435,-0.0330661,-0.000132294,-0.000565943,8.85E-05,-0.000299066,-0.00688337,0.00458898,-0.00124528,-0.00180347,-0.00497743,0.00276447,-0.0140434,0.0127835,0.00315735,0.00595974,0.00355956,0.00325695,-0.014258,0.00989525,-0.00495148,0.0118193,8.5,14.8,3.3,1029.5,31.3,-13.2,44.5,19.1,-4.8,21.8,-4.8,500,83,8,65,244,31,220,31
199,floridana,-100.43,42.87,f119683af,4,-0.00934543,0.00570493,-0.0079232,0.00233791,-0.000841843,-0.00459624,-0.00341326,0.0128319,0.000303766,0.000824118,-0.00393862,-0.00649834,-0.00574656,-0.00291415,0.00431298,-0.0027462,-0.0198345,0.00105967,0.00726576,0.00124602,-0.00374041,0.00318169,-0.00051847,0.00457399,0.00300637,-0.00165234,-0.0169253,0.00553599,-0.00209946,-5.48E-05,-0.00502549,0.0047388,0.00878722,0.0036625,-0.00239908,-0.00331136,-0.0033182,-0.00306948,0.0103081,0.00216511,-0.00464698,-0.0025401,0.00914823,-0.0125279,0.00812753,0.00712357,-0.00715145,-0.00016901,0.0074677,0.015107,0.0185354,-0.0132582,-0.0146745,0.00849128,0.0178186,-0.0116964,-0.000113018,0.000794379,0.000231161,0.00289202,-0.00635969,0.00434051,0.000554036,-0.00427515,0.000353803,0.00495935,0.000722228,0.0140104,0.00157012,-0.00131578,0.00188374,0.0109876,-0.0057836,0.00577897,-0.0109459,0.00182433,8.5,14.8,3.3,1029.5,31.3,-13.2,44.5,19.1,-4.8,21.8,-4.8,500,83,8,65,244,31,220,31
200,floridana,-100.43,42.87,f119688af,4,-0.00170422,0.00759401,-0.00515745,-0.00646226,-0.00179441,0.00862752,0.0111236,-0.0050567,0.0120719,0.00895613,0.00270764,-0.0119697,-0.000843626,-0.0155467,0.00460431,-0.00149615,-0.0154067,-0.000903792,0.00287735,-0.00158597,0.000373528,0.00621819,-0.000365639,-0.000132873,0.00123562,-0.00297324,-0.0090233,-0.00018069,-0.00465285,0.00323946,-0.00242548,0.0023905,0.00107243,0.00026753,-0.00148481,0.000648948,0.00580931,-0.00406189,0.00711542,0.00995956,0.00848118,0.00629039,-0.00378051,-0.00972336,0.00645812,0.000750342,-0.00325045,-0.0147018,0.00259071,0.0150111,0.0162993,0.00280451,5.49E-06,0.00105027,0.00218766,-0.000862982,-1.81E-05,0.000588302,-9.54E-05,0.00083703,-0.00599254,0.00272458,0.000531589,-0.00209169,-2.76E-05,0.00107026,-0.000753184,-0.000511241,-0.000704838,-0.00259814,0.00477825,0.000961855,-0.00342035,0.00474527,-0.00319202,-0.00111545,8.5,14.8,3.3,1029.5,31.3,-13.2,44.5,19.1,-4.8,21.8,-4.8,500,83,8,65,244,31,220,31
201,floridana,-100.43,42.87,f119690am,4,0.0135281,0.00960519,-0.0149537,-0.00790981,-0.00389697,0.0106827,0.00862323,-0.00284632,0.0101917,-0.00294215,-0.00415677,-0.00570432,0.000905594,-0.000426168,0.00630295,-0.00179579,-0.0128793,-0.00450963,-0.00183004,-0.00371744,-0.00604524,0.000865235,0.000893781,-0.00304742,0.00589855,-0.00036806,-0.0134362,0.000386702,-0.0013149,0.00361357,-0.00363586,0.00353661,-0.000821367,-0.00121399,-0.000975051,-0.00298269,0.00115052,-0.00208752,0.016234,0.00941185,0.0062655,0.00121238,0.00176275,-0.00585798,-0.00187757,-0.00994547,-0.0054984,-0.0230055,0.0132597,0.00856322,0.0182135,0.00818233,-0.0145822,-0.0130438,-0.00232704,-0.00135621,0.00017708,-0.000400248,0.000261943,0.00251708,-0.00271752,0.002371,-0.000763803,-0.000676296,0.00123745,0.000736215,7.16E-05,0.00619363,-0.00363544,-0.000971143,0.00214693,0.00454299,-0.00399197,0.00535906,0.00193997,0.00046168,8.5,14.8,3.3,1029.5,31.3,-13.2,44.5,19.1,-4.8,21.8,-4.8,500,83,8,65,244,31,220,31
202,floridana,-100.43,42.87,f119693af,4,-0.00764748,0.00280702,-0.00141775,0.00211934,-0.00537656,-0.0131678,0.00109339,0.00842703,0.00833885,-0.0110666,0.00105628,-0.00804004,-0.0104544,0.0043997,9.00E-05,-0.00350033,-0.0173381,0.000732096,0.00151879,6.06E-05,-0.0089957,0.00311928,-0.00826995,-0.00103005,0.0086237,0.000930555,-0.0332316,0.00820233,-0.00554094,-0.0015285,-0.00741758,0.0026828,0.00753905,0.00117718,0.0044195,-0.000840121,-0.00431708,0.00589689,-0.000478922,0.0101387,-0.0052528,-0.00377093,0.00191316,-0.0065298,0.00861642,-0.0141171,0.00504348,-0.00925222,0.00831953,0.0116627,0.0119189,-0.0150231,-0.00631025,-0.00140827,0.00764405,-0.02124,-0.000262788,-0.000566989,0.000529855,0.00183414,-0.00659887,0.00921524,-0.000809521,-0.00249747,-0.0021547,0.000990502,-0.0113213,0.0134122,0.00667969,0.00793978,0.000485562,0.0174893,-0.0179531,0.0111501,-0.0104085,0.0117175,8.5,14.8,3.3,1029.5,31.3,-13.2,44.5,19.1,-4.8,21.8,-4.8,500,83,8,65,244,31,220,31
203,floridana,-100.43,42.87,f119694af,4,-0.00769546,0.00890312,-0.00994742,0.00282304,-0.00242266,0.00115734,0.00194963,0.00778499,0.011563,0.00128561,-0.0064688,-0.0168952,-0.0046881,-0.0131062,-0.00326245,-0.00475077,-0.00772775,-0.000385702,0.00673405,0.000243727,0.000475343,-0.00271079,-0.0108617,-0.001317,0.00465595,0.00121262,-0.0116224,0.000373551,0.00227184,9.76E-05,-0.00712207,0.00685486,0.00134696,0.008596,-0.00760885,0.00297181,-0.00444909,-0.00243695,0.0142624,0.000857669,0.00355783,-0.0164756,0.00188713,-0.00654301,0.00682922,-0.00503941,0.00346973,-0.000678252,0.00732427,0.00992744,0.0151534,-0.00523044,0.0110222,0.00526341,-0.0106681,-0.00607288,-0.000438895,-0.000875586,0.000766062,0.00172619,-0.00105149,-0.00465999,0.00109213,-0.00506488,0.00372863,-0.00371353,0.000775532,-0.00477857,0.00401179,0.000254316,0.000464125,0.020589,-0.0102144,0.00547339,-0.0126801,0.00265543,8.5,14.8,3.3,1029.5,31.3,-13.2,44.5,19.1,-4.8,21.8,-4.8,500,83,8,65,244,31,220,31
204,floridana,-100.43,42.87,f120835af,4,-0.0010369,0.00723861,-0.00975272,-0.000339967,-0.00699391,0.0035222,0.00258604,0.00451899,0.0181766,0.00371591,0.00526087,-0.00775991,0.00473036,-0.015708,-0.00114281,-8.41E-05,-0.0124885,0.00633336,0.0101395,0.00445022,0.00146574,0.00256447,-0.00712128,0.0036606,0.0058785,-0.000328494,-0.015297,0.00918311,0.00074803,-0.00186552,-0.00836643,-0.00020228,0.0066394,-0.00163164,-0.00613652,0.000970731,8.48E-05,-0.000846809,0.0098134,0.00560936,-0.00101421,-0.000841542,0.00268717,-0.0105362,0.0024886,-0.00553186,-0.00500393,0.000690005,0.00241395,0.0116609,0.0180651,-0.0251932,-0.00732002,0.0181783,0.00413356,0.0064974,-6.77E-05,0.000937398,0.000948139,0.0016537,-0.00679251,0.00552224,-0.00028037,-0.00408679,0.00323959,0.000372249,-0.0035495,0.0045734,0.000290327,0.0053932,0.00147536,0.00919986,-0.0140859,0.0143926,-0.0120169,0.00751158,8.5,14.8,3.3,1029.5,31.3,-13.2,44.5,19.1,-4.8,21.8,-4.8,500,83,8,65,244,31,220,31
205,floridana,-100.52,42.83,f78375am,4,0.00116808,0.00506216,-0.00841184,-0.00937283,0.00382521,0.00140051,0.0027727,-0.00365743,0.00753617,0.00200226,-0.00148365,-0.00418752,-0.0108858,-0.00308501,0.00129741,0.000847647,-0.00680822,-0.00661701,0.00208069,0.00221317,-0.00478392,-0.00533873,-0.014878,-0.0090231,0.000953063,-0.00337331,-0.0130718,-0.00459367,0.00161119,-0.000135785,-0.0118153,-0.00360307,-0.00346068,0.00335559,0.00534129,0.00541048,-0.000609904,0.000799728,0.0118785,0.000487354,-0.00652974,0.00273896,-0.0115097,-0.00588675,0.00628106,0.000898461,0.00759672,0.00139775,0.0124612,0.00560027,0.0124683,0.00571939,-0.0147783,0.00147249,-0.00693685,0.00274015,-0.000463212,-0.00166027,0.000219309,-0.00123455,-0.00418424,0.00169497,0.00116155,-0.00315449,0.00315723,-0.00602964,0.00315205,-0.00488104,-0.00051481,0.00713637,0.00141805,0.0130178,-0.00630276,0.00369182,-0.00671052,0.00155962,8.6,14.9,3.3,1028.7,31.3,-13.1,44.4,19.2,-4.7,21.9,-4.7,492,83,8,66,243,30,219,30
206,floridana,-100.47,42.87,f78377am,4,-0.00301869,0.0110438,-0.0122169,-0.00548321,0.00200872,0.00620715,0.00964102,-0.00536762,0.0144442,-0.00374416,0.0181131,0.00246026,-0.0122649,-0.00229658,-0.00119086,0.000799945,-0.00434829,-0.000918338,0.000308435,-0.000403418,-6.71E-05,0.00180152,-0.00989037,-0.00506844,0.000255388,-5.45E-05,-0.0214384,-0.00478179,0.00642412,0.00264994,-0.00414242,-0.000748812,-0.00117987,0.00258931,0.00125141,0.00067681,0.00985349,0.000710647,0.01754,-0.00894425,0.00824715,0.0157611,-0.0136243,-0.00754305,0.00166709,-0.00508341,0.0100007,-0.0180899,0.0109699,0.00245661,0.00475455,0.00106527,-0.0164195,0.0126646,-0.0067546,0.00768691,-0.000145056,-0.000402613,0.00010686,-0.000604071,-0.000131571,0.00676807,0.000412572,0.0022967,0.00508524,-0.00239391,0.00858836,0.00101038,-0.00344675,0.00370545,-0.00539811,-0.00551055,0.00627759,0.00457188,0.00893869,0.00345321,8.6,14.9,3.3,1032.6,31.4,-13.2,44.6,19.2,-4.8,21.9,-4.8,491,82,8,67,241,30,218,30
207,floridana,-100.43,42.87,f117323am,4,0.00112726,0.00807418,-0.0209813,0.00538673,0.00427053,0.00617913,0.0171757,0.00162283,0.028405,-0.00467131,0.0172959,-0.00524264,-0.0158081,0.00531084,0.00928538,0.00152596,-0.0101945,-0.00736851,-0.00239778,-0.00116267,-0.00800327,-0.00362747,0.000176784,-0.0020871,0.00424846,2.09E-05,-0.0149042,-0.00543172,-0.00194024,0.00199322,-0.00420468,-0.00137101,0.00100631,0.00258788,0.000971189,0.00742983,-0.000615427,0.000695977,0.0213538,0.00431421,0.00585107,0.0181063,-0.00285257,-0.0110393,0.0049936,0.01336,0.00557423,0.00272156,0.0131457,0.0103981,0.00748621,-0.00344085,-0.00309021,0.021501,0.00136477,-0.0182639,-1.74E-05,-0.00156529,-0.000847803,0.000706977,0.00078065,-0.00158845,-0.000325863,0.000522119,-0.00211906,0.00175196,0.003775,0.00177214,-0.00299817,0.00183518,0.000807305,0.00149937,0.00647465,-0.00804585,0.00414596,0.00278093,8.5,14.8,3.3,1029.5,31.3,-13.2,44.5,19.1,-4.8,21.8,-4.8,500,83,8,65,244,31,220,31
208,floridana,-100.43,42.87,f117326af,4,0.00101366,0.00259613,-0.00829338,-0.00124311,-0.00165116,0.0078386,0.0214146,0.000707357,0.0166908,-0.00207984,0.00932124,0.000109068,-0.00375933,-0.0118919,0.00290878,0.00209851,-0.0139476,0.00253771,0.00260856,-0.00272589,-0.00270666,0.00118609,-0.00809537,0.0005297,0.00236756,-0.00161311,-0.0121553,-0.00270559,0.00397991,-0.003093,-0.0109135,-0.00161959,0.000963046,0.00830002,0.000278681,0.00137737,0.000921639,0.000183871,0.00774859,0.00254113,-0.000587126,0.00384686,-0.00602323,-0.00885194,0.00514248,-0.00378677,0.00586408,-0.00498982,0.0133828,0.0120699,8.49E-05,-0.00381271,-0.00931834,0.00825081,-0.000243276,-0.00130265,9.37E-05,-0.00140872,0.000208911,0.00216635,-0.00272399,0.00131862,-0.000617841,0.000298037,0.0018519,-0.00258906,0.000989262,0.00268153,-0.00521802,0.00947271,0.00355972,0.00270382,-0.00772876,0.00903582,-0.00520339,0.00614838,8.5,14.8,3.3,1029.5,31.3,-13.2,44.5,19.1,-4.8,21.8,-4.8,500,83,8,65,244,31,220,31
209,floridana,-99.59,42.73,f117335af,4,-0.00659895,0.00965116,0.00372173,0.00341775,0.00465722,0.0112414,0.00670546,0.00151383,0.0023901,0.00691392,0.0133386,-0.00483364,0.004644,0.000519964,0.00472469,-0.00095972,-0.00599194,-0.00713898,-0.00205693,0.00124662,-0.0120573,0.00212183,-0.00550703,0.0023358,0.0053706,-0.00306682,-0.00966464,-0.00308076,0.00607172,0.0033014,-0.0177337,-0.00442076,-0.00523855,0.00828968,1.21E-05,0.00328951,-0.00365381,-0.00596317,0.0182194,0.00119576,0.00160001,0.00950637,-0.002028,-0.010459,0.0104811,0.0162721,0.00211176,0.00433764,-0.00263249,0.00790688,0.00707658,-0.00312936,0.000336445,0.0204451,0.013412,-0.0135647,6.73E-05,-0.000490747,-3.66E-05,0.00116529,-0.00690206,0.00232849,-7.22E-05,-0.00162995,0.00144553,-0.00331633,0.00182127,0.000637659,-0.00555908,0.00636862,0.00452156,-0.000320235,-0.00329805,0.0063057,-0.00023163,0.000824028,9.2,14.1,3.1,1060.1,31.8,-12.7,44.5,20.1,-4.8,22.7,-4.8,567,90,10,59,261,39,234,39
210,floridana,-100.43,42.87,f117748af,4,-0.00372046,0.00874868,-0.00548489,0.00560458,0.00632861,0.00168799,-0.00303527,-0.00160482,0.0194068,-0.0118071,-0.00458586,-0.00227423,-0.0106827,-0.00444007,0.00789055,-0.000686166,-0.00978326,-0.00285583,-0.00188045,-0.00363943,0.00231601,-0.00259024,-0.00582496,-0.00218463,0.00630604,-0.00454194,-0.0121051,-0.00274215,0.00911235,-0.00248153,-0.00533174,-0.00312986,-0.00313027,0.00628578,-0.00970975,0.00860895,0.000617093,-0.00250534,0.0118047,0.00676496,0.00125499,-0.00360755,-0.00355686,-0.00957359,0.00339075,-0.0173547,0.0119792,-0.018256,0.00260208,0.00542331,-0.00243159,-0.0157495,0.0219207,0.0145497,0.00913816,0.0107854,9.48E-05,0.00076034,0.000787901,0.00342427,-0.0016991,-0.00531736,0.000284735,-0.00331641,0.00175288,-0.00533324,0.000228757,0.00089092,-0.0021223,0.00348784,0.00565098,0.00790039,-0.00981646,0.00747436,-0.00984884,-0.000188915,8.5,14.8,3.3,1029.5,31.3,-13.2,44.5,19.1,-4.8,21.8,-4.8,500,83,8,65,244,31,220,31
211,floridana,-100.43,42.87,f117749am,4,-0.00564406,0.00992732,0.00616722,-0.00623507,0.00385014,0.00410284,0.00691588,-0.00176837,0.0143737,-0.00384886,0.00210241,0.00333144,-0.00470366,-0.00557799,0.00334809,-0.00148097,-0.0069849,-0.0027539,0.00205753,0.000436787,-0.00384453,-0.00118418,-0.00137344,-0.00389156,0.00527173,-0.00387482,-0.0106101,-0.000248313,0.00274952,-0.00128028,-0.00662559,-0.0044249,0.00213603,0.00063648,-0.00533135,0.00275354,-0.00105445,0.00306143,0.0175671,-0.000984222,-8.90E-05,0.001035,-0.00354649,-0.012808,0.00406524,0.00608384,0.00731222,0.0061969,0.0131859,0.00868596,0.00766491,-0.00455174,-0.0077945,0.0131932,0.0151713,-0.0216269,-5.30E-05,-0.00163147,0.000839592,0.000169866,-0.000612729,0.00554241,-0.000933353,-0.00237589,0.00536459,0.000487319,0.00304233,-0.00232841,-0.00426846,0.00363231,-0.00107838,0.00443209,-0.00460005,0.00833002,-0.00260028,0.000249934,8.5,14.8,3.3,1029.5,31.3,-13.2,44.5,19.1,-4.8,21.8,-4.8,500,83,8,65,244,31,220,31
212,floridana,-80.29,25.28,f147851af,4,0.00115513,0.00577766,-0.0178209,-0.00104688,0.0168657,-0.0034048,-0.00510843,0.00433301,0.00251226,-0.00205458,-0.0120001,-0.00258764,-0.024123,-0.0121263,-0.0103505,-0.00372295,1.64E-05,0.00464913,0.00997102,0.00103849,0.00726075,0.00260596,-0.00864482,-0.000684449,-0.000561509,0.000483619,-0.00241809,0.00293635,0.00310597,-0.000533543,-0.00201567,0.000570465,-0.0146743,-0.00124192,-0.0146629,0.00177298,-0.00409631,0.00126457,-0.0065776,-0.00234571,-0.00233554,-0.0162012,0.0123841,-0.00311453,0.00617255,0.00658977,-0.00485763,0.0349974,-0.00564409,0.0105119,0.0164166,-0.0240477,0.000979771,0.0109219,0.0279315,0.0210619,-0.000124765,0.00106742,0.000222892,0.000210494,-0.00716791,0.00246917,0.00201366,0.00130283,0.000284891,-0.000689251,-0.00711611,0.00465356,0.0102858,-0.0039039,-0.0016629,0.0125107,-0.0138807,0.012487,-0.0127664,0.002434,24.3,7.8,4.7,302.4,31.8,15.5,16.3,26.8,20.1,27.8,20.1,1343,239,38,59,521,142,460,142
213,floridana,-80.29,25.28,f147854am,4,-0.0128434,0.0064198,-0.00561713,-0.000368723,-0.00576313,0.00964756,0.0112268,-0.00487879,0.00433226,-0.00608929,0.0167175,-0.00665603,-0.0169318,-0.0113404,-0.011726,-0.0026046,0.00626113,0.0010371,0.0018024,0.00115251,0.000575197,-0.000904788,-0.00944434,-0.0027302,-0.00396061,-0.0033931,-0.0082082,-0.000116551,0.000349878,0.00034506,-0.00770794,0.00729134,-0.00803443,-0.00735978,0.0116285,0.00503557,-0.00793561,-0.00170232,0.00903401,0.00597381,-0.0113655,0.00159094,0.0016424,0.00128108,0.00417485,0.00561996,0.0181409,0.000419452,-0.0124682,0.00206353,-0.0103934,-0.0376942,-0.00382273,0.0197587,0.0150722,0.0154636,-0.000282624,0.000451654,0.000695519,-0.000587511,0.00384936,0.00277256,0.00153016,-0.00322076,0.00607078,0.00360869,0.0123746,-0.00582138,0.0052827,-0.00276101,-0.0109045,-0.00887057,0.0139392,-0.00200234,-0.00476889,0.00739419,24.3,7.8,4.7,302.4,31.8,15.5,16.3,26.8,20.1,27.8,20.1,1343,239,38,59,521,142,460,142
214,floridana,-80.29,25.28,f147856af,4,0.00423709,0.00139929,0.00169476,-0.00615762,0.00453096,0.0110436,-0.00328701,-0.00326623,-0.00390579,-0.00181925,-0.0213519,0.00691935,-0.0229605,-0.0119321,-0.00878902,-0.00266084,-0.00275552,0.00460158,0.00622836,0.000775985,0.00289797,0.00164064,-0.00716925,-0.00206096,0.00193409,-0.00322395,-0.0169644,0.0017789,-0.00363893,-0.002709,-0.00404192,0.00158585,-0.00801248,-0.00168426,-0.00531972,-0.00319955,-0.0105533,-0.00399454,0.00636266,-0.000338542,-0.00903612,-0.0106802,0.00780209,-0.00328026,0.0145627,0.00852088,0.00232684,0.0276547,-0.00549586,0.00117648,0.0249709,-0.010987,-0.0155797,0.00652053,0.0215907,0.0162712,-0.000347081,0.00118492,0.000696319,0.00175489,-8.60E-05,0.00224501,0.00246774,-0.00260233,0.00308338,-0.00156175,0.000476551,-0.000309604,0.00932178,-0.000160558,-0.00132626,0.020034,-0.0112881,0.00693906,-0.0204059,-0.00459083,24.3,7.8,4.7,302.4,31.8,15.5,16.3,26.8,20.1,27.8,20.1,1343,239,38,59,521,142,460,142
215,floridana,-80.29,25.28,f147858am,4,0.00373759,0.00520567,-0.0123868,0.000458003,-0.00278519,0.0119122,0.0010752,0.0018998,0.011455,0.00478598,-0.0100544,-0.00371568,-0.00829696,-0.00671442,-0.00805862,-0.00247245,0.00237258,-0.00293119,0.00438857,0.0016064,0.00617744,-8.47E-05,-0.00254967,-0.0054744,-0.00525127,-0.00115385,-0.00440051,-0.00343108,-0.000624043,0.00307811,-0.00987699,0.000909303,-0.0122469,0.000102626,-0.000248601,0.00668947,-0.00485434,-0.00190817,0.0134626,0.00451294,0.00224132,-0.00546711,0.00307745,-0.0056157,-0.00257508,0.033478,-0.0121695,0.0480591,-0.0149146,0.00358387,0.0102387,-0.0189328,-0.0121914,0.0441959,0.0325773,0.0132507,-6.85E-05,0.000268065,-0.000110323,0.0014274,-0.00104084,0.0056663,0.00105407,-0.000746962,-0.000823485,0.00139303,-0.000260532,0.00250149,0.00925021,0.000768884,-0.00776248,-0.0013705,0.00511236,0.000416274,0.000957359,0.00886628,24.3,7.8,4.7,302.4,31.8,15.5,16.3,26.8,20.1,27.8,20.1,1343,239,38,59,521,142,460,142
216,floridana,-80.29,25.28,f147859af,4,-0.00443484,0.00500114,-0.00376124,0.00487355,0.00621991,-0.00582671,-0.00207646,0.00809947,0.0127176,-0.00923866,-0.00115865,-0.00447499,-0.0227095,-0.0126454,-0.00675673,-0.000229241,-0.00569166,0.00397814,0.00466413,-0.0014613,-0.000388189,0.00153289,-0.00375451,-0.00141962,0.000612518,0.00309322,-0.0122954,-0.00064628,0.0108324,-0.00299311,-0.0127799,0.00128259,-0.00718818,0.00257411,-0.0113283,0.000708444,-0.0102684,-0.0011452,0.00918923,0.00384461,-0.00425813,-0.0142,0.00159129,-0.00169971,-0.00166008,0.0066463,-0.00351531,0.0227959,-0.000160027,0.00846987,0.00753585,-0.0144757,-0.0139745,0.0167453,0.00373349,0.0122162,-0.000200008,0.00121233,0.000737479,0.00162262,-0.00273071,0.00193713,0.002474,-0.000950854,0.00445332,-0.00206619,0.00279306,0.00211299,0.00674576,-0.00343067,-0.00280276,0.0165359,-0.0104106,0.00672536,-0.0195981,0.00213077,24.3,7.8,4.7,302.4,31.8,15.5,16.3,26.8,20.1,27.8,20.1,1343,239,38,59,521,142,460,142
217,floridana,-80.29,25.28,f147860am,4,0.00478576,0.00333731,-0.0220847,-0.00434543,0.0133743,0.00153728,-0.00178734,0.0028802,-0.00114886,-0.00208493,-0.0225522,0.00113142,-0.0206596,-0.00179713,-0.0091053,-0.00341674,0.00482702,0.00385204,0.00368076,0.00167017,0.00890758,0.00191759,-0.0115733,-0.00342095,6.63E-06,0.000928499,-0.00597499,0.00240686,0.000306048,-0.00323228,-0.00597365,-0.00210943,-0.0109092,0.000816427,-0.0112324,-0.00253828,-0.0202546,0.00332588,0.00907866,0.0041784,-0.0177951,-0.00984593,0.008695,-0.00789557,0.0121584,0.0184678,0.00261355,0.0371385,0.00621726,0.0127347,0.0219542,-0.0183878,-0.0115757,0.0189528,0.0232355,-0.00196685,0.000239071,0.00206354,0.000463234,0.0046256,-0.00925998,0.00127535,0.00166542,-0.0029539,0.000157546,-0.0050295,-0.00304767,0.0010608,0.0079056,0.00177739,-0.00121257,0.00753589,-0.00773631,0.00614767,-0.0123545,0.00644417,24.3,7.8,4.7,302.4,31.8,15.5,16.3,26.8,20.1,27.8,20.1,1343,239,38,59,521,142,460,142
218,floridana,-80.29,25.28,f147862af,4,-0.00624179,0.00549621,-0.0143977,-0.00283362,0.00805239,-0.00688034,-0.0124223,0.0130705,0.00173692,-0.00406689,-0.0152155,-0.00416106,-0.0150552,-0.006103,-0.00427362,0.00123997,-0.00373914,0.00230738,0.00390936,-0.00017115,0.00592545,-0.0035704,-0.00409397,-0.00459643,-0.0018908,-0.00455035,0.00236619,0.00539995,-0.000128239,-0.00524349,-0.00539317,0.00213358,-0.0132455,-0.00202193,-0.0170401,0.000748846,-0.0129742,0.000371487,0.0150156,-0.00851215,-0.000750834,-0.0120911,0.0281919,-0.00773458,0.00137531,0.0196665,-0.00847935,0.039671,-0.00741306,0.0126051,0.0314242,-0.0236809,0.00918518,0.0172904,0.016473,0.0242579,2.34E-05,0.00144699,0.000606326,0.00243436,-0.00801974,0.00605811,0.00112938,0.000330477,0.00383446,0.00104184,-0.00134311,0.0054059,0.00289758,0.000348986,-0.000520288,0.00326632,-0.0125395,0.0165818,-0.0175104,0.00214055,24.3,7.8,4.7,302.4,31.8,15.5,16.3,26.8,20.1,27.8,20.1,1343,239,38,59,521,142,460,142
219,floridana,-80.46,25.07,f147863af,4,0.00574524,0.00334381,-0.0142105,-0.00116149,0.00381768,-0.00593914,0.00531409,0.00519431,0.00783054,-0.00364527,-0.00358254,-0.00393682,-0.0102039,-0.00441211,-0.0135842,-0.00125138,0.0054406,-0.000322235,0.00658261,0.00148901,0.000732685,-0.00555872,-0.00441046,-0.00494863,0.00279202,-0.00162122,-0.00779943,-0.00785312,0.00942607,-0.00268135,-0.0100029,-0.00148518,-0.0150749,0.00760569,-0.00554772,0.00166211,-0.0075477,0.000144452,0.00463113,0.00179173,-0.0116658,-0.0151706,0.0027635,-0.00431138,0.017759,0.00252535,-0.00422811,0.00926728,0.00523608,0.00283299,0.0341796,-0.00793695,-0.00166749,-0.00441941,0.0236071,-0.00274136,-5.62E-05,0.00194857,0.000200645,0.0011456,-0.0028822,0.000767935,0.00179474,0.00132829,-0.00196244,-0.00273319,-0.00727394,0.00331148,0.0103999,-0.00113338,0.000291927,0.0141578,-0.0120067,0.00788196,-0.00865308,0.00418466,24.6,7.9,4.8,300.3,32.2,15.8,16.4,27.3,20.4,28.1,20.4,1207,211,42,55,457,142,411,142
220,floridana,-80.46,25.07,f147864af,4,-0.00301976,0.00836086,-0.0120702,-0.000111624,0.00677156,0.00326135,0.00103636,-0.00170781,0.00936972,0.00128592,0.0108368,-0.00522449,-0.0113446,-0.00970875,-0.00483248,-0.00296201,0.00815175,0.00448411,-0.000278142,-0.00155057,-0.00221105,-0.00143208,-0.00143061,0.000422096,0.00254947,-0.00233846,-0.00145235,0.000225247,-0.00187299,-0.00238015,-0.0112497,0.00200723,-0.016128,-0.00335879,-0.006643,0.00416258,-0.00769543,0.00315852,0.0125829,-0.00216048,0.00463375,-0.000308054,0.00494329,-0.00129612,0.0065659,0.0164124,-0.00279054,0.0276437,-0.00639082,0.00900614,-0.00130417,-0.023011,-0.00789913,0.0132055,-0.00292385,0.0140729,-0.000173856,-0.00120391,-0.000349695,-0.000107565,-0.00368276,0.00702699,0.00134967,-0.00118574,-0.000101931,0.000119383,0.000305578,-0.00668818,0.00689308,0.00109729,-0.00375094,-0.00601837,0.0037102,0.00072757,-0.00451948,0.00376809,24.6,7.9,4.8,300.3,32.2,15.8,16.4,27.3,20.4,28.1,20.4,1207,211,42,55,457,142,411,142
221,floridana,-80.29,25.28,f147866am,4,-0.00936055,0.00539753,0.000306133,0.000649833,0.0198379,0.00291513,-0.009227,0.00429459,-0.00317838,0.00307786,-0.0143656,-0.00473841,-0.0120465,-0.013875,-0.0112848,-0.00149239,0.0082297,0.0034009,0.00579834,0.00266951,0.00532116,-0.00151608,-0.00646611,-0.00455598,0.0006111,-0.00405917,0.000592453,0.00495085,-0.00397281,-0.0057698,-0.01221,0.00484669,-0.00986534,-0.0025455,-0.0202105,-0.00116401,-0.0154749,-0.000431548,0.00614894,0.00285874,-0.000199639,-0.00787324,0.0109316,-0.00595885,0.00773122,0.0216046,-0.00184161,0.0402596,-0.00196159,0.02041,0.0222021,-0.00484729,0.00237522,0.019671,0.0131066,0.00642872,-0.00014224,0.00151483,0.000262003,7.14E-05,-0.00520566,0.0038029,0.00211968,0.00225818,0.00100233,-0.00721609,-0.00429542,-0.00640346,0.00988055,0.00144885,-0.00394396,0.0121284,-0.0093545,0.00660929,-0.006659,0.000162903,24.3,7.8,4.7,302.4,31.8,15.5,16.3,26.8,20.1,27.8,20.1,1343,239,38,59,521,142,460,142
222,floridana,-80.29,25.28,f147868am,4,0.00680424,0.0123882,-0.014236,-0.00644129,0.0154554,0.00218279,0.000946485,-0.00160136,0.00684124,-0.00346602,-0.00606245,-0.00198661,-0.0155261,-0.0146679,-0.00778473,0.0016885,0.0032982,-0.00333535,0.00418857,0.00226513,0.00373581,-0.00402237,-0.00236874,-0.00679825,0.000182733,-0.00168138,-0.0085398,-0.000155094,0.00220754,0.00218776,-0.000779311,0.00145906,-0.00842146,-0.00679935,-0.00508334,0.00433022,-0.00464665,-0.000458004,0.00658554,-0.00763404,-0.00170187,-0.0107065,-0.000752644,-0.00363197,0.00242847,-0.00504228,-0.00262064,-0.00310186,-0.000321163,0.00674734,0.00534372,-0.0246928,-0.0106042,0.0158388,0.0125333,0.0175717,-0.000116146,0.00144604,0.000726282,7.66E-05,0.00127426,0.00397834,0.000973702,-0.000783019,0.00480175,0.000753816,0.00567681,-0.00334697,0.00312269,-0.000121694,-0.00577619,-0.000537202,0.00181393,0.00647488,-0.00461756,0.00118372,24.3,7.8,4.7,302.4,31.8,15.5,16.3,26.8,20.1,27.8,20.1,1343,239,38,59,521,142,460,142
223,floridana,-80.29,25.28,f147869af,4,-0.00523329,0.00831702,-0.00705034,0.00232881,0.0124818,0.00274551,0.00449443,-0.00261458,0.00696211,-0.00112163,-0.00560802,0.000441198,-0.00706589,-0.0122448,-0.00817712,-0.00513266,0.00183942,-0.00226931,-0.000502318,0.00571173,0.0017167,-0.00443547,-0.00915422,-0.00350323,-0.00351515,-0.00439025,-0.00388337,0.000917558,-0.000195639,0.00252297,-0.00839812,-0.000293345,-0.00927024,-0.000287558,-0.0121925,0.00721926,-0.020575,-0.000541115,0.00148883,0.00699138,-0.00539818,-0.0172648,0.0078191,-0.00359215,0.013024,0.00904896,-0.0140043,0.027816,0.00339839,0.0144387,0.0151384,-0.012055,-0.0144671,0.0183403,-0.00334808,0.00463303,-0.000197369,0.000611747,0.000315256,0.000275081,-0.00344082,0.00389958,0.00132951,-0.00175766,0.000362551,-0.00245598,-0.00328665,0.00105629,0.00430451,0.00354353,0.0021066,0.00678387,-0.0106535,0.00802681,-0.0138628,-0.0018219,24.3,7.8,4.7,302.4,31.8,15.5,16.3,26.8,20.1,27.8,20.1,1343,239,38,59,521,142,460,142
224,floridana,-80.29,25.28,f147870am,4,-0.00183013,0.00572018,-0.0193376,0.000895285,0.0055737,-0.004577,0.00657141,0.00809078,0.0134669,0.00351487,0.00579193,-0.00665385,-0.0218766,-0.00330307,-0.0106719,-0.00216728,0.00449232,0.000726113,0.00503425,0.000367894,-0.000232473,-0.00197968,-0.00241262,-0.00162412,-0.00125756,-0.00356034,-0.00359217,0.00209091,0.00135391,0.000214582,-0.00720239,0.00563146,-0.0160923,-0.00357627,0.00692313,0.00589186,-0.00792751,-0.00149355,0.0032465,0.00216892,-0.00236254,-0.00793564,0.000899678,-0.00480244,0.00128975,0.0209275,-0.00514974,0.0237698,-0.00610243,-0.00138943,0.00976001,-0.0273262,0.00494121,0.0313378,0.0080524,0.00279489,-0.00044058,0.00156145,0.000803117,-0.000363205,0.00715019,-0.00130597,0.00313177,-0.00267708,0.00404798,-0.00217149,0.00886351,-0.00173314,0.0108544,-0.00373355,-0.010798,0.00142101,0.00728324,-0.00185224,-0.00764797,0.00629848,24.3,7.8,4.7,302.4,31.8,15.5,16.3,26.8,20.1,27.8,20.1,1343,239,38,59,521,142,460,142
225,floridana,-80.29,25.28,f147872af,4,-0.0115571,0.0137973,0.000760834,-0.00758002,-0.00189457,0.00747218,0.00471175,-0.00231326,-0.000794872,0.00946886,-0.00981009,-0.0101135,-0.0250178,-0.0283174,-0.0114043,-0.00147151,-0.000595474,0.00355562,0.00676645,-0.00309561,0.0049923,0.00267187,-0.00863429,0.00068486,-0.000491177,-0.00540891,-0.00618771,-0.00448263,0.002677,0.00233012,-0.00894333,0.000811765,-0.0105562,0.000827104,-0.0055087,0.00480927,-0.00522481,0.00022156,0.00883034,0.00273959,-0.00323542,-0.00805371,0.0145222,-0.0108362,0.0114272,0.00976887,-0.00245078,0.0159942,0.00382403,0.0113302,0.0235832,-0.0147128,-0.012276,0.0142991,-0.00244305,0.0171486,-0.000259961,4.70E-06,-4.90E-05,0.000461808,-0.0051015,0.00532565,0.00244965,-0.000469269,0.00121272,-0.00012231,0.000183806,0.00420024,0.00552409,-0.00744547,0.000164916,0.00415028,-0.00597004,0.00521509,-0.0118102,-0.00176491,24.3,7.8,4.7,302.4,31.8,15.5,16.3,26.8,20.1,27.8,20.1,1343,239,38,59,521,142,460,142
226,floridana,-80.29,25.28,f147873af,4,0.0150499,0.00564999,-0.0263746,0.00907158,0.0100281,0.00145821,-0.00303704,0.00492357,0.0103151,-0.00863481,-0.00960969,-0.00160206,-0.0115029,0.000870107,-0.0108486,-0.00134337,0.00209513,-0.0014119,0.00660675,0.00301385,0.00771032,7.63E-05,-0.00696767,-0.00186921,-0.003545,-0.00330019,-0.0039574,-0.00177606,0.00459032,-0.00109077,-0.010759,0.00249713,-0.00683208,-0.00158241,-0.00722922,0.00591927,-0.0107632,0.00409949,0.0108804,0.00345441,-0.00418396,-0.0115331,0.0129941,-0.00979315,0.0139157,0.0250337,0.00583278,0.0458421,-0.0104733,0.0118132,0.00617473,-0.0153364,-0.00401167,0.0278251,0.000449837,0.0252089,-6.75E-05,0.00154438,0.00018367,0.00174009,-0.00292263,0.00533043,0.00256802,0.000610381,0.00113339,-0.00443471,0.0022172,0.00412769,0.00752363,-8.91E-05,-0.00381403,0.0117588,-0.00545726,0.00033567,-0.0138389,0.00569486,24.3,7.8,4.7,302.4,31.8,15.5,16.3,26.8,20.1,27.8,20.1,1343,239,38,59,521,142,460,142
227,floridana,-89.33,30.305,f31092am,4,0.00245478,0.00350781,-0.00656815,0.00271991,0.00453256,0.00602462,-0.0058016,0.00496848,-0.0137424,0.0149667,-0.00830172,-0.0106109,-0.00417754,-0.0177082,-0.0082017,-0.00110725,-0.00134431,-0.00183469,0.00560669,-0.00102798,0.00176407,-5.63E-05,-0.00619686,-0.00274782,0.00604032,0.00103715,-0.0130378,-0.00589169,-0.00653542,0.00989292,-0.00508011,0.00261746,0.00077285,0.00233894,-0.000960574,0.00335795,-0.0136229,-0.0036151,0.0113666,-0.00317506,0.0100159,-0.0107775,0.000458189,-0.000775985,0.0110689,-0.00495384,0.00541953,0.00695133,0.00143794,0.000273144,-0.00450476,0.0072019,-0.0116706,0.00418256,0.00242013,0.00125216,0.000132312,0.00359038,-0.000271233,0.00208422,-0.00205861,0.000308551,0.000794665,-0.00143336,-0.00187665,0.000839664,0.00328929,0.00322257,0.000716717,0.00373362,0.00327253,0.0110767,-0.00031781,-0.0034527,-0.00957515,-0.0051903,19.4,10.7,3.9,612.6,32.3,5,27.3,26.5,15.6,26.8,11.3,1573,160,73,17,467,313,441,412
228,floridana,-89.33,30.305,f31093af,4,0.00291841,0.000913776,0.00107434,-0.00124597,0.00249247,0.00313009,0.000913898,-0.00379601,-0.00281605,0.000505402,-0.00433757,0.00766159,0.0106628,-0.0103251,-0.00847299,-0.000172252,0.0012026,0.00293179,0.00665165,0.000233144,-0.00280681,0.00127983,-0.0086239,-0.000330698,0.00402298,7.30E-05,-0.00231296,0.000129537,-0.00307106,0.00348241,-0.00244174,0.00165387,0.00154213,-0.00309516,-0.00814559,-0.000676426,-0.00450649,0.0022864,0.00446941,0.0047405,0.00701935,-0.0053775,-0.0110577,0.00525956,0.00267878,-0.0176266,0.00415405,0.00245889,-0.00730414,-0.009837,-0.00213775,0.0163195,-0.00210312,-0.00492861,-0.0160248,0.0207974,-0.000171567,-0.000678064,-0.00119478,-0.000947916,-0.00228563,0.000579105,0.000904347,0.00299739,-0.0041652,-0.00046117,-0.0014393,0.00658811,-0.000716039,0.00143695,0.00428065,0.00113804,-0.00184713,-0.0028356,-0.00408894,-0.00385911,19.4,10.7,3.9,612.6,32.3,5,27.3,26.5,15.6,26.8,11.3,1573,160,73,17,467,313,441,412
229,floridana,-89.512,30.38,f35310af,4,-0.00701481,-5.86E-05,0.00227564,-0.00553546,0.00171201,-0.00472676,-0.00368779,-0.00383211,0.00596317,-0.00130503,0.000951726,-0.00463637,-0.00252246,-0.0127136,-0.0145897,-0.00153616,0.00384507,0.00344441,0.00782415,-0.00151353,-0.00553157,0.00123198,-0.0061852,-0.00286557,0.00204808,0.00195237,-0.00106449,0.00188488,0.00895966,0.00511699,-0.0048861,0.00432203,-0.00349225,-0.00309244,-0.0169655,0.00392184,-0.00572141,0.00148663,-0.00205193,0.00769932,0.0140039,-0.0139974,-0.00895305,-0.00242274,0.00687185,-0.0274384,-0.00551282,-0.013239,-0.000822289,-0.00323981,0.0142936,0.0180814,-0.0214496,-0.0122392,-0.00393379,0.0320932,0.000424373,0.00267291,-0.000593369,0.00360054,-0.00398865,0.000130237,0.000624622,-0.00102014,-0.00569122,-0.000677547,-0.00152357,0.00873252,-0.00433014,-0.0066918,0.0114171,0.0107609,-0.00622123,-0.0149354,-0.0125265,-0.00911294,19.3,11.5,4,616.2,32.6,4.4,28.2,26.4,15.5,26.8,11.1,1564,159,72,17,453,319,433,417
230,floridana,-89.512,30.38,f35311af,4,0.00411451,0.0017455,-0.00805964,0.0110425,0.0139569,-0.00746266,-0.00184681,0.0133739,-0.00923076,0.0104712,0.00553599,-0.0148839,-0.00672565,-0.00734321,-0.0265325,-0.00347378,0.00375704,-8.50E-06,0.0156986,-0.000711479,-0.000570482,0.00438936,-0.00363104,-0.00770854,-0.00330581,-0.000860416,-0.00886593,-0.00367048,-0.000379294,0.000520294,-0.00431131,-0.00376899,0.00190597,0.00321934,-0.0104267,0.00045183,-0.0164903,-0.00107645,0.0109342,-0.00148336,0.00776755,-0.0103848,-0.00712108,-0.00616341,-0.000557548,-0.0058952,0.00575774,-0.00424877,0.0136615,0.00494945,0.0022228,0.00431357,-0.00676844,0.00209268,-0.010121,-0.005894,-0.000237098,-0.00022971,-0.000705837,-0.00106724,0.00140089,-0.000354468,0.000765189,0.00136565,-0.00664032,-0.000305247,-0.00933949,0.00464683,0.0107245,0.000284799,-0.00147503,0.0119481,-0.00524104,-0.00389091,-0.00390908,0.00141351,19.3,11.5,4,616.2,32.6,4.4,28.2,26.4,15.5,26.8,11.1,1564,159,72,17,453,319,433,417
231,floridana,-81.433,31.735,f45073am,4,-0.00551739,-0.00117143,-0.0129888,-0.000508369,0.00761993,0.00841805,0.00877332,-0.0100771,0.0163803,-4.55E-05,0.00525942,0.00686497,0.00993218,-0.00251171,-0.0240988,-0.00716565,0.014044,0.00170169,0.00900642,0.0056041,0.00533346,0.000275126,-0.00638232,-0.00422821,-0.000684523,-0.00189783,-0.0036588,-0.00306462,0.00959445,-0.000911368,-0.0125095,-0.00588323,-0.00470773,-0.00117315,-0.00639806,0.00701955,-0.0034988,0.000673883,-0.000457001,-0.00957087,0.00472594,-0.00214899,-0.0043165,-0.0035766,0.0136735,0.00936146,0.00259914,0.0229697,-0.00500094,0.00562305,-0.0114155,-0.00292541,0.0112924,0.00960406,0.0128743,-0.00445943,5.00E-06,0.00111871,5.16E-05,0.00368791,-0.00134954,-0.00195463,0.000935933,-0.00316831,-0.00371645,0.00159058,-0.00743768,2.77E-05,0.011511,-0.00948008,-0.00053852,0.00824057,-0.00273476,0.000162031,-0.00385853,-0.00950079,19.1,11.5,3.9,626.4,32.8,3.9,28.9,26.5,15.3,26.8,10.8,1262,170,56,34,473,202,466,259
232,floridana,-81.433,31.73,f45076am,4,0.00131704,-0.01118,-0.00307466,-0.00565191,-0.00551076,-0.00740737,-0.0131432,0.00520344,-0.0026415,-0.0115592,-0.0192051,0.0126287,0.00458185,0.00534778,-0.0157673,-0.000887154,0.000123693,-0.000729986,0.0127426,0.00191559,0.00990556,0.000486636,0.000912267,-0.00481462,-0.0017188,-0.00125168,-0.00710862,-0.00587222,-0.00856227,3.24E-05,0.00737785,-0.000729887,0.00338576,0.00503631,-0.00818092,0.00235828,-0.00824145,-0.00361977,-8.04E-06,-0.00338587,0.00332175,-0.0121903,0.00351327,-0.00712994,-0.00684929,0.0112882,0.00273579,0.0118227,-3.09E-05,-9.67E-05,0.0156231,-0.0194496,-0.0197604,0.0020693,0.01875,-0.0264958,0.000545838,0.000980872,0.000452581,0.00678598,-0.00346458,-0.00539675,-0.00020315,0.00159756,-0.00596865,0.00108089,-0.0180624,0.0123728,0.0164114,-0.00787154,-0.00329308,0.0163119,-0.0146149,0.00871293,-0.00281605,0.00306621,19.1,11.5,3.9,626.4,32.8,3.9,28.9,26.5,15.3,26.8,10.8,1262,170,56,34,473,202,466,259
233,floridana,-90.71953,29.595,f45882af,4,0.0139635,-0.00224236,0.00648183,-0.01099,0.0116746,-0.00759782,-0.0046108,-0.000262357,-0.0200159,-0.00468374,-0.0297705,0.00613302,0.0217538,-0.00462699,-0.0125613,-0.0016732,0.00594997,0.00400928,0.00837026,0.00200805,0.00266484,-0.00249608,0.0038785,-0.00587682,-0.0024916,-0.00573713,-0.00593863,0.00128069,-0.00270922,-0.00444617,0.00587826,-0.00315117,0.00628289,-0.000681632,-0.0196531,0.0044496,0.00442006,-0.00417225,-0.00154248,-0.00542118,0.00323197,-0.0126639,-0.0195172,-0.00117823,-0.00176804,-0.00242773,0.0159083,-0.0242498,-0.0128348,-0.0137432,-0.010525,0.0237186,0.024715,-0.00615357,-0.0262881,0.00138244,5.33E-06,0.00160768,0.000262961,0.00311224,-0.00413888,0.000487783,0.000718179,0.00493744,0.00143954,-0.00205713,-0.00359303,0.00689771,0.00197705,-0.00820138,0.000450128,0.00599928,-0.0115475,0.00972523,-0.00642671,-0.00170796,20.2,10.8,4.1,566.6,32.6,6.3,26.3,26.7,16.6,27.1,12.7,1629,203,86,23,538,315,531,381
234,floridana,-90.943,33.3001,f46125am,4,0.00266548,0.000469807,-8.77E-05,-0.0037367,0.00985641,-0.00157594,0.0129495,-0.000713503,0.000527966,-0.0014901,-0.00220011,6.17E-05,0.00415688,-0.00961987,-0.00558513,-0.000584735,0.00355404,0.00388188,0.00450925,-0.00337559,-0.00481378,-0.000420063,-0.000268011,-0.00257395,0.00369677,0.00234689,-0.00866865,-0.00320832,-0.00366783,0.000594132,0.00500686,0.00139095,0.00874868,0.00034213,-0.00796683,0.00285048,-0.00327542,-0.00130541,0.0123433,-0.0022696,0.0130479,-0.00243807,-0.00295926,-0.00369955,0.00180366,0.0172014,0.00859562,0.0142938,-0.00761296,0.00189507,0.0110066,0.000642321,0.00848584,0.00964244,0.0150049,0.0158519,-1.20E-06,-0.0014101,-0.000293181,0.00125088,-0.00420272,0.00290782,0.000394578,-0.000720202,0.00220191,0.00269017,0.00531826,0.00175173,-0.00207719,-0.00515456,-0.000684487,-0.00202548,0.00423217,-0.00115675,0.000253389,0.00188871,17.4,11.9,3.6,768.4,33.4,0.4,33,17.5,22.8,26.9,7,1342,140,67,22,398,226,271,383
235,floridana,-90.719,29.59,f46146am,4,0.0164293,7.68E-05,-0.0297281,0.0030793,0.00227225,0.00814626,0.0090528,0.00330761,0.0213488,-0.00993979,-0.00585688,-0.000428916,-0.0154349,-0.0161954,-0.0129978,-0.000984746,-0.00198167,0.00420166,0.0111109,-0.000170216,-0.00126528,0.00018432,-0.00572334,-0.00390329,0.00242191,0.00159848,-0.0164499,0.00266033,0.00786121,0.00036563,-0.00515955,0.0041379,0.00180397,-0.00241961,-0.00467759,-0.00520841,-0.000387752,0.00111877,0.0116358,0.00708473,-0.00176995,-0.0167523,0.000123948,-0.00140891,-0.000751108,0.00521835,0.00102603,0.00971424,0.000697495,0.00468802,-0.0172347,-0.00543177,0.0161694,0.0160284,0.00781293,0.0152394,0.000490356,0.00203721,8.51E-05,0.00382086,-0.00208592,0.00133686,-0.00162895,-0.00296701,-0.00736974,0.00320867,-0.0069453,0.0221056,-0.010643,0.0029833,0.0183674,-0.00144539,-0.00834205,0.000606308,0.000366397,-0.0164045,20.2,10.8,4.1,566.6,32.6,6.3,26.3,26.7,16.6,27.1,12.7,1629,203,86,23,538,315,531,381
236,floridana,-91.64,35.76,f65281af,4,0.0023561,0.0020764,-0.0185686,0.00555685,0.0128517,-0.00463153,0.0157028,-0.000890907,0.00362045,0.00121927,0.0139953,-0.00861973,0.000491459,0.0118718,-0.0116405,-0.00639344,-0.0108469,0.00618191,0.0128044,-0.00178854,0.00309476,0.000618262,-0.0133551,-0.00537893,0.00324369,-0.000304857,-0.0143105,4.49E-05,-0.00270076,-0.0026114,-0.00210362,-0.00626886,0.00234368,-0.000180913,0.00160869,0.00519969,-0.00643017,0.00551649,0.0118518,0.00693414,-0.00238795,0.00722785,-0.00727013,0.00436879,0.0107489,-0.00601569,0.0243952,-0.0140903,-0.00325099,-0.000308814,-0.00401908,-0.00768825,0.00357775,-0.0103327,-0.0275047,0.0109446,-0.000358022,-0.00227443,-0.000600202,-0.0010663,-0.00400568,-0.00050686,0.00196007,-0.000320217,-0.000242986,0.00316871,0.00114413,0.00797095,0.00781172,-0.0110243,-0.0058417,0.00418229,0.00392955,-0.000972348,0.000329768,0.00329201,15.1,13.7,3.5,852.9,34,-4.2,38.2,15.2,25.8,25.8,3.6,1206,129,73,18,370,255,255,269
237,floridana,-91.1867,32.408,f132255af,4,-0.00194642,-0.00019418,-0.0220138,0.00811428,0.0105718,-0.00748868,-0.00368016,0.00836819,0.0114885,0.00245882,-0.00496287,-0.00948282,-0.0183722,-0.00774297,-0.0157784,-0.00153166,-0.0092844,0.00302203,0.0131674,0.00061177,0.00207569,0.0045719,-0.014513,-0.000766226,0.000231801,0.00524515,-0.0149391,0.000793534,-0.00544541,0.00582545,0.00150335,0.00342249,0.0107086,0.000775645,-0.000835759,0.00124101,0.000868134,-0.00292911,0.0059783,-0.000528131,-0.0059202,-0.00821625,-0.000714448,-0.00704601,0.00901461,0.000594175,0.00779438,-0.00762368,-0.00536107,-0.00325134,0.00363948,0.00158726,0.0144242,0.00282612,-0.00298356,-0.0117902,6.69E-05,0.00142507,0.000238537,-6.45E-05,-0.000157363,0.000664636,-0.00123909,-0.00100351,-0.000551682,0.00396474,-0.0025965,0.00396281,-0.00153575,0.0029875,0.000733304,0.00169515,-0.0045428,0.00209249,-0.00628034,0.00310189,17.9,12.4,3.8,725.4,33.4,1.2,32.2,9.8,23.1,26.8,8.1,1421,158,78,23,426,247,282,426
238,floridana,-91.1867,32.408,f132256am,4,0.00114294,0.00478194,-0.00896299,-0.000803497,0.0124731,-0.0140735,0.00701736,0.00510491,0.00303162,-0.00867343,0.00738557,-0.0128166,0.00110747,0.00754161,-0.0168286,-0.000990602,-0.000760486,0.00291018,0.0103082,0.00227364,0.0134255,-0.000817393,-0.00876843,-0.0059541,0.00512476,-0.000877291,-0.00889527,-0.00364319,-0.00744383,0.00535373,0.0013451,0.00271326,0.00818481,-0.00204597,-0.00670016,0.00430309,-0.00891441,0.00601063,0.0103178,0.00367754,0.00419706,-0.00849069,0.00149158,-0.00511994,-0.000386896,0.00587823,0.000983898,0.00867709,0.00392806,0.000867824,0.00728348,-0.00353582,-0.0126085,-0.00761184,0.0188072,-0.0233477,-0.000199768,-0.00158678,-0.00024825,-0.00240086,0.000690566,-0.00469392,-0.000902159,0.00475997,-0.00143705,-0.0003339,-0.00927816,0.00567795,0.00353374,-0.00278684,-0.00385635,-0.00261968,-0.00612548,0.00684534,0.00641261,0.0137914,17.9,12.4,3.8,725.4,33.4,1.2,32.2,9.8,23.1,26.8,8.1,1421,158,78,23,426,247,282,426
239,floridana,-94.411,30.14,f136189af,4,0.012791,-0.00278433,-0.00308361,0.00209929,0.018272,-0.0146683,-0.0148672,0.00110403,0.00238968,-0.0141546,-0.00134539,0.0075157,-0.00693262,0.0141597,-0.0182179,-0.0038134,0.0147913,0.00149502,0.00778455,-0.000874013,0.00127643,0.00638864,0.00791008,-0.00271518,0.00815448,0.000817914,-0.0043134,0.00123221,-0.00758933,0.00176107,0.00157574,-0.000922634,-0.00610288,-0.00381074,0.00079772,0.000736246,0.000434961,-0.00313134,0.011572,-0.00195789,0.0179097,0.00344347,0.00205524,0.000957165,0.00194722,0.0104973,0.00175444,0.00261005,-0.0159015,-0.00762476,-0.00518492,-0.00586542,-0.0124554,0.0103117,-0.0122107,0.0073652,-0.000328551,-0.000487706,-0.000676733,-0.00152674,-0.000637251,0.00518779,0.000392897,0.00284997,0.00422996,0.00399594,0.0112958,0.00098605,-0.0069228,-0.00288826,-0.0022178,-0.0154968,0.0107353,-0.00423409,-0.00109321,0.000104074,19.7,12,4,635.3,33.7,4.2,29.5,25.9,15.8,27.4,11,1390,148,89,16,401,276,368,333
240,floridana,-94.411,30.14,f136446af,4,-0.0106747,0.0026447,-0.0172616,0.00922218,0.0186849,-0.0148189,-0.00468118,0.00707824,0.0112625,0.00694515,-0.00291101,-0.00769771,-0.00832549,-0.00174837,-0.0124431,-0.00483104,-0.00253473,0.00794812,0.00913767,-0.000638947,-0.00868852,0.00489016,-0.00661046,0.00083457,8.97E-05,0.00198995,-0.0124844,-0.000827777,-0.0031874,0.000339901,-0.00179163,-0.00212105,-0.00627521,-0.000774993,-0.0025534,0.00445285,-0.00925688,0.00407545,-0.00245793,-0.00489032,0.0145906,-0.00249899,0.00845616,0.00405729,-0.00351003,-0.012496,0.000947664,-0.00799266,0.00308088,-0.0031589,0.016582,-0.00104562,-0.000523741,-0.0197652,-0.0136385,0.00408832,-0.000693756,-4.95E-05,-0.000814128,-0.00431877,-0.00289289,0.00760246,0.00254372,0.00341707,-0.0023127,-0.00114139,-0.00247945,0.0136644,0.00669423,-0.000634933,-0.003894,0.00746861,-0.00654694,-0.000902427,-0.00997978,0.0101512,19.7,12,4,635.3,33.7,4.2,29.5,25.9,15.8,27.4,11,1390,148,89,16,401,276,368,333
241,floridana,-81.09,32.08,f159399af,4,0.0083044,-0.00215227,-0.00177408,0.00287723,0.00595,0.00953553,0.0117943,-0.00549485,0.00851899,0.00139075,-0.0050749,0.000895722,0.000158469,-0.0220959,-0.0138232,-0.00540789,0.00603738,-0.00220833,0.00354061,0.0040967,0.00251045,0.00419085,0.00250706,-0.00255676,0.00286051,0.00101218,0.000165723,-0.0031099,0.00398881,0.00325014,-0.0086808,-0.00443046,-0.00883553,0.000304169,-0.00967534,0.00378476,0.0117863,0.00111887,-0.00161295,-0.00343047,0.0131494,-0.0106389,-0.00820609,-0.00112524,0.00389849,-0.0116217,-0.00408353,-0.00271595,0.00274678,6.66E-05,0.00415006,0.0103421,-0.000260562,0.000909469,-0.0106536,0.00212273,-0.000349909,-0.000584381,-0.000148627,-0.000561029,0.00448282,0.000943413,0.00193784,-0.000516812,-0.00251575,-0.00214047,-0.00258863,-0.00150196,0.0168671,-0.0059548,-0.0120276,0.0141111,0.00623593,-0.00831164,0.00709407,-0.00153979,19,11.1,3.8,637.5,32.3,3.8,28.5,26.4,15,26.8,10.5,1255,178,49,38,489,190,481,241
242,floridana,-96.823,31.194,f168399af,4,0.0034404,-0.000762651,-0.0124419,0.00650447,0.00387489,-0.0176648,0.0136167,0.00319029,0.00280033,-0.00520266,-0.00715939,-0.00900408,0.00422406,0.00164809,-0.0104879,-0.00240031,0.000192951,-0.00260384,0.0110723,0.0017171,-0.00341145,-0.00428383,-0.0186349,0.000551817,0.00182036,0.00208067,-0.0108845,-0.000982473,0.00741023,0.000774616,-0.00949873,-0.000518411,0.0103211,0.00524681,-0.00722386,0.00479185,-0.0134224,0.00210716,-0.000220754,-0.000113916,0.00375281,-0.00935405,-0.00226759,-0.000650925,0.0102935,-0.0153908,-0.000350988,0.00918366,0.000648761,-0.00692461,-0.00070914,0.00473383,-0.00247543,-0.0136647,-0.0120152,-0.0104166,-0.000209683,-0.00195254,-0.000166254,-0.00126394,-0.00115085,0.00276487,-0.000202521,-0.000263439,-0.00391979,0.00109664,-0.0103958,0.0076091,0.00506288,0.00165913,0.00107906,0.000350562,-0.00894966,0.00608408,-0.00515282,-0.000153267,19.6,12.8,3.8,707.7,35.8,2.5,33.3,23.4,28.3,28.3,10,901,121,50,26,282,177,177,185
243,floridana,-91.394,33.62,f168676af,4,0.00828033,-0.000764021,0.00483935,-0.00436507,0.0138766,-0.0158593,0.00990975,-0.00627662,0.0036729,-0.0183302,-0.0191093,0.0112762,-0.00328569,0.0177143,-0.0065856,-0.0029204,0.00545745,-0.00255157,0.00391475,0.00314848,-0.00359799,-0.00877437,-0.00525576,-0.00132751,0.00174331,0.00334859,-0.0080831,-0.00494344,0.00615286,0.00218395,0.00610678,0.00343204,0.00744334,0.00240918,-0.0187484,0.00836621,-0.00393514,-0.00168691,0.0211019,0.00215604,0.00394592,-0.00342523,-0.0118849,0.00474395,0.00505473,-0.0117057,-0.000945581,-0.031806,0.00446585,-0.00822366,0.000469364,0.0125839,-0.0267988,0.00787428,-0.0135186,-0.0165599,0.000122968,0.00285451,0.000293088,0.00126895,0.000680921,-0.00337901,-0.00130966,0.00358552,0.00291817,0.000981699,0.00207237,-0.000908268,-0.00386859,0.000362076,-0.00205442,-0.00381165,-0.000403428,0.00536602,0.00117454,0.00644914,17,12.5,3.6,779.5,33.6,-0.4,34,12.4,22.5,26.7,6.5,1335,139,73,19,383,246,276,379
244,floridana,-91.394,33.62,f168678am,4,0.000524011,0.00101235,0.00478199,0.00137653,0.00855565,0.0046045,0.0101089,-9.20E-05,-0.00169137,0.000155997,-0.0143754,0.00546725,-0.00714327,0.000360282,-0.00623873,-0.00272089,0.00838422,-0.00126338,0.00597308,0.00289693,-0.0066788,-0.00788415,-0.00359564,-0.00103944,0.00851816,-0.00266844,0.0014377,-0.00589345,0.00587298,-0.000901288,0.0105825,9.13E-05,-0.00501662,0.00532871,-0.00787334,0.00878795,0.000103465,-0.00698351,-0.00533535,-0.00510808,0.0132514,0.00174524,-0.0151497,0.00263616,0.000202232,0.00210103,0.00601356,-0.0112297,0.014893,-0.00029093,0.00627485,-0.0101906,-0.029191,0.0152898,0.0156844,-0.0175234,0.000329126,0.00170474,0.000853832,0.00196745,-0.00392648,0.000644263,-0.00219207,-0.000494793,0.00449278,1.48E-05,0.0014611,-0.00707396,-0.00572798,0.00466693,-0.00143247,-0.00520242,-4.67E-05,0.00921415,0.00553379,0.000803429,17,12.5,3.6,779.5,33.6,-0.4,34,12.4,22.5,26.7,6.5,1335,139,73,19,383,246,276,379
245,floridana,-86.654,32.43,f177851am,4,0.00713091,-0.00469443,-0.01973,-0.00129782,0.00250772,0.0122223,0.0225981,-0.00404151,0.00899051,0.000883396,-0.00929851,0.00579665,-0.0109128,-0.0065659,-0.0134762,-0.00309875,0.006363,-0.000110083,0.00645899,0.00215033,-0.00830462,-0.00217675,0.00922779,-0.00919152,0.00188715,-0.000925637,-0.0115099,-0.00381253,2.19E-05,0.00258196,0.000992603,0.000190744,-0.00450506,-0.000312354,-0.00899241,0.00105278,-0.00589422,-0.000287798,0.00116695,-0.00661699,0.0150072,-3.68E-05,0.00940864,-0.0020717,0.00110353,-0.0201552,0.00624931,-0.0127512,0.00122284,0.0011045,0.00255243,0.00194412,9.37E-05,-0.0393504,-0.00355701,0.00886177,-8.82E-05,0.000751207,-0.00096255,0.000257371,-0.00297325,-0.00258184,0.000890053,0.000295415,-0.00691694,-0.00221545,-0.0102118,-0.00281965,0.0112816,-0.00418725,-0.00220154,-0.00191741,0.00207498,-0.00741976,0.0043767,0.00570323,18,12.7,4,700.4,33.1,1.9,31.2,10.4,18.4,26.7,8.8,1334,159,68,21,409,259,319,380
246,floridana,-86.196,32.29,f177937a,4,-0.00600398,0.00219791,-0.0126297,0.00445941,-0.00153222,-0.00174906,0.0117706,-0.00168679,0.0160495,-0.00982309,-0.0125512,0.00291161,0.00104449,-0.00871655,-0.0145298,-0.000175376,0.00193412,0.00299872,0.00542545,0.00170052,0.00312839,-0.00244864,0.00312743,-0.00288417,0.00613376,-0.0026226,0.00230608,-0.00101157,0.00215488,0.000953995,-0.00135799,0.00136254,-0.00536284,-0.00270625,-0.0160086,0.00650814,-0.00668892,0.00438482,0.00964921,-0.00444305,0.0129946,-0.000891126,-0.0050883,0.0022513,-0.00600728,0.0141055,-0.00726454,0.030112,0.00346741,0.00049721,-0.00407475,0.0137402,-0.00901991,-0.0252899,0.00269,-0.00777557,-0.000173955,-9.82E-05,-0.00026897,-0.000824575,-0.000639839,0.00117504,0.000379808,0.00091242,-0.00117889,0.00421367,-0.0031223,0.00484148,0.00597191,-0.00804651,-0.00418745,0.000406395,0.000679228,-0.000671959,-0.000163068,0.00393991,18.1,12.6,4,689.4,33,2,31,10.4,18.7,26.6,8.9,1340,156,66,20,406,264,328,382
247,floridana,-87.573,30.294,f178294af,4,-0.00150294,2.59E-06,-0.000769815,3.93E-05,0.00888783,0.0100356,-0.000505006,-0.0080109,0.00548423,-0.000898841,0.0279291,0.00448869,0.0125308,0.00210025,-0.000734559,-0.0034113,0.000814222,-0.00263951,-0.00188321,0.00211765,0.00490399,-0.0033161,0.00812479,-0.00542687,-0.00280966,-0.000426482,-0.000537815,-0.00571314,-0.00362353,-0.000293838,0.00222154,0.00234208,-0.00877607,0.00273276,0.00585072,0.00385635,0.012956,-0.00807637,-0.0111564,0.00148247,0.00411166,0.000128081,-0.0109025,0.00743749,-0.00591937,-0.00847037,-0.00324284,0.00964319,-0.0102819,-0.0156353,-0.0176647,0.00262838,-0.00952854,-0.00761364,0.00690644,0.019292,-2.45E-05,-0.000596376,-0.000459755,-0.00159809,0.00185532,0.00247751,-0.00213142,0.00194322,-0.000797884,0.00643893,0.00136912,4.96E-05,-0.00518516,0.00307111,-0.00120443,-0.00983549,0.00801007,-0.00484856,0.00774611,0.00375689,19.8,9.7,3.6,613.5,32,5.7,26.3,27,16.1,27.3,11.7,1522,170,91,22,506,300,477,357
248,floridana,-86.384,33.139,f178341af,4,0.00365205,0.000776825,0.00585957,-0.00530607,-0.00379542,0.00700251,0.0186786,-0.00891916,0.0138322,-0.00360055,-0.00596746,0.00759334,0.0212779,-0.000191356,-0.0158242,-0.00321465,0.00536987,-0.0020055,0.00715132,0.00306021,0.00577265,0.000806555,0.00446588,0.00101263,0.00143967,0.00117104,-0.0145486,-0.000446073,-0.000583646,-0.001729,-0.00277599,-0.00461821,-0.00436041,-0.0020549,-0.00486696,0.00465756,0.00425902,-0.000803822,0.000788518,0.00528567,0.0184432,0.000342969,-0.00547424,0.00121775,0.00269476,-0.0333866,0.00264771,-0.0178842,-0.00535972,-0.0115418,0.012455,0.00211322,-0.019123,-0.0141154,-0.00830518,0.0354594,-0.00019191,-0.000301485,0.00026811,-9.77E-05,0.00219378,0.00128413,0.00108495,0.00197972,0.00026699,-0.0024392,-0.00239562,0.00538451,0.0050223,0.00167703,-0.00192604,0.00456292,-0.00756718,0.00762565,-0.00640617,0.00661373,16.7,13.8,4.1,710.9,32.6,-0.3,32.9,8.8,22,25.5,7.2,1426,168,74,20,441,275,334,408
249,floridana,-84.815,32.29,f190235am,4,0.0110791,0.000955489,0.00206167,-0.00352519,0.00246002,0.00355234,0.0308209,-0.0102119,0.00815856,-0.00546658,0.00222359,0.00983098,0.0134509,-0.0111365,-0.00919828,-0.00194166,-0.000861719,-0.00238679,0.00607201,0.00294344,-0.00449411,0.000968041,0.00304633,-0.000439217,0.00987604,0.00484598,-0.012552,0.000984624,-0.0023012,0.00142619,-0.00553249,0.000230499,-0.00492302,-0.000630208,-0.0088065,0.00124891,-0.00108983,-0.000511114,0.0127976,-0.00616029,0.00526514,-0.010214,-7.42E-06,-0.00558577,0.0103889,-0.000995929,-0.0108144,0.00272608,0.0095621,-0.0035277,0.0283301,0.00899928,-0.00748975,0.00197159,-0.00358839,-0.0126659,0.000449982,0.00200417,0.000385871,0.004394,-0.0018086,0.00128504,0.000251564,-0.00195881,-0.00106565,-0.00342095,-0.000253335,0.000368678,0.00427095,0.00477134,-0.0031901,0.00735062,-0.00113265,-0.00423054,-0.00540032,0.0101782,18,13.3,4.2,675.6,32.9,1.7,31.2,10.5,18.6,26.3,9,1190,128,51,22,352,206,322,341
250,floridana,-87.52,34.7009,f203222af,4,0.00229099,-0.00048562,-0.0157229,0.0065231,-0.00231803,-0.00114865,0.00536723,0.00740566,0.0110659,0.00432725,-0.00902911,-0.000176269,-0.0048432,-0.00162931,-0.0115577,-0.00506156,0.000305324,0.00705988,0.0084229,0.00327451,0.00376788,0.00226443,-0.000846137,0.00550461,0.00288585,0.00408536,-0.011902,0.00778734,-0.00473297,-0.00323673,-0.00729319,-0.00247541,3.53E-05,-0.00570251,-0.0159801,-0.00105837,-0.00728742,0.00609443,-0.00115042,-0.00363336,0.0146058,0.000952589,-0.00336584,-0.00169836,0.00601336,-0.0102612,0.00854494,0.00464834,0.00636292,-0.00201869,0.00305437,-0.00563864,-0.000600645,-0.00518736,-0.00112501,-0.0153708,-7.53E-05,0.000968964,0.00043298,0.00158679,0.00352607,-0.00129008,0.00176702,-0.00076519,-0.00537852,-0.00327772,-0.0109896,0.0090921,0.0159636,-0.00787571,-0.0032675,0.0174598,-0.00972143,-0.00339775,-0.00681099,0.000944421,15.5,13.2,3.8,771.5,32.4,-1.8,34.2,15.5,21.1,25.2,5.3,1401,160,81,19,411,266,302,394
251,floridana,-87.1316,34.382,f203285af,4,-0.00123355,-0.00491222,-0.0222841,0.0013299,0.00910331,-0.0154926,0.0094268,0.0136485,0.0161346,-0.00586604,-0.0135014,-0.00249073,-0.00421825,-0.00366117,-0.00631453,-0.00194668,-0.00406935,0.0025761,0.00701098,0.00171656,-0.00410447,-0.00625638,-0.00224218,-0.00155481,-0.00161154,0.0038582,-0.0166422,0.000717393,0.000962273,-0.00178203,0.00274557,0.000744876,-0.00667798,0.00356557,-0.00980999,0.00222983,0.00421955,0.000180059,-0.00979814,-0.00190383,0.00642685,-0.00598434,-0.0146566,-0.00497245,-0.00167221,-0.0101805,-0.00598811,-0.00933376,-0.018187,-0.00408926,-0.00323489,-0.00441381,0.0261084,-0.00375925,-0.00191138,0.0274228,-0.000345044,-0.00108306,-0.000410177,-0.00165897,0.001848,0.00493723,0.000541801,0.00126785,-0.00559324,-0.00247679,-0.0115152,0.00517424,0.0091139,-0.000669476,-0.00327337,0.00326624,-0.00665968,-0.00535102,-0.00188623,0.0105786,15.4,13.2,3.8,767,32.1,-2,34.1,6.8,21,25,5.2,1453,165,86,18,424,282,314,405
252,floridana,-88.043,30.69,f207199am,4,0.0158948,0.00382222,-0.00141336,-0.000169916,0.00884088,-0.0219585,0.00090244,0.0122907,-0.00182359,-0.00681957,-0.0490383,-0.00781345,-0.0106506,-0.0145673,-0.0110796,-0.00161906,0.0069275,0.00564638,0.00855701,0.000635147,0.000736898,-0.00108923,0.00216264,-0.0071168,0.00247868,-0.0022855,-0.00291041,-0.00253636,0.00525372,0.0015511,0.00221364,0.00281502,-0.00233257,0.00381951,-0.0196163,0.00552408,-0.00454022,-0.00626848,0.00906386,0.00283973,0.0118176,-0.0215184,-0.00913999,0.00356912,-0.00807081,-0.000909523,0.00774232,-0.00395933,0.00134552,-0.0167824,0.0126702,0.0162562,-0.0242928,-0.00737723,-0.00995507,-0.0181095,-1.07E-06,0.000622402,0.000608913,0.0019077,-0.00103401,-0.00308825,0.00204279,0.00122735,-6.11E-05,-0.00799393,-0.00755341,0.00564023,0.0125731,-0.00916433,-0.00624828,0.00875511,-0.00897006,0.00541032,-5.23E-07,0.00488507,19.5,11.1,3.9,630.2,32.6,4.6,28,26.7,15.4,27.1,11.1,1586,178,80,20,486,312,475,388
253,floridana,-88.043,30.69,f231368af,4,-0.00258098,0.00281276,-0.00616973,-0.00146164,0.00736712,0.000845127,0.0123619,0.00514671,0.00676836,-0.00538169,-0.0066365,-0.00520368,-0.0140885,-0.00853373,-0.0151958,-0.000554062,0.00981974,-0.00113611,0.00874741,0.00306824,-0.00174929,-0.000588161,0.00658672,-0.008123,0.00456927,0.00111417,-0.0046193,-0.00537827,-0.00449937,0.0011414,0.00153216,0.00384629,-0.00486258,0.00233725,-0.00883491,0.00226894,-0.00507547,0.00245565,-0.00527282,-0.00532407,0.00717196,-0.000196306,0.000871228,-0.0096814,0.00404546,0.0169947,0.00978119,0.0180283,-0.00947955,0.00018168,-0.00672609,-0.00571797,0.0111989,0.023361,0.0231837,-0.00880607,0.000125059,0.00252087,-0.000582907,0.00221957,-0.00110836,0.00489737,0.00153235,0.00220491,-0.00306401,-0.00260492,-0.00216921,0.00654631,0.00622132,-0.000828444,-0.00435026,-0.00168959,0.00112784,-0.0067989,-0.00234973,0.010325,19.5,11.1,3.9,630.2,32.6,4.6,28,26.7,15.4,27.1,11.1,1586,178,80,20,486,312,475,388
254,floridana,-91.206,29.69,f245888am,4,0.019026,-0.00436512,-0.00878444,-0.0013984,0.0110088,0.000598051,-0.0120696,0.00185614,-0.000544712,0.00199031,-0.0262129,0.00394805,-0.0148292,-0.00244049,-0.0114657,-0.00106709,0.011311,-0.000943518,0.00301726,0.00152269,-0.00471114,-0.000144807,0.000233226,-0.0041437,0.0001803,0.00210567,-0.00547996,-0.00275578,0.00400098,0.00480586,-0.00416195,0.00152882,0.00322515,0.0030562,-0.00873296,-0.00187392,-0.000449132,-0.00226391,0.0147255,-0.00343654,0.00677757,-0.002522,0.00571757,-0.0085013,0.00616905,0.00208502,0.00723203,0.00313922,-0.00297312,-0.000756765,-0.00102462,-0.0120519,-0.0112778,0.0123115,-0.00178173,0.0169177,0.000315016,0.00259917,-3.47E-08,0.00201672,0.00270408,-0.00516588,-0.000728137,0.0011351,-0.00170181,0.00137988,0.000769161,0.00729891,-0.000727762,0.00299195,-0.00249091,-0.00207063,0.00337455,-0.00281196,0.00205083,0.0102994,20.1,10.7,3.9,592.3,32.5,5.6,26.9,26.9,16.6,27.2,12.1,1627,204,93,24,552,330,545,381
255,floridana,-91.206,29.69,f246705am,4,-0.000106436,-0.00289686,0.00506448,0.00541337,0.00362313,-0.0226246,-0.00473165,0.00895414,0.0150763,-0.00978615,-0.0456069,-0.00436613,-0.0199769,-0.00850652,-0.0203879,-0.00428413,0.00565126,0.00479066,0.00712339,0.00160917,-0.00986963,0.00672576,-0.00132332,-0.00231509,0.00102817,0.000137827,-0.0111798,0.00299125,0.00390592,-0.00131886,-0.00472731,0.000237332,-0.00148903,-0.00480732,-0.0197078,-0.00167286,-0.00556045,-0.0027079,0.00897131,0.000748742,0.00970763,-0.0145532,-0.00383124,-0.0114282,0.0104848,-0.000749804,0.00577297,-0.00876085,-0.00607227,-0.00609562,0.00567117,0.0173451,0.00563746,-0.0107463,-0.00934188,0.0089768,-0.000173338,0.00230649,0.000589644,0.000298862,0.00673153,-0.00407151,0.00187122,0.000887117,-0.0017108,-0.00445482,-0.00582269,0.00303854,0.0134641,-0.00740389,-0.00672087,0.0107297,-0.0060267,-0.0022327,-0.00616457,0.00688043,20.1,10.7,3.9,592.3,32.5,5.6,26.9,26.9,16.6,27.2,12.1,1627,204,93,24,552,330,545,381
256,floridana,-76.029,37.981,f269023af,4,0.00645876,0.00129993,0.00446656,-0.00819511,0.00267854,0.00719528,0.00723233,-0.00734321,-0.00580265,0.000492589,0.00796592,0.000473518,0.0253554,-0.00128697,-0.0083662,-0.00206806,-0.000467496,-0.00133192,0.00431255,0.00185838,-0.00230934,-0.000507975,0.00355013,0.00257353,0.00233672,0.000681903,-0.0214212,-2.89E-05,-0.00445864,0.00246939,0.00278503,-0.00121257,-0.00977223,-0.00217983,-0.00871767,-0.00179269,0.0016569,-0.00665347,0.0145484,-0.00132589,0.0183382,0.00473117,-0.00269597,-0.00713335,0.00280601,-0.00814044,-0.000178348,-0.0144148,-0.00882072,-0.0120134,0.00948971,0.0172864,-0.0109767,-0.00310518,-0.0159108,0.0308402,-0.00046029,-0.00362986,-0.00018407,-0.0066142,-0.0044097,-0.000424215,-0.000817603,-0.00059294,-0.000295243,0.00123156,-0.0033685,0.00195595,-0.00366512,0.00437684,0.000863008,-0.00497514,-0.00233227,0.00397778,0.00245918,0.00391519,14.2,9.9,3,813.3,30.4,-2,32.4,24,10.2,24.5,3.6,1012,104,71,12,286,227,283,237
257,floridana,-84.139,30.72,f505212am,4,-0.0155967,0.00175611,0.000527967,-0.00913534,0.000107554,-0.00371265,0.00612134,-0.00906228,-0.0015546,-0.00150338,-0.00969441,0.00697944,0.00556606,-0.0152956,-0.00503933,-0.0020964,0.00256836,0.00125713,0.0066121,-0.00118577,0.0129757,-0.000385148,-0.00378443,-0.00429379,0.0082599,0.000126077,-0.000905542,-0.00170068,0.00386221,-0.000646724,-0.00214537,-0.00281558,-0.0105988,-0.000836586,-0.0229596,0.00306886,-0.00214889,-0.00137747,0.00116666,0.0008879,0.000779333,-0.0140597,-0.0115279,-0.00418547,-0.0062125,-0.0216839,-0.00893611,-0.00896846,0.0068336,-0.0125096,0.0134926,0.0160187,-0.0071418,-0.00894791,-0.000134049,0.00248034,0.000458964,0.0013603,0.000161191,0.00455241,0.00184732,-0.00394489,0.000533279,-0.00135174,-0.00730484,-0.000787149,-0.0134368,0.00938766,0.0162063,-0.0108318,-0.00555555,0.00858595,-0.0018924,-0.0055988,0.00577727,0.00193502,19.3,13.3,4.5,603.1,33,3.7,29.3,26.6,15.5,26.6,11.2,1417,172,65,24,459,254,459,356
258,floridana,-91.38,30.784,f506242af,4,0.0190378,0.000310487,0.00728766,-0.00609202,0.0160373,0.00166988,0.00948461,-0.000830906,-0.00699021,-0.00549351,0.00441314,-0.000566803,0.00234934,0.00179461,-0.0173227,-0.0020596,0.0125916,0.000329277,0.00999298,-0.000903375,0.00422943,0.00770181,0.00551482,-0.00774237,-0.0120083,-0.000114953,-0.00776454,-0.00939403,-0.0104492,0.00759875,0.0132035,0.0042606,-0.00668461,0.00233332,0.00313398,-0.000194411,0.0131349,-0.0064519,0.00926296,-0.0037853,0.0191953,0.0111865,-0.00372512,0.00639402,0.00478627,-0.00676703,0.0109432,-0.0184131,-0.00915936,-0.0113669,0.00466735,0.0199286,0.00336447,0.01353,-0.00192948,0.0109951,0.000192663,0.000140567,0.00073855,-0.0025876,-0.00320229,0.00714092,-0.00218217,0.000587934,0.00691917,0.0102442,0.00941218,-0.00615633,-0.0046995,-0.00120792,-0.00756634,-0.0188894,0.0148172,0.00511509,0.00676921,0.00712656,19.1,12.3,4.1,647.6,33,3.2,29.8,10.3,19.7,26.9,10.3,1544,153,92,12,435,323,386,435
259,magister,-79.88,39.6,ma39118am,5,-0.00785357,0.00443765,-0.00343922,-0.00177168,0.0161509,0.0083811,-0.0144089,0.00339936,-0.00807291,0.00578559,-0.0166561,-0.0048223,0.0132387,-0.00106639,-0.00467256,-0.00224247,-0.0127966,0.000804018,0.00960417,-0.000614611,0.00210103,-0.0018803,-0.0058382,0.00434931,0.00484551,-0.00297961,-0.0130093,0.000656421,-0.00664597,-0.00460233,-0.0121589,-0.0058255,-0.0101628,0.00327519,-0.00316129,0.0030774,0.00133706,-0.00349381,-0.021477,-0.00444729,0.00920198,-0.00209963,0.0181471,0.0039124,0.0119022,-0.00876397,0.0109577,0.0281882,0.00893696,-0.0060804,0.0238817,-0.00866721,-0.0140538,-0.0297222,0.00125038,0.00103377,-0.000192836,-0.00173076,0.00037396,0.00277911,0.00130247,0.0037527,0.00076272,-0.0024193,-0.0014194,-0.000745135,-0.00699717,0.000538925,0.00470336,0.000400589,0.00559025,0.00502487,-0.0152825,0.00540933,-0.0216393,-0.00221448,10.5,12.3,3.4,841.2,28.4,-7.1,35.5,19.1,-0.8,21,-0.8,1114,115,70,15,331,234,328,234
260,magister,-79.86,39.66,ma39119am,5,-0.00779265,0.00125087,0.0049169,0.00574414,0.00750395,-0.0132119,-0.00472707,0.00649789,-0.00986408,-0.00212355,-0.0246505,-0.00112048,0.0147528,-0.00251213,0.00398606,-0.00122822,-0.00496755,-0.00601018,-0.000492746,-5.41E-05,0.0110184,-0.00392768,0.00570197,0.00492582,0.00195442,-0.00218488,-0.00524077,-0.00374547,-0.00738938,0.00150177,0.00526921,-0.00382761,-0.00890548,0.00260875,-0.00791157,0.00465467,-0.00138382,-0.0120723,-0.00293291,-0.00349233,0.0163786,-0.00197598,0.00200244,-0.000591506,0.0166498,-0.014813,0.0126311,0.00921236,-0.00150578,-0.00720746,0.00601047,-0.00705289,-0.0199495,-0.00545016,0.00602854,0.0168752,-0.000156776,0.000967235,0.000577138,0.000433918,0.00587589,-0.00538796,0.000825768,-0.000416454,-0.000645225,-0.000545956,-0.00388886,-0.00652693,0.00396626,-0.00456372,0.00441008,0.00366097,-0.0094492,0.00553665,-0.0150596,-0.0113024,10.4,12.3,3.4,842.3,28.4,-7.2,35.6,19.1,-0.8,21,-0.8,1108,115,69,15,330,231,326,231
261,magister,-76.08,40.57,ma53887am,5,-0.0206834,0.0084148,0.00597787,0.000729107,0.00970821,-0.0061338,0.00452514,-0.000132784,-0.0216362,-0.00116238,-0.0129641,0.000814253,0.0210464,0.00210361,0.000243877,0.00155468,-0.0067514,0.00498079,0.00205281,-0.00179024,0.0149998,-0.000550523,-0.0119364,-0.00259,0.0056858,-0.000796691,-0.00701518,-0.000627319,-0.0167611,-0.00393212,0.00952273,-0.00204512,-0.00203835,0.0019827,-0.0151755,-0.000247138,-0.0117725,0.00091124,0.00396975,-0.00994537,-0.000174809,-0.0054956,0.0148975,0.00343456,0.00912348,-0.0371949,0.0242205,-0.00613404,-0.0115468,-0.0114962,-0.000974842,-0.0128023,0.0230458,-0.0233444,-0.0270021,0.0388842,4.79E-05,-0.00252063,0.000184544,0.00376499,-0.00571465,0.00153899,-0.00162478,0.00315117,-0.00246854,0.00379998,-0.0149026,0.00625214,-0.00538346,-0.00215907,0.0151763,0.00624227,-0.0270067,0.0208302,-0.0175492,-0.019724,9.4,11.5,3.1,881.3,27.9,-8.5,36.4,18.3,-1.1,20.4,-2.4,1190,119,76,12,345,250,328,256
262,magister,-79.45,40.12,ma53888am,5,-0.00637903,0.00146764,0.00564792,0.000591544,0.0100391,0.0101479,-0.00287929,0.00200347,-0.0240331,0.00731621,-0.000647373,-0.00293721,0.0147601,-0.00642819,-0.0118447,0.00155627,0.00421436,-0.00326533,0.00411295,-0.000282589,0.00894962,0.000275689,-0.00776826,-0.00137911,-0.00125176,-0.00110553,-0.00862839,-0.00354273,-0.00483734,0.00291087,0.00147314,-0.0035823,-0.00225488,0.00263971,-0.00355061,0.0026994,-0.00929649,-0.00560629,-0.00787626,-0.000600369,0.00516332,-0.00572715,0.00587906,0.00387567,0.0054566,-0.0181838,-0.00169391,0.00837128,0.00366464,-0.00497566,0.0148938,-0.0138121,-0.0247796,-0.0471433,0.0138919,0.00739865,6.94E-05,-0.00110309,0.000656505,0.000624274,0.0032509,-0.00107196,-0.000974748,0.000369618,-0.000665309,0.00515937,-0.0071991,-0.00629703,0.00416701,-0.0092447,0.00142462,-0.00287351,-0.00618964,0.0057259,-0.00705352,-0.00695555,8.5,12,3.3,859.3,26.5,-9.5,36,17.1,-3.1,19.1,-3.1,1147,115,75,13,336,242,331,242
263,magister,-86.42,34.58,ma72003af,5,-0.0162758,-0.000733521,-0.0155596,0.00629628,-0.00597627,0.00398908,0.00638275,0.00661711,-0.00355932,-0.00220149,0.00199833,-0.00254775,0.00849757,-0.0107293,-0.00734681,0.000701501,-0.00117082,-0.00326124,0.00251573,0.00215823,0.00260568,0.00049109,-0.00774352,-0.00120919,-0.011962,-0.000649897,-0.00927753,-0.00194443,0.00451728,-0.00349363,-0.00530043,-0.00169563,0.00533354,0.00407684,2.21E-05,0.00561217,-0.0135495,-0.00865457,-0.0203379,-0.00190569,0.00347275,-0.013806,0.0124362,0.00443867,0.00290271,-0.0114978,0.0106212,0.00935803,2.13E-05,-0.00312434,0.00843356,-0.0043694,-0.0119604,-0.0283842,0.00725353,-0.000515178,-3.23E-05,0.00123642,0.000249552,0.00116299,0.00176881,0.000217506,3.54E-05,-0.00072662,-0.00450065,1.57E-05,-0.0112838,0.00664627,0.00608368,-0.00303931,0.00539615,0.0158661,-0.0152205,0.00285427,-0.0121278,-0.0102055,15.5,13.2,3.8,767.7,32.2,-1.8,34,6.9,21.1,25.1,5.3,1402,163,80,19,418,270,301,392
264,magister,-80.6,37.36,ma120848af,5,-0.0132525,0.00655846,0.00520377,0.00342791,0.0135387,-0.000765863,-0.00671703,-0.0015974,-0.00836966,-0.000777474,-0.0132821,-0.00250088,0.0258618,-0.00654562,-0.00498712,0.00132316,-0.00368589,0.00149924,0.00485872,-0.00274652,0.0121256,-0.00146297,-0.00685436,-0.00265344,-0.00586468,-0.00403326,-0.00110165,0.000608032,-0.00343369,-0.00591016,-0.00321937,-0.00811818,-0.00598783,-0.000280723,-0.0148824,0.00156802,-0.0121638,0.00200895,-0.0232181,-0.000794775,0.0160091,-0.0116542,0.0123473,-0.00143033,0.00987386,-0.0182124,0.0142334,0.0116975,-0.0102115,-0.0110127,0.0108838,-0.0232242,-0.000694303,-0.0127388,0.00282305,0.0261774,-0.000412265,-0.00293216,0.000790122,-0.000187492,0.00956384,-0.00329598,0.00146436,0.00169864,0.00080038,-0.00150633,-0.00689219,-0.00497696,0.00843339,-0.0017673,0.00181531,0.0160719,-0.0191146,0.011263,-0.0241411,-0.0068257,9.8,12.5,3.7,764.7,26.5,-7.1,33.6,17.6,-0.5,19.3,-0.5,1042,106,71,12,299,219,286,219
265,magister,-80.6,37.36,ma120849am,5,-0.0187023,-0.000368207,0.0209212,0.00173979,0.0222641,-0.00603152,-0.0164584,5.90E-05,-0.0153721,0.0047343,-0.0136683,-0.00568281,0.0172081,-0.00473195,-0.00351502,-0.000741889,-0.00896081,-0.00540364,0.00704432,0.000668862,0.0206818,-0.0056224,-0.00138946,-0.00146753,0.00306436,-0.00447725,-0.00738716,-0.00689731,-0.0109995,-0.000545597,0.0094999,-0.00698138,-0.00606847,0.00582716,-0.0134601,0.00786896,-0.00379935,-0.00630294,-0.00597446,-0.000792785,0.00418804,-0.00709844,0.00253484,0.00388381,0.00851235,-0.0224197,0.00639899,0.0138304,0.00498349,-0.0127621,0.0157967,-0.00760854,-0.0165311,-0.0232734,0.00756994,0.00696453,6.04E-05,-0.00286493,-0.000391709,0.00122725,-0.00741437,0.000316788,-0.000630995,0.00339569,-0.00561622,0.0085653,-0.0156929,0.0105438,-0.00486034,-0.0116403,0.0192455,-0.00278192,-0.0244817,0.0211884,-0.020131,-0.0297807,9.8,12.5,3.7,764.7,26.5,-7.1,33.6,17.6,-0.5,19.3,-0.5,1042,106,71,12,299,219,286,219
266,magister,-83.12,38.36,ma147842af,5,-0.00517409,0.00751376,-0.00591018,-0.00233611,0.0135087,0.00499743,0.00297603,-0.00383042,-0.0142844,0.00496615,0.000294933,-8.79E-05,0.00779275,0.00578941,-0.00305846,0.0018044,-0.00365727,0.00129749,0.00161634,-0.00234945,0.0140843,-0.000318455,-0.0090017,-0.00285368,-0.000821088,-0.00545017,-0.00242518,-0.0035279,-0.00259369,-0.00198429,0.00703088,-0.00747916,-0.00606258,0.00686948,-0.00668026,0.00367654,-0.0180017,0.00335184,0.00171949,0.00277372,-0.010092,0.000160161,0.00705577,-0.00717019,0.00374264,0.000321157,0.00344456,0.0131336,0.0112777,0.000996139,0.0230052,-0.0165416,-0.0093443,-0.0207488,0.0137005,0.00270044,-9.72E-05,-0.00223136,0.000296819,0.000120295,-0.00267917,-0.0012829,0.000363317,0.00155308,0.00165248,0.000861224,-0.00481874,-0.00224655,0.000377021,-0.00315058,0.00435181,0.00419114,-0.0156256,0.0117113,-0.0190978,-0.00198944,11.7,13.5,3.6,835.7,29.7,-6.8,36.5,20.1,12.7,22,0.4,1103,122,73,16,331,237,320,240
267,magister,-81.84,36.06,ma147845aaf,5,-0.0179503,0.00801825,0.0119876,-0.00633593,-0.00323166,0.0052831,0.0147495,-0.0116691,-0.0135949,0.00149668,-0.00769095,0.00767729,0.0261009,0.00326807,-0.020013,-0.00170442,0.00289289,0.00152364,0.0135383,-0.000456688,0.00891517,-0.00096004,-0.0193619,0.000246433,0.000539648,-0.00456893,-0.00745253,0.00107284,-0.0115236,-0.00623922,0.0065534,-0.00823141,0.0116131,-0.00353716,-0.0122113,0.00179948,-0.011811,-0.00158197,-0.00143796,-0.00414816,0.00294535,-0.00481626,-0.000685109,0.00355551,0.0131646,-0.0190606,0.0179992,-0.00823671,0.0158533,-0.00166207,0.0224009,-0.000761834,-0.0248746,-0.011255,0.0201905,-0.00616874,7.35E-05,-0.00156577,0.000708468,9.33E-05,-0.00034647,-0.00660399,-0.0010921,0.00358194,0.000749507,-0.000403744,-0.010033,-0.00107423,-0.00351701,0.00590136,0.00873082,0.00390112,-0.0230281,0.0246882,-0.0164449,-0.00565674,9.5,11.7,3.7,702.1,24.7,-6.5,31.2,16.6,0.1,18.3,0.1,1485,141,103,10,411,321,409,321
268,magister,-80.17,37.25,ma147848af,5,-0.0125755,0.00391161,-0.0149424,0.00909122,0.00426389,0.0167561,0.000291265,0.00161118,0.000790229,0.0158298,-0.012128,-0.0111163,0.00518678,-0.0215027,-0.00927304,-0.00202556,0.00219016,-0.00185483,0.0081568,-0.0026224,0.0155334,0.000386301,-0.00281656,-0.000865141,-0.0050655,-0.00587793,-0.00080972,-0.0007112,0.00118142,0.00393287,0.00706051,-0.00270099,-0.0105322,-0.000828789,-0.0147086,0.00350302,0.00853938,0.00361691,-0.0178033,0.00166847,0.0092152,-0.00802459,0.00733397,0.00441313,0.0168046,-0.0233866,0.0199755,-5.73E-05,0.0238203,-0.00196538,0.0159014,-0.0024091,-0.0137605,-0.0174201,-0.0076672,0.00301755,-4.16E-05,-0.000755325,0.000131524,0.00293714,-0.00261873,-0.00333608,-0.000352946,0.00161632,-0.00410914,-0.00201468,-0.013939,-0.00209275,0.00087529,-0.00603222,0.0124505,0.00320351,-0.020592,0.010947,-0.0144636,-0.0138811,12.4,13.2,3.8,782.5,29.9,-4.6,34.5,20.4,2,22.3,2,1004,99,71,11,280,213,275,213
269,magister,-82.4079,39.53,mag25637am,5,-0.0153855,0.00303578,-0.00186909,-0.000978198,-0.000411093,-0.0067999,0.00460396,0.00203915,0.00491867,0.00648903,-0.0382359,-0.0116584,0.00147256,-0.0143844,-0.0120209,-0.000137342,-0.00407265,0.0012059,0.00934593,0.00141851,0.0094615,-0.00404699,-0.00474375,0.00398161,-0.00635447,-0.00291734,-0.00462355,0.00145053,-0.00752166,-0.00249766,-0.00120832,-0.00308438,0.00422673,0.00404122,-0.0149083,0.00678435,-0.000184443,-0.000622625,-0.00459141,0.00560004,-0.00125849,-0.0202177,0.00515208,0.00502201,0.00702461,-0.0115855,0.017934,0.00775903,0.00477567,-0.0121617,0.00729935,-0.000811585,-0.00696154,-0.0284564,-0.00404365,-0.00563674,-2.11E-05,-0.00111001,0.000728634,0.000492278,-0.000668221,-0.00386371,-7.81E-05,0.0016911,0.000836216,0.00390174,-0.00865209,0.00103736,0.00184434,-0.0102898,0.00510203,0.00593926,-0.0182122,0.0144035,-0.0174769,-0.00792463,10.7,12.9,3.4,879.2,29.2,-8.1,37.3,19.6,-1.2,21.5,-1.2,1017,113,61,20,315,198,300,198
270,magister,-77.75,41.32,mag57843af,5,-0.0149603,-0.00240199,0.026693,-0.00184195,0.00769145,-0.0143661,-3.48E-05,0.00175064,-0.0180857,-0.00349887,-0.0119715,0.00114704,0.00464986,-0.00925999,-0.0015609,0.00141109,-0.00936301,0.0025734,0.00510702,-0.00187255,0.0100446,0.00416825,-0.00224592,0.00189507,0.00125748,0.00254242,-0.0016463,-0.00450426,-0.00866308,-0.000431189,0.00816074,0.000281881,0.00178025,0.0082458,-0.00790957,0.00052641,-0.0105458,-0.00146968,-0.0208187,0.00222429,-0.000541399,-0.0236395,-0.00182171,0.00376304,-0.000226371,-0.0179696,0.0112226,0.0140024,0.000802446,-0.00675967,0.00891307,-0.027703,0.00985112,-0.0463194,0.0151154,-0.0106233,-0.00014889,-0.00174957,0.000718304,0.00455803,0.00476007,-0.00564294,-0.000791914,0.000779444,-0.00544967,-0.000390103,-0.0205581,-0.00055563,0.0103601,-0.0029253,0.0061216,0.00997355,-0.0234857,0.0154074,-0.0167546,-0.0155723,8.3,12,3.2,883.8,27.3,-9.6,36.9,17.3,-3.6,19.3,-3.6,1020,116,60,18,317,198,310,198
271,magister,-77.306,38.84,mag83713af,5,0.00146588,0.0024225,0.0239477,0.00593801,0.0180735,0.00670216,-0.0133217,0.00151367,-0.0186531,-0.000250903,0.0102651,-0.000436645,0.0174379,-0.012268,0.00190248,-0.00211086,0.000818548,-0.00262262,-0.00212355,0.00606365,0.00431025,-0.00249355,-0.000971236,2.90E-06,-0.00423044,0.00114804,-0.0101705,-0.000480317,-0.0043239,-0.00190282,-0.000559763,-0.00218823,-0.0048649,-0.00297529,0.00342556,0.00219053,0.00742158,-0.00642846,-0.0104717,-0.0082215,0.0291251,0.00120436,0.0106443,0.00936325,0.00117187,0.00268526,0.00986311,0.0145544,-0.00556323,-0.00416894,-0.00506949,-0.0172273,-0.0314811,-0.0099349,-0.000648084,0.00911543,0.000628916,-0.00114712,0.000989684,-0.00087811,-0.000787444,-0.00688888,-0.0026085,-0.00413079,-0.00229688,0.00895281,-0.00895127,-0.0135774,0.000900185,-0.0107059,0.00553885,-0.00863821,0.000905097,0.0068982,0.00722029,-0.0199391,12.5,11.9,3.3,848.5,30.2,-5.1,35.3,23.2,1.2,23.2,1.2,1025,102,70,11,287,221,287,221
272,magister,-77.78,41.33,mi98482am,5,-0.0165538,0.0109055,0.0149102,-0.000956832,0.00757024,-0.0092976,-0.00968306,0.00393337,-0.0230774,0.00118915,-0.0389455,-0.00461096,0.00690625,-0.0148744,0.00667576,0.0013694,-0.0119021,0.00327485,0.00408831,0.000208086,0.00648781,-0.00204279,0.000689983,0.00186047,0.00365386,0.001265,-0.00684627,-0.0010919,-0.0035653,-0.00196818,0.0125603,-0.00260053,0.00113252,0.000488856,-0.0114992,0.004948,-0.00830685,-0.00627862,-0.00267827,0.00149197,-0.00410958,-0.0187725,0.00268584,0.00184188,0.00771265,-0.021971,0.0111097,-0.00354517,0.005155,-0.0128658,0.0166724,-0.0107595,-0.010437,-0.0325408,0.0161459,-0.00225404,5.14E-05,0.000190082,1.12E-05,0.000896241,0.00214835,-0.00464301,-0.000765397,0.00214509,-0.0040608,0.00179749,-0.0103746,-0.00219195,-0.00185753,-0.00198033,0.0122329,0.00421351,-0.0167253,0.00852559,-0.0144596,-0.0127002,8.3,12,3.2,883.8,27.3,-9.6,36.9,17.3,-3.6,19.3,-3.6,1020,116,60,18,317,198,310,198
273,magister,-84.763,35.79,mi157537af,5,-0.00340745,0.00505421,-0.0136385,0.00433038,0.0115903,-0.0171972,0.00191882,0.0144865,-0.00481984,-0.007981,-0.0295541,-0.0163494,0.0206837,-0.00849441,-0.00952923,0.000568577,-0.0112416,0.00474457,0.0103893,-0.00203968,-0.00315492,0.00402686,-0.00832865,-0.00768137,0.00191037,0.00355094,-0.00588894,-0.00565407,0.0101181,0.00141699,-0.00216881,0.00566444,-0.00252173,0.00848695,-0.0136744,-0.00182648,-0.013324,0.00133834,-0.0183426,0.000947322,0.00947577,-0.0178105,0.00148698,-0.00770886,0.000604174,-0.00827263,0.00574039,0.00548312,0.004924,-0.00037516,0.024149,-0.0163061,-0.00461392,-0.0352458,0.00188559,0.0237588,9.97E-05,2.10E-05,0.000183681,-0.00127673,-0.00193558,-0.00657938,-0.000807539,0.00829505,-0.0039221,0.000742319,-0.0188535,0.00329148,0.00256833,-0.000995166,0.00820286,0.00534196,-0.027817,0.0219934,-0.0180222,-0.0022975,13.8,13.5,3.8,783,30.8,-3.9,34.7,4.9,19.5,23.5,3.2,1418,152,86,16,397,284,333,386
274,magister,-82.4079,39.53,mi258214am,5,-0.00904585,0.00505625,0.00915941,0.00255553,0.000451273,0.000399203,0.0125043,0.00556528,-0.0167784,0.0148981,-0.0319541,-0.0101624,0.0255744,-0.0128847,-0.0101035,-0.000416791,-0.000872531,-0.00503999,0.00846255,-0.000112403,0.0196643,-0.00175828,-0.0124339,0.00109475,-0.00501033,-0.000926144,-0.00441381,-0.00150539,-0.00551905,-0.00343173,0.00141838,-0.00784322,-0.00714747,0.00332023,-0.0139865,0.00608018,-0.0061113,-0.00185991,0.00402564,-0.00624574,0.00675598,-0.0145891,0.00385086,-0.00460867,0.00554567,-0.00691199,0.00116736,0.0131596,-0.00293797,-0.0103223,0.00776549,0.0129453,0.0223803,-0.0117022,-0.00957392,-0.0185613,-6.58E-05,0.000777886,0.000422688,0.00465578,-0.00476905,-0.00194214,1.65E-05,0.000555673,-0.000507231,0.000661522,-0.00630221,-0.00373898,-0.000792985,-0.00667751,0.00967127,0.00199267,-0.0146818,0.0131088,-0.0152064,-0.0128567,10.7,12.9,3.4,879.2,29.2,-8.1,37.3,19.6,-1.2,21.5,-1.2,1017,113,61,20,315,198,300,198
275,magister,-80.533,37.36,mi364564am,5,-0.00648121,0.00492807,0.0059916,0.00695919,0.00220926,-0.0191763,-0.0105679,0.00984813,-0.0156583,0.00260362,-0.0529514,-0.0140165,0.00930005,-0.00786497,0.00018861,0.000648105,-0.00281672,-0.00165359,0.00268452,-0.000398536,0.0128339,0.000419286,-0.00686987,-0.00408742,-0.00319637,-0.00259982,-0.00325085,-0.00161712,-0.00355132,0.00227299,0.00992393,0.00124462,-0.00409527,0.000320534,-0.0249026,5.29E-05,0.00214994,0.0034263,-0.00581684,-0.00611541,0.012318,-0.0126883,-0.00609851,0.00134159,0.00615766,-0.0254669,0.00789937,-0.00569722,0.00482174,-0.0130998,0.0133361,0.00243441,-0.0169595,-0.0209183,0.00105278,0.032356,0.000101913,0.00126436,0.000535653,0.000828357,-0.00138936,-0.00720467,-0.000946652,4.97E-05,-0.00209496,0.00170386,-0.0114549,0.000750345,0.00178037,-0.00577132,0.00597405,0.00197479,-0.0143749,0.0125712,-0.0090025,-0.0109262,9.1,12.1,3.6,760,25.4,-7.7,33.1,16.8,-1.1,18.5,-1.1,1118,111,77,11,317,235,304,235
276,magister,-79.571,38.194,mi499685am,5,-0.00905165,0.00665191,0.0146281,-0.0123333,-0.00320898,-0.0111962,0.00676848,-0.000422654,-0.0132125,0.000841014,-0.0401072,-0.00149094,0.0184859,-0.00985313,0.000976674,0.00190083,-0.0028604,0.00201014,0.00675538,-0.00101032,0.0111227,-0.00285585,-0.000239857,-0.00133377,0.00147141,0.000946647,-0.00346802,-0.000115366,-0.0100147,0.000920974,0.0126172,0.000269798,0.00168889,-0.00126038,-0.0144535,0.0040591,0.00278561,-0.0015812,-0.00454077,0.00249022,0.0111323,-0.0129818,-0.00462115,0.00772486,0.00303028,-0.0238608,0.0246653,-0.00503206,4.31E-05,-0.012184,0.012231,-0.00406669,-0.024006,-0.0111485,-0.00323589,0.000104581,0.00022997,-0.00202742,0.00107651,0.00262957,-0.00108133,-0.00580187,-0.00222261,1.28E-05,-0.000408999,0.00195055,-0.0116893,-0.0126026,-0.000901214,-9.04E-05,0.0072581,-0.00596161,-0.0151129,0.0187954,-0.00981279,-0.0106833,10.9,13.6,3.8,795.1,28.7,-6.7,35.4,19,0.3,20.9,0.3,1030,105,69,12,291,213,283,213
277,magister,-79.45,39.1,mi506905af,5,-0.00337155,0.00358546,0.0145037,0.00217781,0.0144507,-0.0152383,0.0109552,0.000786669,-0.00985358,-0.00823334,-0.0425007,-0.0131893,0.00612293,-1.50E-05,-0.0106518,0.00116211,0.00359627,-0.000133001,0.0074855,0.000829014,0.00588771,0.00176486,-0.00286498,0.000346014,0.00104735,-0.00235332,-0.00410034,0.00313633,0.00219593,-0.0019893,0.00544803,-0.0035403,0.00787207,-0.000108781,-0.014449,0.00342707,-0.0115301,-0.00591903,-0.011211,0.00290437,-0.00209113,-0.0195388,0.00648619,-0.00268126,0.0218779,-0.0274681,0.0254281,-0.0227167,0.00490776,-0.0138943,0.0181115,-0.0146793,-0.00479425,-0.0301272,0.00280556,-0.0172155,-0.000115721,-0.00236932,-0.000116905,0.00202399,0.00418627,-0.00517152,0.000699487,0.00546565,-0.00121253,-0.000580767,-0.00520457,0.00552718,0.00561021,-0.00160394,0.000965484,0.0160414,-0.0158905,0.00563504,-0.0207948,-0.000469735,7.4,11.9,3.4,798.1,24.3,-9.9,34.2,15.5,-3.4,17.2,-3.4,1344,129,94,10,380,304,370,304
278,magister,-71.458,43.58,mi2432952am,5,0.0075744,0.00447527,0.00508189,0.00453471,0.0144728,-0.0068191,0.00793799,0.0110557,-0.0157097,-0.00355942,-0.0081317,-0.0014567,0.00891713,0.00372967,-0.011355,-0.00236316,0.00710022,-0.0016237,0.00775511,0.00132482,0.00174519,-0.00467276,0.0076455,-0.00116989,0.00835719,-0.00108079,-0.00071694,-0.00328527,-0.000629684,-0.00314388,0.00442337,-0.00115135,-0.0126027,-6.42E-05,0.000929666,0.0019277,0.000937084,-3.17E-05,-0.0152346,-0.0113357,0.0112516,-0.00527658,0.00850739,0.00896907,-0.00466471,-0.00800483,0.00741198,0.0174574,0.00649603,0.000588739,-0.0074078,-0.01565,-0.0305843,-0.00756058,0.0132273,-0.0124794,-0.000103002,-0.00270682,0.000544437,-0.000368517,0.00183651,-0.00556721,-2.22E-05,0.00118305,-0.000436786,-0.00217244,-0.00974486,-0.00223464,0.00749179,-0.00831775,-0.00126431,0.000324134,-0.00973104,0.0107438,-0.00190844,-0.0032048,6.4,13.3,3.2,955.1,26.9,-14.4,41.3,1.6,-5.1,18.3,-6.6,1078,109,75,10,295,232,282,244
279,goldmani,-101.11,25.68,g36338af,6,0.0127272,0.000381866,-0.0267764,0.00945317,-0.00378325,0.00178333,-0.00459657,0.00541959,0.0279239,0.00660634,0.0202556,-0.00862929,-0.0297288,0.00355472,-0.000955852,-0.000152398,0.017041,2.83E-05,-0.00747027,-0.00125566,-0.0122419,0.000932257,0.00412634,0.0080419,0.00234479,0.00681412,0.00640856,-0.00295686,0.00801684,-0.000976157,0.000103844,0.00338757,-0.000494323,-0.005086,-0.00987725,-0.00529619,0.00832625,0.00129955,0.00482064,-0.00941785,0.0143967,0.00945988,0.00580526,0.00934575,-0.014427,0.00681677,-0.0125684,0.0157415,0.00113132,0.00864188,-0.0122174,0.00336463,0.0170222,0.0068793,-0.00257182,0.00858848,-0.000185385,-0.00144088,-0.000414714,-0.000156677,0.00264658,0.00550684,-0.000272466,-0.000689991,0.00394997,0.00451506,0.0105943,-0.0013106,-3.27E-05,-0.00572705,-0.0136374,-0.0218835,0.0268949,-0.0197401,0.0140557,0.0156863,19.6,13.8,5.1,473.6,32,5.2,26.8,24.3,14.5,25.1,13.2,262,43,6,56,123,29,110,38
280,goldmani,-101.11,25.68,g36339agf,6,0.0119441,0.00729927,-0.00744507,-0.0105521,0.0132305,-0.0293329,0.00771936,0.010084,0.0205331,0.00258291,0.0115009,-0.0109466,-0.013019,-0.00352525,-0.00299307,0.0012946,0.0177099,0.000203566,-0.000526637,-0.00629383,-0.0153247,0.00182052,-0.00284011,0.00170037,0.00513286,0.00472192,0.0120492,-0.00561339,0.00779202,0.000404145,0.0075071,0.0033756,0.00225689,-0.00426777,-0.0055289,-0.00357342,0.00259482,-0.00223271,-0.00147068,0.00540043,0.0222743,-0.00191801,0.00244436,0.00371276,-0.0183282,0.00950387,-0.0103587,0.0250259,-0.00682743,0.00451749,-0.0303965,-0.00112042,0.0214152,0.00948523,-0.00204209,0.0259729,0.000365039,-0.00163585,0.000653772,0.000799126,0.00400605,0.00120714,-0.00286303,-0.00147404,-0.000219455,0.00603467,-0.00168231,-0.0128053,-0.000211805,0.0005373,-0.00107673,-0.018341,0.0105091,0.00024131,0.0111681,-0.0110734,19.6,13.8,5.1,473.6,32,5.2,26.8,24.3,14.5,25.1,13.2,262,43,6,56,123,29,110,38
281,goldmani,-100.88,22.24,g36877am,6,0.0213951,-0.000179112,-0.0234916,0.0170406,0.00763082,-0.0175639,-0.000732491,0.0108168,0.0101693,0.00413678,-0.00322804,-0.0140949,-0.023843,0.00547886,-0.00389035,-0.000571398,0.0128685,-0.00109992,-0.000430108,-0.00253289,-0.0133858,0.00342937,-0.000444335,-0.000285506,-0.00188309,0.00184973,0.00154909,-0.00625894,0.0062499,0.00203992,0.0023755,0.00230733,0.00425815,-0.00339085,0.0016987,0.00158589,-0.00399209,-0.00115321,0.00706949,-4.75E-05,0.00668725,0.00010967,-0.00380658,-0.00127569,-0.01083,-0.00213738,-0.0137172,0.00796455,-0.00658058,-0.00416335,-0.00993161,0.00959929,0.0142576,-0.00755231,0.00191995,0.0147984,-0.000224887,-0.0013363,-0.00016678,-0.00142908,0.00297891,0.00618999,0.000992807,-0.00215905,0.00023158,-0.00290619,0.0040736,-0.00386691,-0.000961047,0.00436284,0.00136878,-0.0118216,0.0066041,-0.00303445,0.00343761,-0.00886966,18,16.3,6.5,253.4,30.1,5.4,24.7,20.2,15.7,20.8,14.5,354,63,8,70,165,27,116,29
282,goldmani,-103.42,25.51,g40757am,6,0.0132806,0.0022054,0.00412233,0.00825602,0.00545235,-0.0170878,-0.00563315,0.00130677,0.012984,-0.00217458,0.00676218,-0.00417785,-0.0286108,-0.00250476,-0.00355553,0.000817644,0.0195881,-0.00443852,-0.00469414,-0.00040725,-0.00347248,0.00330503,0.00949635,0.0114763,-0.00166951,0.00432034,0.0121415,-0.0106704,0.00187712,0.00356148,0.0124134,0.00073763,-0.000195062,0.00297991,0.0116734,-0.00279354,0.0194029,-0.00721148,-0.0129722,-0.00870293,0.0145943,0.00218109,0.000317905,0.00871976,-0.0217691,0.0175423,-0.0205011,0.0110418,0.0042773,0.00415796,-0.0151789,-0.000699086,0.0433619,0.00800314,0.0238978,-0.0343695,-0.00059003,0.00297658,0.000555623,-0.00338786,0.00187007,0.00270224,-0.00151334,-0.000990896,0.0089746,0.00051649,0.0188857,-0.0165971,-0.011797,0.00542148,-0.00707638,-0.0299171,0.0302984,-0.0160829,0.0201768,0.00490157,21.2,18,5.7,479,36.1,4.7,31.4,25.6,19.4,26.5,14.6,238,45,2,75,125,13,112,26
283,goldmani,-103.42,25.51,g40758am,6,-0.00694058,0.000982355,-0.0177016,-0.00216031,0.0105534,-0.00880102,-0.00269579,0.0056577,0.0036247,-0.00131968,0.0241129,-0.0119758,-0.00555482,0.00632149,-0.00128454,0.00191221,0.000726549,0.000937526,0.00149424,-0.00332586,-0.0213631,0.00485899,-0.00222397,0.00508307,-0.00229463,0.000980825,0.00430926,0.000166006,0.00790871,-0.00448013,0.00284084,0.00292542,0.00499921,0.00472249,0.0035935,-0.00701511,0.00734378,-0.0064135,-0.00493679,0.00051583,-0.00261803,0.000869655,-0.00210338,0.00464301,-0.0100382,0.00362996,-0.0107253,0.00814754,0.00747564,-0.00314624,0.0101823,0.0268445,0.0232588,-0.00943691,-0.023231,-0.0189421,-0.0001973,-0.00356685,-0.00113474,-0.000732857,-0.00167065,0.0114325,-0.000171523,0.00202576,0.000386807,0.00359669,0.00588414,0.00107236,-0.00266017,0.000910455,-0.00458754,-0.0105974,0.0126625,-0.00867538,0.00925007,0.00830321,21.2,18,5.7,479,36.1,4.7,31.4,25.6,19.4,26.5,14.6,238,45,2,75,125,13,112,26
284,goldmani,-103.84,25.81,g40763af,6,0.010886,0.00309916,-0.00206246,0.00185334,0.00331071,-0.00470343,0.000407603,-0.00271859,0.0229042,0.00810076,0.017992,0.0058973,-0.0066797,0.00400218,-0.00362394,-0.00133548,0.0180034,-0.0039645,0.00088881,-0.000357913,-0.00285895,0.00681262,0.0112059,0.00406154,0.0049631,0.00324176,0.0190585,-0.00606381,0.0122143,0.0087381,0.00350346,0.00292444,-0.00475816,-0.00766262,-0.0024158,-0.00439651,0.0149779,-0.000298476,-0.00285144,0.00027199,0.0204109,0.0124968,0.00511371,0.00213448,-0.0175909,-0.00583011,-0.0229909,-0.00519534,-0.0111446,-0.00295553,-0.0256282,0.0127817,0.0442128,0.0236829,-0.00544233,0.0126105,0.000312775,-0.00133119,0.00131006,0.000863562,0.00247873,0.00808406,-0.00268426,-0.00528286,0.0078252,0.0094248,0.0142936,-0.008976,-0.00451906,-0.00223088,-0.0103153,-0.0270396,0.0279444,-0.0106744,0.0121728,0.00909865,20.2,18,5.7,469.2,34.8,3.7,31.1,24.6,18.2,25.5,13.7,286,73,4,95,173,14,150,20
285,goldmani,-103.57,25.51,g40765am,6,0.000322707,-0.000540848,-0.00130882,-0.0034104,0.00770135,-0.000545673,-0.00345416,-0.00746159,0.0141319,0.00142044,0.0120113,0.00941107,-0.0134246,0.00926867,-0.00076263,-0.00160498,0.00955807,0.00403588,-0.00365073,-0.00288193,-0.0023085,0.00858032,-5.67E-05,0.0074702,0.00566955,-8.37E-05,0.00734162,0.003048,0.00494183,0.000963833,0.00192513,0.000972089,0.00530075,-0.00560192,0.00641883,-0.00989749,0.0174288,0.00428323,-0.0102705,-0.0067181,0.00459066,0.010898,-0.00627343,0.0122048,-0.00646986,0.000936081,-0.00492686,0.0059753,-0.000768431,0.000509778,-0.0240359,0.0102321,0.0177137,0.013415,-0.0100318,0.00990884,2.62E-05,-0.000336221,0.000140968,0.00109306,0.000143558,0.0103227,-0.000749769,-0.00182556,0.0079093,0.00477378,0.0199526,-0.00555928,-0.00889468,0.00730499,-0.00773731,-0.00213077,0.0173179,-0.0070775,0.00455014,0.00540104,21,17.7,5.7,476.8,35.6,4.6,31,25.4,19.2,26.4,14.5,253,53,3,76,139,15,117,25
286,goldmani,-103.95,27.78,g56839af,6,-0.00590058,0.00421948,-0.00986134,0.001137,0.00940558,0.00295882,-0.0184389,-0.00503273,0.00211237,0.0121309,0.00649237,-0.00114393,-0.0147601,0.00621702,0.0103146,0.00070922,0.00138773,0.00131587,-0.00595018,-0.00225594,-0.00520003,-5.48E-05,-0.0025875,0.00611516,-0.00467558,-3.46E-05,0.0153237,0.00283086,-0.00217005,0.000675119,0.0114278,0.0021792,0.00300127,-0.00464047,0.00794743,-0.00261323,0.00475701,0.00331516,-0.00384942,0.00369203,0.00935192,0.00135827,0.00343331,0.0129835,-0.0119533,-0.0225558,-0.000237626,-0.00575332,0.00356901,0.00206643,-0.0382529,0.00990222,0.0295306,0.00608837,-0.0228165,0.0277203,-0.000186711,-0.00185015,-0.000169779,-0.000477557,0.00255407,0.00577576,0.000445791,-0.00271516,0.00448137,0.00388242,0.0157104,-0.00478358,-0.00732156,-0.000339135,-0.00155378,-0.0154902,0.0179302,-0.0114413,0.00216837,0.00145992,18.1,15.3,4.9,569.4,33,2,31,23.7,15.4,24.8,10.3,321,69,5,85,191,21,165,31
287,goldmani,-101.42,24.61,g58610af,6,0.00335685,0.00281714,-0.00482725,0.00150136,0.019668,-0.000929219,-0.00869666,0.000271249,0.0186857,-0.00730876,0.024786,-0.00330105,-0.0339775,0.0108617,-0.000992451,-0.00193193,0.0172711,-0.00343117,-0.00545688,0.00199119,-0.012724,0.00701058,0.00109199,-0.000967945,-0.00164575,0.000806308,0.014693,-0.00304089,0.00213102,0.0024259,0.00514005,0.0112631,-0.00678437,-0.0084526,0.013361,-0.00313192,0.0159906,-0.00274649,-0.0109885,-0.00295283,0.0200139,0.0199082,0.00349675,0.00867144,-0.0152603,0.00304425,-0.0127641,0.00330526,-0.0160627,-0.00221374,-0.0310834,-0.00258951,-0.0068882,0.0122536,-0.023266,0.0112458,-0.000193509,0.000636744,0.00074208,-0.00172965,-0.000830914,0.00919612,-0.00253261,-0.00161732,0.00600971,0.0130021,0.0115177,-0.012647,0.00485474,-0.00914193,-0.0152601,-0.0363628,0.0376692,-0.0114143,0.0195599,0.00776369,15.8,18.3,6.8,315.7,28.9,2.2,26.7,18.6,14.1,19.2,11.2,460,69,17,45,185,58,156,68
288,goldmani,-100.983,25.433,g116897am,6,0.0299732,0.00323785,-0.0037589,-0.000459599,0.000965136,-0.0155143,0.00892793,0.00010562,0.0231105,-0.0120072,0.00594528,0.00292809,-0.0131686,0.000307935,-0.00666831,-0.00552322,0.00573306,0.00212714,0.00503981,-0.00302659,-0.00492476,0.007793,0.00344734,2.69E-05,0.00739904,0.0037094,0.0024716,-0.00563582,0.00526176,0.00272514,-0.0044993,0.00139819,-0.00172797,-0.00691085,0.00220717,-0.00410444,0.0118379,0.00625237,0.00043066,0.00821429,0.0105263,-0.0103588,0.0121491,-0.00187878,-0.00661201,0.00415299,-0.0177476,0.0183524,-0.0145035,-0.00358868,-0.00154628,0.0195925,0.0376651,-0.0171436,-0.0136724,0.028528,-0.000496737,-0.00128383,-0.000219216,-0.00295776,0.00770804,0.00489601,0.000794815,0.00208598,-0.000219963,-0.00395781,0.00166408,-0.00295674,0.00417356,0.00757258,-0.00769671,-0.00833361,0.00694926,-0.00482366,0.00524513,0.00993398,18.7,14.2,5.3,443.1,31.4,5.1,26.3,23,14,23.9,12.7,317,57,6,61,152,29,134,37
289,goldmani,-100.983,25.433,g116898am,6,0.0221291,-0.00364763,0.00576916,0.00510895,0.00534584,-0.0084953,0.000335256,0.00407067,0.0098439,-0.00213037,0.0262369,-0.00796664,-0.00509272,0.00261105,-0.00129962,-0.00200783,0.0165944,-0.00356733,0.000391506,0.000148797,-0.0168985,0.0044841,0.00657344,-0.000180449,-0.000639933,0.00579947,0.00939239,-0.00320158,0.0077301,0.00310458,0.00514743,-0.00160704,0.00552369,-0.00691155,-0.00212475,-0.00427873,0.0168106,-0.00547399,0.00330572,0.0037711,0.0123931,-0.00056648,-0.00354969,0.00312398,-0.00582736,-0.00277992,-0.0140247,0.00810247,-0.0116393,-0.00555249,-0.0103695,0.0174223,0.018471,-0.00456578,-0.0281796,0.0275233,5.78E-05,-0.00192968,8.31E-05,-0.00094147,0.00459765,-0.00370992,-0.00106831,0.000620482,0.00204027,-0.0036135,0.00339998,-0.00774309,-0.0020077,0.00539796,-0.00351661,-0.019371,0.0114591,0.00172872,0.0160952,-0.00392372,18.7,14.2,5.3,443.1,31.4,5.1,26.3,23,14,23.9,12.7,317,57,6,61,152,29,134,37
290,isthmica,-96.42,16.92,i71886af,7,-0.0187781,-0.00170389,0.0234084,-0.00288325,-0.0068589,0.00621086,-0.00112202,0.00567542,-0.0206375,0.000786173,0.00418854,-0.00863494,0.00108387,-0.00610603,0.00309573,0.00060771,0.000316772,0.00313207,-0.00897972,-0.00103713,0.00937021,0.00092281,-0.010441,0.00028773,-0.00290056,-0.000805771,-0.00602789,0.00286783,-0.00757633,-0.00252154,0.00227002,0.00273419,-0.00142496,0.00599434,0.00129836,-0.000449452,-0.0072674,-7.15E-05,0.018551,-0.00163645,0.000407692,-0.000915766,0.0036719,0.00449056,0.00466023,0.0186185,-0.00703203,0.0253076,-0.00261973,0.00915975,0.00236985,0.000713022,0.000671977,0.0181596,0.024137,-0.00878749,0.000175084,0.00041511,0.000517701,0.00297771,-0.00685407,-0.00364564,-0.000311036,-0.00507117,0.0055736,0.00554038,0.00784451,-0.00393463,-0.00335088,-0.00378885,-0.000873037,0.00143503,0.00218521,0.00344423,-0.00994235,0.00453506,17.6,13.9,6.8,161.7,27.9,7.5,20.4,18.5,15.6,19.7,15.4,598,134,4,90,305,17,234,21
291,isthmica,-96.42,16.92,i71887a,7,-0.00138248,0.00383049,0.00138304,-0.00302685,-0.0018081,-0.00791285,0.00522419,0.000311652,-0.0132418,-0.000759903,-0.0175303,0.00832647,0.00316268,-0.00784542,0.00250373,-0.00398682,-0.00725823,0.000702454,-0.0010634,-0.00321024,0.00352754,0.00334861,-0.00368539,0.00329373,0.00383944,0.00176777,-0.00870312,-0.00408329,0.00891192,0.000471967,0.00158859,0.000788532,0.00199806,-0.000357991,0.00387151,0.00207503,-0.0072433,-0.005973,-0.012038,-0.00890358,-0.00619185,-0.0106357,0.0127371,-0.00279348,-0.0121823,0.0147371,0.0142631,0.0178674,0.00748047,0.0168722,-0.00339861,-0.0205509,0.00661853,0.0100655,0.0255204,-0.0127798,2.16E-05,-0.00176141,0.00027701,-0.000279164,0.000125619,0.00396337,-0.000371345,-4.93E-05,-0.00138781,0.0073531,-0.00941795,-0.00191688,0.0113963,-0.00331135,-0.00537303,0.000993322,-0.00561977,0.00760083,-0.00767671,-0.000509685,17.6,13.9,6.8,161.7,27.9,7.5,20.4,18.5,15.6,19.7,15.4,598,134,4,90,305,17,234,21
292,isthmica,-97.3213,17.7166,IS70049am,7,0.0131341,-0.000130925,0.00157578,-0.00175604,-0.0107113,-0.00464528,0.00130478,0.00164567,-0.00922067,0.000708091,-0.0241508,-0.00184876,0.0070882,-0.0186002,-6.33E-05,0.00153988,-0.00626543,0.00690137,-0.00126098,-0.00479613,0.00387857,0.000853026,0.00483823,-0.000622382,0.00726783,0.000602253,-0.00268902,-0.000563764,0.00883986,0.0010029,0.0082117,0.00561776,0.00957654,0.00402711,0.00156526,0.00434906,9.10E-05,-0.00571976,-0.0165758,0.00207007,-0.00262817,-0.0207211,0.00424567,-0.00367409,-0.0264375,0.02038,-0.037652,0.0166274,-0.00106075,0.00766742,0.0165278,0.000467057,-0.00736063,0.00853248,0.0185266,0.00858724,-0.000250373,-0.000259397,-0.000233534,-0.00217002,0.00577397,-0.0165505,0.000676181,0.00149176,-0.00177966,-0.0040397,-0.000742583,0.000191713,-0.00138505,-0.00496025,0.00463623,0.00335307,-0.00362321,-0.00278102,-0.00297887,-0.0030475,15.3,16.5,6.9,168.2,26.9,3.1,23.8,16.3,13,17.3,12.9,620,133,4,88,317,17,237,24
293,isthmica,-95.15,16.244,IS73186am,7,-0.0117652,-0.000845529,0.00414829,-0.00242898,-0.0166706,-0.0044433,0.0224443,0.0144299,-0.000627026,-0.00842864,-0.0232167,0.0097084,-0.00334872,-0.01933,0.00844189,-0.00164208,-0.0234966,0.00609683,-0.00355588,-0.00387019,0.00499617,0.00377803,-0.00801979,0.00428407,-0.00386248,-0.000660938,0.000898759,0.00224807,0.00392323,0.00259473,-0.000694615,0.0100461,0.0062311,0.0032168,0.0126994,0.000702943,-0.0171058,-0.00602658,-0.0183189,0.00193781,-0.00389863,-0.0173022,0.00624257,-0.00925816,0.00775916,-0.0103427,-0.00662256,-0.00640376,0.00257541,-0.00600929,0.0159174,-0.0134554,-0.00279646,-0.016782,-0.0190883,0.0014484,-0.000335717,-0.000652736,0.000216814,9.96E-05,0.00287119,0.00244191,0.00153007,0.000555484,-0.00367973,0.00181283,-0.0102845,0.012845,0.0170427,-0.00417333,-0.00709395,0.0126939,-0.00953828,0.00501226,-0.0100398,0.0039947,27.5,10.2,6.8,131.8,34.8,20,14.8,28.6,27.3,28.9,25.7,944,238,2,114,581,9,292,14
294,isthmica,-95.15,16.244,IS73191af,7,-0.000828134,-0.00391147,0.0131247,0.00466727,-0.00789631,-0.00611703,-0.00977094,0.0146764,-0.0117148,0.000648316,-0.0288874,-0.00559933,-0.000902138,-0.0196593,-0.000378644,-0.00227705,-0.00954074,0.00284348,-0.000972969,0.00152509,0.000614959,-0.00569004,-0.00939365,0.0105811,0.00245202,-0.00866638,-0.00562408,0.0047488,0.00452415,-0.00745318,-0.00642036,0.00217697,0.00377421,0.0112345,0.0069758,0.00498772,-0.000968287,-0.0134305,-0.00142093,0.00170466,-0.0148319,-0.0217784,0.0118203,0.00182405,-0.00578045,-0.0379507,0.00199684,-0.0329633,-0.00986529,-0.0071997,-0.00357189,-0.0117244,0.0125714,-0.00827363,-0.0333447,0.0145872,-0.000118427,0.00120974,0.000123223,0.00186833,-0.00171333,-0.00124025,0.00118894,-0.00204774,0.00309283,0.0105201,0.00829493,0.0164923,0.0060465,-0.0060538,-0.00856187,0.0104489,0.000952668,0.0022112,-0.0195502,0.0149184,27.5,10.2,6.8,131.8,34.8,20,14.8,28.6,27.3,28.9,25.7,944,238,2,114,581,9,292,14
295,isthmica,-95.15,16.244,IS73198af,7,0.00657176,-0.00713914,0.0122822,-0.0044055,-0.015368,-0.00806223,0.0111515,0.00187747,0.0035069,-0.00790421,-0.0170914,0.000597579,0.00809248,-0.00998176,-0.000280583,-0.00171375,-0.0134685,-0.000170892,0.00227759,0.00135155,0.00238248,-0.00132224,-0.000688495,0.00103264,-0.00458886,-0.000126601,0.000116777,0.00121268,-0.00207551,0.000378502,-0.011382,0.00193099,-0.00771842,0.00446836,-0.00431054,-0.000137129,0.00728941,-0.00287849,-0.00986151,-0.00333726,0.00552652,-0.0179186,0.000797488,-0.00540442,-0.00505573,-0.0129183,-0.00797208,-0.0178132,-0.00517117,-0.00195063,0.0247021,0.00887934,-0.0077041,-0.0146887,-0.0319586,-0.00295954,-0.000176963,-0.000637933,-0.000535728,3.48E-05,-0.00163945,-0.00262569,0.00133773,0.00155284,-0.00459128,-0.000287635,-0.00762528,0.00915925,0.00852101,-0.00646625,0.000408104,0.0111824,-0.00731143,0.000259159,-0.0037842,0.00149074,27.5,10.2,6.8,131.8,34.8,20,14.8,28.6,27.3,28.9,25.7,944,238,2,114,581,9,292,14
296,isthmica,-95.15,16.244,IS73201af,7,-0.00441263,-0.000521678,0.0240424,0.00129575,-0.00117398,-0.00534081,-0.0191149,0.00398649,-0.0239427,0.00130489,-0.0146231,-0.0097265,-0.0045963,-0.00380436,-0.00541296,-0.00386382,-0.0112488,0.00369748,0.00427078,-0.00140182,-0.00488525,0.00207721,-0.00728879,0.00228015,0.00215234,-0.00390827,-0.0110221,0.00614287,0.0123777,-0.00315345,-0.0184817,0.000271685,0.00672726,-0.000601458,0.00677719,0.00386764,-0.00840425,-0.00432771,0.0110719,0.00280332,-0.0198774,-0.00847128,0.00101065,-0.000927364,-0.00185406,-0.0300634,0.000162636,-0.0305686,0.00302354,-0.00222571,-0.0163273,-0.000688589,0.00538342,0.00642213,-0.0297327,0.0262023,0.000286235,0.00162259,0.00103267,0.00560946,-0.000314878,3.95E-05,-0.000353222,-0.00149766,-0.00145697,-0.00123437,-0.00351724,0.0142899,0.007665,0.00886192,-2.33E-05,0.0238969,-0.0139648,0.00484657,-0.020464,0.0051765,27.5,10.2,6.8,131.8,34.8,20,14.8,28.6,27.3,28.9,25.7,944,238,2,114,581,9,292,14
297,isthmica,-92.316,16.32,IS132932am,7,0.00726739,-0.00374031,0.017958,-0.00595565,0.0127562,0.00958478,0.00286986,-0.0136382,-0.00745088,-0.00101115,0.0234047,0.0131964,0.00686324,0.00155333,1.20E-06,0.000289211,-0.00241051,0.00227555,-0.00509965,-0.00140504,0.00274841,0.00243995,-0.00791363,0.000731342,-0.00829647,-0.00409087,0.000914918,0.00487738,0.000640316,0.000610847,-0.00266227,-0.00174271,0.00167808,-0.00717107,0.0153715,0.00236552,0.00212466,-0.00337539,0.00308091,0.00862465,-0.000274634,0.00587345,-0.000858522,0.0100016,-0.0112072,0.00266507,-0.00881646,-0.000162278,0.000629649,0.00453027,-0.0167401,0.00153506,-0.00328859,0.0178676,-0.000437725,0.00757978,0.000124239,-7.98E-05,0.000133895,0.00339139,0.00618305,-0.000303428,-0.00010255,-0.0011285,0.00298718,0.0076141,0.00980762,-0.00127906,0.0050428,-0.00959423,-0.0114904,-0.00953222,0.0195942,-0.0102613,0.00474885,0.00408945,19,14,7.3,124.1,28.4,9.4,19,19.6,17.2,20.4,17.2,1097,235,7,89,544,25,373,25
298,isthmica,-92.316,16.32,IS132933am,7,-0.00747564,-0.000749085,0.0241693,-0.00837376,-0.00204997,0.00234659,0.00332301,-0.00132723,-0.0123239,0.00819761,0.00740421,-0.00403374,0.00242744,-0.00118594,-0.00069635,-0.00234496,-0.0118634,0.00781908,-8.18E-05,-0.00234926,0.00971185,0.00363845,0.00683093,0.00338357,-0.000997877,0.00298993,-0.00230597,0.0030669,-0.00273968,0.000323307,0.00501745,-0.00142809,0.0107444,-0.000712005,0.00728212,-0.00197053,0.00663892,-0.00113424,-0.00477507,0.0035075,0.00297693,-0.00652884,0.00177898,0.00148232,-0.003086,0.00377615,-0.0141834,0.00240099,0.0055775,0.000718311,-0.00403459,-0.00785137,-0.00660147,-0.0226463,0.000937401,-0.0333693,-0.000234643,-0.00129831,-0.000662982,0.00101068,0.000988728,-0.00175914,0.00159513,0.00415162,0.00179154,0.00340839,0.00326009,0.0100947,0.00509781,-0.0126343,-0.00722401,-0.00568494,0.00413622,0.00118179,-0.00205968,0.0104387,19,14,7.3,124.1,28.4,9.4,19,19.6,17.2,20.4,17.2,1097,235,7,89,544,25,373,25
299,isthmica,-92.4833,16.516,IS132935am,7,-0.00311577,-7.90E-05,0.0196031,-0.000501852,0.0110052,0.0124853,-0.0018747,-0.00744874,-0.000734322,0.0108172,0.00358312,0.000751294,-0.0097473,-0.00426876,0.00617196,-0.00416462,-0.0032474,-0.00473018,0.00101894,-0.00217885,0.00880508,-0.00252026,-0.0020411,0.00798285,-0.000794658,-0.00277415,0.0115207,-0.00324594,-0.00579288,-0.000150126,-0.00173877,-0.00578176,-0.015426,0.00481335,0.0199947,0.000354936,0.00974028,-0.00364475,-0.00330654,-0.0086653,-0.00291284,0.00896277,0.0124984,0.000753832,0.00229839,0.0133984,0.00161099,0.0219866,0.000127144,0.00650776,0.0124001,-0.00588643,-0.00616578,0.00545849,0.00219453,-0.00407393,-0.000328748,-0.000992509,-0.000405824,-0.00325547,0.000601588,0.00275691,0.000967438,-0.00129047,0.00218428,0.0105596,0.00971456,0.00430724,0.000143047,-0.0120254,-0.00426587,-0.000270528,0.0124831,-0.0072536,0.000559951,-0.00596892,17.3,13.4,7.4,109.8,26.1,8.2,17.9,18,15.7,18.5,15.7,1303,259,12,85,653,44,426,44
300,isthmica,-92.4833,16.516,IS132936am,7,0.00496731,0.000260937,0.025749,0.00166586,0.016478,-0.0239619,0.00976011,0.0130234,-0.0132606,-0.00463356,-0.0221025,0.00281275,0.0103781,0.00887003,0.00162357,-0.0014313,-0.0226345,0.00756681,0.00656016,-0.0045374,-0.00498389,0.00355404,-0.00325643,-0.00327488,-0.00220952,0.00305128,-0.0011502,-0.001136,0.000927807,0.00472499,0.00674165,0.00397349,0.0112825,0.00141637,-0.00496661,0.00294637,-0.00492271,-0.00799698,-0.00572443,0.00289721,-0.0118613,-0.0143954,-0.00246234,-0.0112431,-0.000615239,0.0110136,-0.00830153,0.00939705,-0.00383128,-0.00127412,0.00581693,-0.00465154,0.0136731,-0.0232881,0.0131285,0.014453,-0.000223143,-0.0022536,0.000739635,-0.000823441,0.00180077,0.00101173,1.60E-05,0.00107808,-0.000244604,-0.00108398,-0.0111008,0.00468446,0.00988344,0.00362572,-0.00487606,0.00184015,-0.0137744,0.0157772,-0.00800637,0.0117231,17.3,13.4,7.4,109.8,26.1,8.2,17.9,18,15.7,18.5,15.7,1303,259,12,85,653,44,426,44
301,isthmica,-92.4833,16.516,IS132937am,7,0.0113111,-0.00547859,0.0188686,-0.00331543,-0.00024814,0.0124499,-0.00868061,0.00469826,-0.0103597,-0.00646515,-0.0194768,0.00956619,-0.0110298,-0.0107769,-0.000162538,0.00221937,-0.00809653,0.00520169,-0.00108884,-0.000836955,0.00713812,0.00109946,-0.00162206,-0.00257858,-0.00354311,-1.93E-05,-0.0120109,0.00372431,0.00828895,-0.00188231,0.000177505,0.0105547,-0.000161511,-0.00310352,0.00793664,0.000407269,0.00398635,0.00328158,-0.00383668,-0.00424855,-0.00982839,-0.0108372,-0.00088992,-0.0110321,-0.00238982,0.00659524,0.000452537,0.00176772,-0.0213914,-0.00411213,-0.0187268,-0.00510771,0.0146346,0.00657945,-0.0117268,0.00247911,-0.000251027,-0.0010982,0.00128532,0.000632861,-0.00113718,-0.00691833,0.00137532,-0.0023746,0.00741051,-0.00378232,0.00359409,0.00399451,0.0021318,-0.00313388,-0.00331621,0.00651338,-0.00885824,0.0183657,-0.00929088,-0.0040847,17.3,13.4,7.4,109.8,26.1,8.2,17.9,18,15.7,18.5,15.7,1303,259,12,85,653,44,426,44
302,isthmica,-92.4697,16.5322,IS132939am,7,-0.00268348,0.00127125,0.0302376,0.00285992,0.00669917,0.00269399,-0.0134369,0.00278196,-0.0177124,0.00340833,0.00297881,-0.00153074,-0.000943275,-0.00342831,-0.00363393,0.00239725,-0.00270685,0.0048706,0.000736215,0.000464569,0.00999904,-0.00381009,-0.00321524,-0.00435123,-0.00304974,-0.00415326,0.0101797,-0.0040291,-0.00250754,-0.00165428,0.000394016,0.000770658,-0.00141518,-0.00150525,0.0137741,0.00357708,0.0115061,-0.00410102,-0.01034,-0.00169281,-0.00526897,0.000576393,-0.0026091,0.00839478,-0.0114857,0.0164959,-0.00997844,0.0272371,0.00543633,0.00801526,-0.00760806,-0.00593765,-0.0144525,0.00539243,0.0110123,-0.0221147,-0.00019372,-0.00246988,0.000229086,-0.0011706,0.00151596,-0.00710335,0.00111619,-0.000294465,0.00463822,0.00269056,0.00756708,-0.0025637,0.00101475,-0.0159059,-0.00373016,0.00841565,0.00417387,-0.00114072,0.000145404,-0.011148,17.3,13.4,7.4,109.8,26.1,8.2,17.9,18,15.7,18.5,15.7,1303,259,12,85,653,44,426,44
303,isthmica,-92.4833,16.516,IS132940af,7,0.0121425,-0.00297638,0.0110126,0.00145491,-0.00792203,0.0026146,0.020799,0.00750772,0.00416888,0.00533394,-0.0148565,0.000236055,0.0111378,-0.0114207,0.00300197,-0.00824214,0.00443698,0.00115973,-0.000213943,-0.00384533,0.00268568,-0.00182988,0.000529409,0.00748886,-0.00386467,-0.00362026,-0.00271318,0.00800653,-0.00388812,-0.00163275,-0.0023567,0.00238466,0.0032551,-0.00569646,0.00440148,-0.000621482,0.00583972,-0.000388858,0.00570822,0.000953009,-0.00554688,-0.00307658,0.0100147,-0.00193018,-0.0118108,0.011329,0.0026092,0.00372222,-0.00813957,0.00926987,0.019113,-0.0340304,0.00122365,0.00628692,0.0312234,0.0127624,0.000188137,-0.000825865,0.000360184,0.00152916,-0.00484013,0.00163426,-0.00138661,0.000621177,0.00397259,0.00149116,0.00203135,0.00534059,-0.00783853,0.00621852,0.00155212,-0.00247873,-0.00613915,0.0124678,-0.00432615,-0.000825818,17.3,13.4,7.4,109.8,26.1,8.2,17.9,18,15.7,18.5,15.7,1303,259,12,85,653,44,426,44
304,isthmica,-92.4833,16.516,IS132942af,7,0.00070791,0.000474833,0.00728228,-0.00272314,-0.00654283,0.00798106,-0.0306914,0.0061155,-0.0158317,0.00790261,-0.00107197,-0.00127008,0.00769092,0.0108774,-0.00235267,0.00272776,-0.00909854,0.00478716,0.000442601,0.00348699,0.00463459,-0.00335024,-0.0102354,0.000266702,-0.00371748,0.000656726,-0.00392363,0.00442966,0.00054231,-0.000627936,-0.00190458,0.000850166,0.00148893,0.00136523,0.00954989,-2.45E-05,0.0110001,-0.00388291,-0.00637194,-0.000622964,-0.0127233,0.00885853,-0.00462968,0.00186706,-0.00278002,0.0128982,-0.00872593,0.0180167,-0.00153956,0.00255889,4.23E-05,-0.00119545,-0.0194865,0.0132705,-0.00166102,-0.0252683,-0.000325242,-0.00182422,-0.000224732,-0.000546778,-0.000484061,-0.00170608,0.000469701,-0.00386367,0.00255574,0.00554609,0.0109243,0.00615213,-0.00749685,-0.006651,0.00297661,0.00439805,0.00614288,-0.0078212,-0.00429155,-0.0084324,17.3,13.4,7.4,109.8,26.1,8.2,17.9,18,15.7,18.5,15.7,1303,259,12,85,653,44,426,44
305,isthmica,-92.4833,16.516,IS132945am,7,0.0138914,-0.00837532,0.0219765,-0.00270786,0.00355637,-0.00464259,0.0191451,-0.00745966,-0.0223687,-0.00503327,-0.0204244,0.0109976,0.0194481,0.00247225,0.00256205,-0.000541589,-0.0151983,-0.00216653,0.00624536,-0.00125169,0.000563609,-0.00147569,0.0016345,-0.00218692,0.00425459,-0.00123291,-0.00151547,0.00398594,-0.00118521,-0.0002791,0.00366216,-0.00308333,0.00238956,-0.00392409,0.00705889,0.00312925,-0.00307428,-0.0012074,-0.0103803,0.000240287,-0.00752155,-0.00169093,0.00935875,-0.00562714,-0.0234255,0.00268036,0.00840459,0.0166884,-0.00981747,0.000389433,-0.00506913,-0.0340358,0.0120351,-0.0136781,0.00983307,0.00494236,0.000390436,0.000121621,0.000127746,0.00578472,0.00132546,0.00325194,0.00199392,-0.000823393,-0.00418756,-0.000309888,-0.00335953,0.0122793,0.0149819,-0.00694173,-0.00702401,0.0132542,0.000415205,-0.00708964,-0.00285478,0.00242477,17.3,13.4,7.4,109.8,26.1,8.2,17.9,18,15.7,18.5,15.7,1303,259,12,85,653,44,426,44
306,isthmica,-95.15,16.244,SI73190am,7,0.0176109,0.00213223,-0.00113333,-0.00308337,-0.00314439,-0.00142468,-0.00454414,0.00781282,-0.00174839,0.00465364,-0.000290137,-0.00661662,-0.0106291,-0.00481487,-0.000208121,-0.00078416,-0.00344486,0.000594059,-0.0048353,0.00233312,0.00204691,0.000583101,-0.00426267,0.00280297,0.00146677,-0.000334199,-0.00160639,-0.000308827,0.00399502,0.000262105,-0.00867216,0.00287213,-0.000365581,0.00099205,0.00581415,0.00688137,-0.00126828,-0.00461661,0.00202103,0.0022425,-0.00556385,-0.00153303,0.00410221,-0.00840629,0.012159,-0.0198516,-0.00359145,-0.016916,0.00745898,0.000228914,0.00823446,0.00344554,0.0150087,-0.0139907,-0.0229493,0.00361254,-6.21E-05,-0.000658161,-0.000535353,0.000680607,0.000610649,-0.00608266,0.000804217,0.00188521,-0.00248722,0.00213944,-0.00100924,0.010191,0.0080629,-0.00372658,-0.00701349,0.0108225,-0.000110174,-0.00341727,-0.00333988,0.0175082,27.5,10.2,6.8,131.8,34.8,20,14.8,28.6,27.3,28.9,25.7,944,238,2,114,581,9,292,14
307,picta,-99.68,17.55,p98857af,8,0.00408187,0.00121375,-0.00401027,-0.00042472,-0.000378599,0.00645101,0.00474316,-0.00200682,0.00317369,0.00618646,-0.00956438,0.000286527,-0.00176851,-0.00497158,0.00317801,0.00391159,-0.0018406,0.00208846,-0.00399129,-0.00392503,-0.00216116,-0.00296705,0.00195791,0.00353719,-0.0104516,-0.00311166,0.00164133,-0.00333445,-0.004129,-0.00162038,0.00360126,-0.0051885,0.00481567,0.00216779,0.0116545,0.0053083,-0.00653677,-0.00805205,-0.0158135,0.00143564,0.00142519,-0.00331041,0.00693983,0.0072379,-0.00691629,-0.00164988,-0.000763779,0.0113008,0.00464664,-0.000488335,-0.00184025,-0.00793294,-0.0188282,-0.0276848,-0.00112703,0.0102141,-0.000224158,-0.00133369,0.000268364,-0.00361903,0.00128287,-0.00368056,0.00054808,0.004745,-7.74E-05,0.000560128,-0.00942664,0.00541825,0.00816535,-0.00281697,-0.00363106,0.00832319,-0.0138506,0.0141513,-0.00520854,0.00371359,17.5,10.5,7,84,25.3,10.3,15,17.3,17.8,18.6,16.4,1589,365,7,102,952,33,99,41
308,picta,-99.68,17.55,p98858af,8,-0.00663479,-0.00729737,0.0053807,0.0076252,-0.000991878,0.0140282,-0.00911507,-0.00302825,-0.0112329,0.0119306,0.000505537,0.000114929,0.00662242,0.00500263,0.00553834,0.0013078,0.00447161,0.0062125,-0.00697247,0.00165692,0.00638513,-0.000524849,-0.00589109,-0.0013415,-0.00792516,-0.000802156,0.0093446,0.0069973,-0.00159312,-0.00603326,0.00159139,-0.00165294,0.00812621,-0.00543825,0.00942444,-1.97E-05,-0.00258221,0.00486661,-0.00630783,0.00514764,-0.00664093,0.00886021,-0.00105798,0.00340591,-0.00607439,0.0226256,-0.0036761,0.0341191,0.00220763,0.00157323,-0.000352816,0.0104552,-0.0109074,-0.0074201,0.0236828,-0.0133714,3.44E-05,-0.00037276,0.000656778,-0.000606852,0.0053587,-0.00547586,-0.00131727,-0.000224964,0.00390366,-0.0043847,0.00624648,-0.00474603,-0.0109931,0.00990961,0.00356269,-0.00620856,0.00011776,0.00358058,0.00252988,-0.00357937,17.5,10.5,7,84,25.3,10.3,15,17.3,17.8,18.6,16.4,1589,365,7,102,952,33,99,41
309,picta,-99.68,17.55,p98859am,8,-0.00248053,-0.00320373,0.00835275,0.000694635,0.00329703,-0.024694,-0.00953974,0.00522248,0.00406707,0.000464293,-0.0290796,-0.00328751,-0.00263925,0.00932478,-0.00138001,0.00222796,-0.00139008,-0.00188303,-0.0016535,0.00350076,-0.01413,0.00308005,0.00929184,-0.00425315,0.00671265,-0.00263424,-0.0134484,-0.00120936,0.010897,0.00318918,-0.0105637,-0.00535747,0.00352341,-0.00396544,-0.0103715,0.00564612,-0.00921379,-0.00110531,-0.0116161,0.000683506,0.00263201,0.000360524,-0.00372613,0.00131626,-0.0177624,0.0146561,-0.0143577,0.0422268,0.00958942,0.00695806,0.0113999,-0.0156377,-0.0220782,-0.0134521,0.0226912,-0.00306573,-0.000243712,7.83E-05,-0.000247252,-0.00128522,0.00207731,0.00373458,0.000623465,0.00150848,-0.00311573,0.000795584,-0.00711059,-0.00410518,0.00817386,-0.00161264,-0.00130231,-0.00536487,-0.00284832,0.000119526,-0.00541823,-0.000327012,17.5,10.5,7,84,25.3,10.3,15,17.3,17.8,18.6,16.4,1589,365,7,102,952,33,99,41
310,picta,-99.68,17.55,p98860af,8,0.0145816,-0.00484949,0.0191323,0.00647731,0.0126793,3.00E-05,0.0114791,-0.0052171,-0.0271908,0.00670897,-0.00760579,0.00906646,0.0287974,0.00245963,0.0004977,0.00203916,-0.00370635,0.00655197,-0.00240648,-0.00121545,0.000211645,-0.00191781,-0.00310463,0.00180059,-0.00157694,-0.00408354,-0.0119042,0.00128441,-0.000867035,-0.00127288,-0.000845642,-0.00810134,0.000975145,-0.00396439,0.000682309,0.00169379,-0.0096993,0.0105612,-0.0036836,-0.0048104,0.00814883,0.000564491,0.0154825,0.00407693,-0.0194653,0.0222589,-0.0219328,0.0342994,0.0105995,0.0144987,0.00119411,-0.0211646,-0.00534211,-0.00418201,0.0315138,-0.00658275,-0.000158652,-0.000852049,0.000674052,-0.00202201,0.000668477,0.00316762,0.000743344,0.00151225,0.00182587,-0.000174869,-0.00507762,0.000888077,0.00440048,-0.00170388,-0.000752847,-0.00074478,-0.0109988,0.0147063,-0.00903448,-0.00667031,17.5,10.5,7,84,25.3,10.3,15,17.3,17.8,18.6,16.4,1589,365,7,102,952,33,99,41
311,picta,-99.68,17.55,p98863am,8,0.0138973,0.00601532,0.0185674,-0.00303378,0.030302,0.0105869,0.0118537,-0.00846368,-0.0238199,0.0137477,0.0446208,0.00275189,0.0148062,0.011011,0.00789993,0.00446555,-0.010006,0.00596037,-0.000779677,-0.00129558,-0.00819761,-0.00525208,-0.0138365,-0.00180623,-0.00608833,-0.00141654,0.00577766,-0.00831144,-0.0034585,0.000653972,-0.00776829,-0.00666414,-0.00281862,0.00675848,0.00556481,0.00532599,-0.00243297,-0.000733761,-0.0202933,-0.00441823,-0.000486102,-0.0036149,-0.00187545,0.00101413,0.00188407,0.0317785,-0.0124889,0.0302111,0.00993608,0.0127664,0.00280508,0.0100719,-0.0237984,-0.0102377,0.00581661,-0.000862253,-0.000146997,-0.00369674,-0.000744997,0.000209844,0.00362631,-0.00829039,0.000650705,0.000328591,-0.00376997,0.00516983,-0.00257746,0.00102628,0.00444684,-0.009896,0.00333195,-0.00176775,0.00139671,-0.000783168,-0.00351736,-0.0124566,17.5,10.5,7,84,25.3,10.3,15,17.3,17.8,18.6,16.4,1589,365,7,102,952,33,99,41
312,picta,-99.68,17.55,p98864af,8,-0.00157883,0.00436106,-0.000701415,-0.00390675,0.0266904,0.00947666,0.00801849,-0.0125687,0.00935489,0.000392232,0.0171903,-9.76E-05,0.0252369,-0.00125838,0.00369786,0.000651256,-0.00653728,-0.00187034,0.00361405,-0.00105822,-0.0144926,-0.00227738,-0.00201556,0.00153928,-0.000292763,-0.00438025,0.00475235,-0.000142708,0.000690801,-0.000752188,-0.0040465,-0.00970067,0.00103201,0.00413576,-0.00107274,0.0090314,0.00111784,0.000411999,-0.0151276,0.00135219,0.00455172,0.00059294,0.00178173,0.00241381,-0.00651517,0.0227811,-0.0127738,0.0285602,0.00803191,0.0157026,-0.000160659,0.00766561,-0.021326,-0.0136983,0.0188014,-0.0102433,-0.000294301,-0.00386083,-8.81E-05,-0.00302821,0.00388473,-0.00500879,0.000442828,0.00420144,-0.00282328,-0.00152438,-0.0110756,0.00747755,0.00769356,-0.000225575,-0.000983433,0.00152824,-0.0123633,0.0142733,-0.00568791,-0.00360442,17.5,10.5,7,84,25.3,10.3,15,17.3,17.8,18.6,16.4,1589,365,7,102,952,33,99,41
313,picta,-99.68,17.55,p98865am,8,0.00278989,-0.00454823,0.00355472,0.000389632,0.000635856,0.00260269,0.01239,-0.00593917,0.00134441,0.00298267,-0.00887484,0.00622846,0.0120282,-0.00124185,0.00721822,0.00229058,0.00330685,0.000970666,-0.00968987,0.00173844,-0.0023226,-0.00418707,0.00414579,-0.00435046,0.000350034,-0.000908474,0.000255654,8.74E-05,-0.00250141,-0.00164493,0.00283827,-0.0058932,-0.000991849,-0.00363128,-0.00812882,0.00229854,-0.00466301,0.00229849,-0.00876295,-0.00134942,0.00716463,0.00617204,0.00142326,0.00506959,-0.00580965,0.0296947,-0.00979605,0.0540302,0.00555337,0.00861,-0.00666114,-0.0109315,-0.0317714,0.00853766,0.0269022,-0.00944442,-0.000199501,-0.00347031,0.00025623,-0.0033141,0.00382178,0.00279367,0.000940543,-1.74E-05,-0.000557264,-0.000699787,-0.00514136,-0.00921543,0.00853619,-0.00682372,-0.00211814,-0.00685973,-0.00193204,0.002215,-0.00341013,-0.0103559,17.5,10.5,7,84,25.3,10.3,15,17.3,17.8,18.6,16.4,1589,365,7,102,952,33,99,41
314,picta,-99.68,17.55,p98866af,8,0.000977091,-0.00177358,0.010406,-0.00567666,0.0142473,0.00434929,0.00490915,-0.00585338,-0.0211635,0.00395726,0.00783193,0.000155713,0.0229141,-0.00176594,-0.00110084,0.000651612,0.00268102,-0.000221537,-0.00409887,0.00346386,-0.00374692,-0.00386129,-0.006171,-0.000182257,-0.00156016,0.00110294,-0.00406436,-0.00449782,0.00392184,0.00261804,0.00583219,-0.00175841,0.000464049,0.000176232,0.00816061,0.00540644,-0.00106965,0.0042575,-0.00899082,0.00228569,0.00397425,0.00557663,0.00264439,0.00881722,-0.0180346,0.0265953,-0.0180057,0.0455911,-0.00350741,0.0148137,-0.0129876,-0.02354,-0.0246333,0.0275225,0.0333949,0.0123838,-0.000218148,-0.00387037,-5.21E-05,-0.00390747,0.00146121,-0.00225311,0.000173615,0.0039537,0.00398139,-0.00286137,0.00364027,-0.00547994,-0.00125808,0.00119516,-0.00451813,-0.0113846,0.00247523,0.00692592,0.0027594,-0.00128209,17.5,10.5,7,84,25.3,10.3,15,17.3,17.8,18.6,16.4,1589,365,7,102,952,33,99,41
315,picta,-99.68,17.55,p98867am,8,0.00119725,-0.00475348,-0.000691873,0.00466276,0.0255144,-0.00021608,0.0153907,-0.00734486,0.00560183,0.000346989,0.00961548,0.0116569,0.0118304,-0.0136745,0.00895198,-0.000215935,0.00128685,-0.00434433,-0.00400183,-0.00024103,-0.00371167,-0.00517043,0.000619155,-0.00180354,0.00188638,0.00121619,0.0040636,-0.0045081,0.00514936,0.00496985,0.00117471,-0.00285682,-0.00079283,0.0035653,-0.00781606,0.00414237,0.00168834,-0.00569949,-0.0074474,-0.00887113,0.0220069,-0.0123715,0.00798932,0.000272667,0.00607446,0.0342461,-0.0164227,0.0306409,0.00705968,0.0147948,0.0130489,0.0117353,-0.018425,-0.000506473,0.000943986,-0.00723073,-7.96E-05,-0.00113613,0.00028323,-0.00382631,0.00364234,-0.000918101,-0.00143946,0.00782948,0.000474474,0.00208776,-0.000987081,-0.00476425,-0.010018,-0.00407875,0.00855448,-0.0117872,-0.00511829,0.0109456,0.00492726,-0.0206787,17.5,10.5,7,84,25.3,10.3,15,17.3,17.8,18.6,16.4,1589,365,7,102,952,33,99,41
316,picta,-99.68,17.55,p98868af,8,0.00708416,0.00345607,-0.00242737,0.0085955,0.0219733,-0.00333402,0.0185067,-0.00260553,-0.00770555,0.00538139,-0.000465687,-0.00254848,0.0177066,0.00439718,0.00363018,0.00173549,-0.00106152,0.00172932,-0.00364451,-0.00195379,-0.000527092,-0.00240018,-0.00701519,-0.00417712,0.000777279,-0.00410145,0.000537256,-0.00217134,-0.00259668,-6.30E-05,0.00841254,-0.00868263,0.00261078,0.00160847,-0.00332993,0.00852338,0.000265923,-0.000394217,-0.00274317,0.000130466,0.00930586,0.00226679,0.0043794,0.00666801,-0.00658461,0.0125942,-0.0131028,0.0193232,0.00986789,0.0149531,-0.00607946,0.00967594,-0.0238084,0.0122661,-0.0168849,-0.0163258,-0.000547641,-0.00405373,-0.000833743,-0.0046663,0.00107048,-0.00351153,0.00194774,0.0103317,0.00123805,-0.0123543,-0.00150066,0.00634003,-0.00187735,0.00484369,0.000813616,0.000425258,-0.0120324,0.0122062,0.000413636,0.000193349,17.5,10.5,7,84,25.3,10.3,15,17.3,17.8,18.6,16.4,1589,365,7,102,952,33,99,41
317,picta,-99.68,17.55,p120800am,8,-0.00925006,0.00222319,0.00586522,0.00154449,0.0143194,0.00775112,0.0140243,-0.00551725,-0.0141999,0.0119316,0.0190643,-0.00431215,0.0127095,0.011196,-7.54E-05,0.00154039,0.00882658,0.00216795,-0.00969266,-0.0036507,0.00478857,-0.000787813,-0.00418611,0.00600913,-0.0197669,-0.00124708,0.0113769,-0.00936777,-0.00351596,0.000229239,0.0102691,-0.00065647,-0.0141852,0.00430445,0.0196242,0.00452701,0.00432102,-0.00719575,-0.0187163,-0.0010279,0.00719649,0.0315012,0.00249387,0.0157921,-0.0124314,0.00287714,0.00512581,-0.00259993,-0.0109572,-0.000995224,-0.0357039,-0.0176301,-0.021585,0.0198999,0.00524651,0.0197051,-0.000446714,0.004673,0.000177949,-0.000452984,0.000390913,0.000281759,-4.05E-06,0.00219471,0.00341955,-0.00409014,0.00568182,-0.0100978,-0.00434126,-0.00164517,0.000511882,-0.0116753,0.00551693,-0.0012209,0.00597684,-0.00454061,17.5,10.5,7,84,25.3,10.3,15,17.3,17.8,18.6,16.4,1589,365,7,102,952,33,99,41
318,picta,-99.68,17.55,p120802am,8,0.00946367,-0.00436696,-0.00114608,0.000732189,0.00119173,0.00966698,0.00963992,-0.00270709,-0.0211495,0.00707358,-0.0162165,0.00590195,0.0180571,-0.00451166,0.00782633,0.00190332,-0.000789167,0.00241218,-0.00938826,-0.00284558,0.00570721,-0.000354086,-0.00470601,-0.00374961,-0.00266008,-0.00170592,-0.00157754,-0.00446586,-0.000873328,-0.00264413,0.00733963,-0.0019683,0.00143604,0.00205569,0.00575328,0.00103804,-1.65E-05,-0.0036139,-0.034756,-0.00400042,-0.00223452,0.00466057,0.000242376,0.000134498,-0.00112858,0.000210917,-0.00508052,-0.00755736,-0.0174724,-0.0072513,-0.0161981,0.00425882,0.033087,-0.00969528,-0.0179957,0.0279192,0.000123675,0.000534758,-4.14E-05,0.000490137,-0.00201418,0.00348487,-0.000615549,0.00389524,-0.0024264,-0.00198599,-0.0107451,-0.00289562,0.00325566,0.00624536,0.00291011,0.00783793,-0.0153927,0.0079602,-0.00828752,-0.00186347,17.5,10.5,7,84,25.3,10.3,15,17.3,17.8,18.6,16.4,1589,365,7,102,952,33,99,41
319,picta,-99.68,17.55,p120803af,8,0.00738277,-0.0044253,-0.00460216,0.000291763,0.0130207,0.0108921,0.00357182,-0.00136032,-0.00182987,0.00401878,0.0021499,0.00169703,0.0190051,-0.00355714,0.00404676,0.00200674,-0.00535485,0.00313383,-0.00763486,0.00156567,0.00867459,0.000831799,-0.00150631,-0.00356246,-0.0104056,-0.00297696,-0.00223223,-0.00187699,-0.00829454,-0.000126128,-0.00545823,-0.00223999,0.00109946,-0.000362582,0.0186813,-0.00119722,0.000242206,-0.00548738,-0.019095,-0.0039871,0.000580522,0.000306369,-0.00985064,0.0066207,-0.0114878,-0.0114346,-0.00207961,-0.00695825,0.00822239,0.00587318,-0.0337349,-0.00756381,-0.00351367,-0.00440442,-0.0104146,-0.0069466,-1.19E-06,-0.00464735,-0.000277192,0.0014076,-0.00217551,0.000627275,-0.000941897,0.00199382,0.000198852,-0.00593341,-0.00358075,-0.00080277,-0.00813149,0.00622831,0.0101539,0.00280994,-0.0133954,0.00921568,-0.00569161,-0.0205497,17.5,10.5,7,84,25.3,10.3,15,17.3,17.8,18.6,16.4,1589,365,7,102,952,33,99,41
320,picta,-99.68,17.55,p120801am,8,-0.00310772,0.00128263,0.0119916,-0.00622301,0.0102228,0.00848207,0.0141963,-0.00655048,-0.0119772,0.012097,0.020452,0.00332374,0.018361,0.00215096,0.00265712,0.00141576,0.0109623,0.00793364,-0.0072417,-0.00365438,0.00464191,0.000191678,0.00529342,0.00263146,-0.00399329,0.00129309,0.00793101,0.000555121,-0.007038,-0.00254416,0.00787288,-0.000706886,-0.000252054,-0.00412701,0.0108089,-0.00209173,0.0054155,0.00455496,-0.0037447,0.000366808,0.0122114,0.00586095,0.00735465,0.0122725,-0.00678459,-0.00266036,-0.00518227,-0.00744086,-0.0151208,-0.00244105,-0.0345686,0.00868149,0.0304564,0.0214021,-0.0246344,0.022514,0.000370076,-0.00216905,0.000431504,0.00325347,0.00406824,-0.00188119,-0.00205124,-0.00127142,0.00205618,0.000628248,0.00263379,-0.00522949,-0.00449045,0.00396447,-0.000186331,-0.012854,0.00648323,0.00300144,0.00939543,-0.00435969,17.5,10.5,7,84,25.3,10.3,15,17.3,17.8,18.6,16.4,1589,365,7,102,952,33,99,41
321,picta,-99.483,17.549,p70052am,8,0.00936784,0.00313301,0.0233693,0.000559791,0.00915149,0.0127821,-0.00528005,-0.0104947,-0.0107895,0.00137895,-5.50E-05,0.00242236,-0.00510354,-0.00136067,0.00476386,-0.00103045,-0.00384882,-0.00628613,-0.00417988,0.00470195,0.000463012,-0.00341092,-0.00400077,0.00263573,-0.0110996,-0.00363395,0.00677482,0.00154091,-0.00119498,0.00135489,0.00534828,-0.00210019,0.012388,-0.00889342,0.0235223,0.00627244,0.0115219,-0.00341089,-0.0200698,0.00528991,0.00922361,0.00846613,0.000741059,0.00425931,-0.0199469,0.0290048,-0.00975991,0.0381606,-0.0193134,-9.47E-05,-0.0245634,-0.000485787,0.00831817,0.0155547,0.000710405,0.0295727,-0.00015573,0.000298897,0.000236097,0.000522388,0.00698631,0.0014739,0.000670433,-0.000533768,0.0029438,-0.000142264,0.00915351,-0.00656362,0.00102868,0.00531373,-0.00459849,0.00461922,0.00635957,-0.00414272,-0.00286741,-0.00325668,21.5,14,6.9,131.4,31.7,11.5,20.2,21.6,20.6,23.3,19.8,979,211,3,102,606,18,247,20
322,picta,-99.483,17.549,p70064am,8,-0.0113438,-0.00549071,-0.00939516,-0.00571465,-0.00187189,0.00337991,0.0088501,-0.00675789,-0.00642575,0.00700855,-0.00564986,0.0107215,0.00214395,-0.00834866,0.00339498,0.00620942,-0.00851996,0.010582,-0.00772073,-0.00220365,-0.00587275,-0.00241176,-0.0051929,-0.0116728,-0.00300296,0.00138317,-0.00588758,-0.000699038,-0.0057998,0.00287683,0.00357728,0.00439914,0.0179823,-0.00922765,0.00282084,0.00125548,-0.00279048,0.00846746,-0.0038595,0.00773124,-0.00471682,0.00165003,0.0126779,0.00627889,-0.00918647,0.0060826,0.000103478,0.00705631,-0.00996017,0.00881695,-0.0204744,-0.0138483,0.0126676,0.00972983,-0.000249508,-0.0211393,-8.57E-05,0.000176863,0.000249727,0.00109867,-0.00475628,0.0030103,0.000996563,-0.001186,0.00415879,0.00397187,0.0058837,0.00579513,-0.00461559,-0.0106804,0.00459445,-0.00148096,-0.00229556,0.00766562,-0.00441693,-0.00792649,21.5,14,6.9,131.4,31.7,11.5,20.2,21.6,20.6,23.3,19.8,979,211,3,102,606,18,247,20
323,picta,-96.336433,16.12833,p71588af,8,-0.00115868,-0.00124588,-0.0126716,0.000780803,0.00667334,-0.000899795,-0.0168167,-0.00137284,-0.00493228,0.00594696,-0.0201406,-0.00588952,0.00750767,-0.0126379,-0.00386857,-0.00060147,-0.000868596,-0.00119619,0.00276102,0.00369644,-0.00655479,-0.00310461,-0.00341923,-0.000132311,-0.0050236,0.00012162,0.00667321,0.00354357,0.00670174,-0.000713601,0.00792862,-0.00388598,0.00595952,-0.00316365,0.00358086,0.00402935,0.0142358,0.000193127,-0.00587864,0.00435003,-0.0151904,-0.00928399,0.00125208,-0.000854454,-0.0110009,0.0294219,0.00967972,0.035369,-0.00944699,0.00708566,-0.0363908,-0.0392815,0.0143889,0.0307163,0.0107031,0.0191127,-1.87E-05,0.000788542,-0.000597839,0.000368977,-0.00246392,0.00343755,0.000556604,0.00212598,-0.00311846,0.00498328,-0.00412752,0.000532982,0.00493254,-0.00686182,0.00106281,0.002924,-0.000932849,0.000185816,-0.00187545,-0.016434,13.9,11.8,7.9,54.6,21.5,6.6,14.9,13.9,13.3,14.7,13.3,1306,274,6,93,728,33,188,33
324,picta,-96.336433,16.12833,p71589af,8,-0.0156722,-0.00711367,0.0195183,0.00473089,-0.0073943,-0.0219823,-0.0151321,0.00418248,0.00429923,-0.0148395,-0.0451093,0.0080834,-0.00894286,-0.00773168,-0.0034444,-0.000180377,-0.00337034,0.00443218,0.00421044,-0.00141601,0.00385122,-0.000405746,-0.00729776,-0.00369772,0.00252174,-0.000380579,-0.00250827,-0.0016525,0.000828106,0.000284704,0.00216061,0.00283904,0.000851399,-0.00307601,-0.00658199,0.00162426,0.00208187,-0.0010661,-0.013761,-0.0170222,-0.00532725,-0.0162618,0.00828936,-0.0030629,0.00132184,0.00257221,0.00269155,0.00244579,-0.00452253,0.00768317,-0.0165437,-0.0158984,-0.00376003,0.0202923,0.0134422,0.0192042,-3.59E-05,0.000193588,0.000321134,0.00106325,-0.00190238,-0.000691152,-0.000326436,-0.00079049,-0.000926927,0.00447588,-0.00851256,0.00946927,0.0010398,-0.000493497,0.0063531,0.00622826,-0.0153324,0.01772,-0.0122357,-0.0149654,13.9,11.8,7.9,54.6,21.5,6.6,14.9,13.9,13.3,14.7,13.3,1306,274,6,93,728,33,188,33
325,picta,-99.683,17.555,p126915af,8,-0.00533526,-0.00267348,-0.00480744,-0.00181399,-0.0112599,0.00444141,-0.0161637,-0.00681223,-0.00300881,0.0126231,-0.0275561,-0.00756268,0.0113315,-0.0121813,0.00663918,0.00519106,-0.00830115,0.00918243,-0.00201937,-0.00133255,-0.00498963,-0.00511668,1.25E-05,0.00163709,-0.000589221,-0.00517823,0.00616596,-0.000363918,0.00273321,-0.0018695,0.00382465,-0.00449639,0.00323124,-0.00603135,-0.0076166,0.00581506,-0.00100212,-0.000150484,-0.0211951,0.00809691,-0.00902498,-0.0178871,0.00808211,0.00340697,-0.00782155,0.0146206,-0.00703447,0.026826,0.00286844,0.00350669,-0.00308217,-0.00625268,-0.00774376,-0.00132204,0.00620896,0.0232003,0.000193628,-0.00298151,-0.00015806,6.87E-05,0.00344926,-0.000369663,-0.0018208,0.00698651,-0.00193259,0.0041934,-0.0076017,0.00267189,-0.00738349,0.012222,0.0105053,-0.00133818,-0.0176689,0.0205579,-0.0150953,-0.0171346,17.5,10.5,7,84,25.3,10.3,15,17.3,17.8,18.6,16.4,1589,365,7,102,952,33,99,41
326,mexicana,-108.69,33.31,m6820am,9,0.00138278,-0.00522233,0.0160168,-0.00458007,-0.0005316,-0.000803597,-0.0160576,-0.00159584,-0.00386092,0.000816415,-0.0217938,0.00405542,-0.0101063,0.0103646,0.000573365,0.000694439,-0.00541909,0.00370332,-0.000399458,0.00198044,0.00300432,-0.000294097,-0.00202851,0.00109145,-0.00278211,-0.00382481,0.00419503,-0.000497578,-0.00596714,-0.000837416,0.0015976,0.00159266,0.0153418,-0.000311069,0.00843935,0.000592836,-0.0043692,-0.00291562,-0.0176421,-0.00311558,-0.0079549,0.00778521,-0.00554378,0.00618068,-0.00956877,-0.0142832,-0.00869707,0.00314304,-0.000576694,-0.00898086,-0.00338312,0.00145637,-0.0183318,-0.00669849,0.0265548,-0.00942568,-0.000348223,0.00146517,0.00104433,0.00283043,0.00884954,0.0029333,0.00133223,0.0010464,-0.000534572,3.83E-05,-0.00710205,-0.00317166,0.0192558,-0.0160325,-0.0110295,0.00342238,0.000441338,0.00231197,0.00438784,-0.00834335,5.4,17.5,5.1,615.9,23.3,-10.9,34.2,12.9,8,13.6,-2.2,638,120,16,61,309,63,265,137
327,mexicana,-97.06,19.63,m19840am,9,-0.0139774,-0.00389381,0.00991836,0.000287905,0.000525173,0.00667069,-0.0240236,-0.00736317,0.0114153,0.00608331,-0.00268993,0.00117022,0.00671346,0.002399,0.000731231,0.000435023,-0.000860463,0.00515879,-0.00482643,0.000507497,0.00471266,-0.00175162,-0.00588416,-0.00180105,-0.00150803,-0.00390628,-0.00687566,-0.00118759,0.00356153,-0.00480194,-0.00609596,-0.00813775,0.000697885,-0.00171671,-0.00135548,-0.000893251,-0.00386185,-0.00527618,-0.0355078,-0.00760673,0.0110054,0.00600404,0.00345786,0.00433599,-0.00766725,-0.00852758,-0.00699971,-0.0080057,0.00423574,-0.0143431,0.0187303,0.0079207,-0.029487,-0.0227991,-0.0087606,0.0101113,0.000191285,0.00143372,0.000549296,0.00155151,0.00271369,-0.00245509,-0.00126356,0.000766221,-0.00157482,-0.00465191,-0.0075717,-0.00492188,0.000355333,0.00708363,0.00318588,0.00724176,-0.0115549,0.0041185,-0.00495634,0.000588071,13,12,6.4,192.5,22.3,3.8,18.5,14.1,11.5,15.2,10.3,1238,291,31,73,603,102,277,159
328,mexicana,-105.14,40.39,m26762af,9,0.0182023,0.00883446,0.0231908,-0.00523884,0.0207085,0.000663603,-0.00394455,0.0207196,0.00615142,0.0094343,0.0296799,0.000766974,-0.00625686,0.0269644,0.0177183,0.00456576,0.00283141,0.00497827,-0.0152996,-0.0016652,-0.000268619,-0.00154168,0.00589555,0.00619054,-0.00852139,0.00121519,0.000722459,-0.00630662,-0.0172783,0.00192578,0.00835682,0.00733968,-0.0113469,-0.00193541,0.0199305,-0.0044781,0.0221745,-0.00854685,-0.0232311,-0.0109363,0.00972578,0.0292412,0.000205321,0.0104815,-0.00578172,-0.000439811,-0.0046733,-0.0128749,-0.00564139,-0.000609156,-0.00850967,-0.0197921,-0.0177968,0.00461732,0.00296044,0.023348,-0.000172404,0.0017537,-0.000629699,0.000659564,5.69E-05,0.00164765,0.00068533,0.00298282,0.00367008,-0.00683387,0.00810129,-0.00439859,-0.00304131,0.00230746,-0.00674247,-0.0139749,0.012699,-0.00712099,0.0131078,0.011017,9.1,16.1,3.9,842.6,30.4,-10.4,40.8,13.2,-1.5,20.2,-1.5,380,66,11,51,160,35,125,35
329,mexicana,-98.63,19.03,m28265af,9,-0.0131566,-0.0102385,0.0210034,-0.00218803,-0.00243128,-0.00878192,0.00290155,0.00215221,0.00354264,-0.00458779,-0.0216114,0.0121743,0.00694304,-0.00462872,-0.00870911,0.001368,0.00429402,0.00463576,0.00550483,-0.000603703,0.00607523,0.000335003,-0.00174707,0.00288853,-0.00322341,2.98E-05,0.00655442,0.00287115,0.00121086,0.00078483,0.00935775,-0.00162845,0.00230868,0.00498662,-0.00967301,0.000216592,0.0104202,-0.00199871,-0.0224114,-0.00187571,-0.000575359,-0.0080895,0.00742161,0.00450891,0.0035356,-0.00690447,0.00362298,0.00865097,0.0126589,0.00985017,-0.0124047,-0.0135026,-0.00215704,-0.0167395,0.00579598,0.00179978,-0.00021986,-0.000104792,0.000780467,-0.000915113,0.00846173,-0.000974999,0.000644168,0.0017174,0.000126651,-0.00381835,-0.00534987,-0.00302288,0.003288,0.00194797,0.00324664,0.00523563,-0.0146594,0.0087086,-0.0162093,-0.00757825,4.8,12.6,7.4,91.1,13.5,-3.5,17,5.1,3.6,6,3.6,1219,238,12,85,663,46,370,46
330,mexicana,-104.93,39.47,m29183am,9,-0.0146838,-0.00261567,-0.00287645,-0.00188866,-0.00028927,0.00154437,0.00456745,-0.00729925,0.0133035,-0.00407615,0.000201,0.00850868,0.00840399,0.0100773,0.013013,-0.00135163,-0.00230407,-0.00490069,-0.00988203,0.00156833,0.00615577,-0.00319492,0.0131899,0.00293064,-0.0022983,-0.00502872,0.00218632,0.00168467,-0.00526861,0.000686586,0.00354946,-0.00286047,0.00170855,-0.00512238,0.00325628,0.00566076,-0.000416973,-0.0051958,-0.000298165,0.00614724,0.00022466,0.00270556,0.00394585,0.000565733,-0.0101671,0.00605279,-0.0121667,0.000953998,0.00705841,-0.00551115,0.00925609,0.00299273,-0.00960867,0.0191912,0.0160238,-0.00782993,-0.000213894,0.000244851,0.000697723,-0.00120452,0.0029968,0.00461525,0.000239835,-0.00168947,0.00096807,-0.00435716,-0.00214556,-0.0053528,0.00207326,0.00821591,-0.000915319,-0.00403006,-0.00485273,0.00315554,-0.00574368,0.00604418,8.3,17,4.2,801.4,29.5,-10.8,40.3,16.5,-1.5,19,-1.5,441,66,12,47,179,43,165,43
331,mexicana,-104.93,39.47,m29184af,9,-0.00153275,0.000398065,0.00812787,-0.00597295,0.0014387,0.00813886,0.00917358,-0.0135506,0.00819686,-0.00428188,0.0271955,0.0138567,-0.000642242,0.0127432,0.0129812,0.00404273,0.00147152,0.000174995,-0.00904689,0.000600671,-0.00613211,-0.00438792,-0.00632881,0.00490624,-0.0116053,0.000245489,0.000159833,-0.00593274,0.00116442,-0.00077726,0.00341663,0.00517026,-0.00504762,-0.00306888,0.0170416,0.0076004,0.0145794,-0.00815486,-0.00726384,-0.00468961,0.00157255,0.0170414,0.000961674,-0.00227554,-0.00721043,0.0114259,-0.00896052,-0.00963405,-0.0192017,-0.0101798,-0.00319179,-0.0136946,-0.0185062,0.00559973,0.032618,0.0127175,7.85E-05,0.00226445,-3.82E-05,4.70E-05,-0.00215397,0.00819697,-0.000920891,-0.000773154,0.000817816,-0.00174599,0.00489114,-0.00603623,-0.00224064,0.0104797,-0.00612024,-0.0030324,0.012602,-0.00800898,0.0154146,-0.00128069,8.3,17,4.2,801.4,29.5,-10.8,40.3,16.5,-1.5,19,-1.5,441,66,12,47,179,43,165,43
332,mexicana,-104.93,39.47,m29185af,9,-0.00110906,-0.0055138,0.00567775,-0.00128006,-0.00602853,0.0160948,0.0125674,-0.00771225,0.00341199,-0.000632378,0.00327737,0.0113526,0.00579398,0.00815048,0.00802278,-0.000794117,0.0012055,-0.00666896,-0.00748287,0.00390799,0.00289644,-0.00405075,0.00426017,0.00519375,0.000203378,-0.00186364,0.00295744,-0.00109083,-0.00832501,0.00090446,0.00229575,0.000324049,0.00587823,-0.00899543,0.00672578,-0.00233274,0.00120786,-0.0101212,-0.00602851,-0.00263968,0.00929888,0.0140768,0.00582846,0.000177106,-0.00488314,0.0149585,-0.00169613,0.0152853,-0.0143169,-0.00857807,-0.00780466,0.00709206,-0.00864206,0.0125676,0.0191896,-0.000479,-0.000240319,0.00189882,-4.84E-05,-0.000774351,-0.00214828,0.0116262,0.00164795,0.000931624,0.00156361,-0.00463254,0.00340589,-0.00128901,0.000863433,0.00458441,-0.00160415,0.00164379,-0.00142305,-0.00238387,-0.00394974,0.00316502,8.3,17,4.2,801.4,29.5,-10.8,40.3,16.5,-1.5,19,-1.5,441,66,12,47,179,43,165,43
333,mexicana,-104.93,39.47,m29186af,9,-0.00524768,-0.00196409,0.0140169,-0.00563221,-0.00103084,0.00833436,0.00631457,-0.00655318,0.00527051,-0.00219433,0.0115337,0.00923603,0.00454025,0.00608131,0.0142729,0.00315386,-0.00447072,-0.00252393,-0.00998322,0.00148314,-0.00655767,-0.000890444,0.00108315,0.00639894,-0.00216999,-0.00109412,-0.00281977,0.00160328,0.0028415,0.00266085,0.0068125,-0.000810666,0.00056039,-0.00180985,0.0152136,0.000655238,0.0160519,-0.0117976,-0.00921843,-0.00063072,0.00497438,0.0132394,0.0088857,0.00425626,-0.0107085,0.0242407,-0.0183437,0.0176751,0.0222703,0.00110892,0.00259151,-0.000849376,-0.017469,0.0115431,0.0118617,-0.00226274,3.20E-05,-0.000418976,-0.000397834,0.000140092,-0.00338723,0.00719863,-0.000514356,0.000355206,-0.00169516,-0.00197671,0.000449902,0.00465544,-0.00389135,0.0110555,-3.62E-05,-0.00579927,0.00386164,-0.00180132,0.00918881,0.00567994,8.3,17,4.2,801.4,29.5,-10.8,40.3,16.5,-1.5,19,-1.5,441,66,12,47,179,43,165,43
334,mexicana,-104.93,39.47,m29187af,9,-0.00017396,-0.00223785,0.0127371,-0.0101685,0.00110592,0.0123425,0.00106973,-0.0100171,-0.00580727,-0.00226144,0.0132044,0.0106228,0.000832706,0.00970851,0.0140479,-0.0006872,-0.00148011,-0.00230232,-0.011275,0.00211955,-0.00252634,-0.00400375,0.00243542,0.00782498,-0.00387007,-0.00120368,0.00250031,-0.0012718,-0.00446054,-0.00389087,0.00948544,0.00379359,-0.00413057,-0.00874014,0.00456084,-0.00641921,0.0126591,-0.0100772,-0.000310659,-0.0114755,0.0070132,0.017595,-0.0096078,0.000699635,-0.0201099,0.0218636,-0.00823283,0.0243189,-0.0340224,-0.0258793,-0.0141157,-0.00860066,-0.0281368,0.010052,0.0239507,0.0227735,-0.000462653,0.00229753,-0.000699031,-0.000273027,0.000837483,0.00900294,0.000370504,0.00391546,0.00289024,-0.00344923,0.00797619,-0.00238655,-0.00511746,0.00413622,-0.00308821,-0.0207705,0.0121618,-0.00433779,0.0108111,-0.00178355,8.3,17,4.2,801.4,29.5,-10.8,40.3,16.5,-1.5,19,-1.5,441,66,12,47,179,43,165,43
335,mexicana,-97.07,19.63,m30617af,9,-0.0129181,-0.00752978,0.0194421,-0.00801801,0.00192073,0.00924571,0.0099877,-0.00573166,-0.00146263,0.00522405,-0.00689334,0.00962858,0.0175398,-0.00907952,-0.000922089,-0.000897045,-0.00470685,0.00186891,-0.000251771,-0.0003352,0.00898075,0.000352187,-0.0075609,0.00210546,-0.00272599,-0.00291262,-5.06E-05,0.0038319,-0.000345706,-0.000925988,0.00164683,0.00098958,0.00323557,-0.00546074,0.012864,-0.00339403,0.00707324,-0.00249732,-0.0167431,-0.000926891,0.00635452,0.00220706,0.0114215,0.0124078,-0.00500664,-0.021402,-0.00415896,-0.0176198,-0.00974068,-0.011305,-0.0214892,0.0155605,-0.0166731,-0.00454598,-0.0270924,0.0106707,-9.49E-05,-0.000331709,0.000497635,-0.000423898,0.00524931,0.0116993,-0.000866037,-0.00107475,0.00315068,-0.00137701,0.00556183,-0.00892988,-0.00587493,0.0102531,-0.000262034,-0.00297278,0.00123932,-0.0049443,-0.0038517,-0.00236105,13,12,6.4,192.5,22.3,3.8,18.5,14.1,11.5,15.2,10.3,1238,291,31,73,603,102,277,159
336,mexicana,-103.46,20.49,m31832af,9,-0.00629005,-0.000453412,0.00635565,-0.00821213,0.000410093,0.0099107,-0.00414391,-0.00866085,0.0182993,0.00262063,-0.0238697,0.00890354,3.97E-05,-0.0131773,-0.00772508,-0.00142396,0.00137944,0.00739217,0.00343379,0.00033387,-0.00106805,-0.0076672,-0.00839735,-0.00201015,-0.000141445,-0.00509212,0.00779018,0.00313441,0.000219209,-0.00243191,-0.000759368,-0.00353334,0.00523088,-0.00310902,0.00326811,0.00520002,0.00953929,0.00251366,-0.0109021,0.00078276,-0.0106336,-0.00906439,0.00968827,0.0104861,-0.00671654,0.00322784,-0.00903744,0.0098311,0.0123353,0.0112775,-0.00940425,-0.00412623,0.0159487,0.0213971,0.00695872,-0.00544068,-0.000225722,0.00118237,-0.000507214,-0.00300388,-0.00179299,0.00183353,0.000218546,0.00367798,-0.0011977,-0.00286495,0.000464828,0.00943107,-0.00771152,0.00629854,0.00633687,0.00892831,-0.0114919,-0.0026011,-0.012499,0.00494312,19.1,15.6,6.2,230.5,31.5,6.7,24.8,21.2,18.4,21.8,15.8,841,221,5,109,562,19,415,32
337,mexicana,-100.38,25.27,m33260am,9,-0.00404637,-0.000603232,0.00635729,0.00464554,0.0015159,-0.0108526,0.0104546,-0.00235512,-0.00215257,0.000206223,-0.00560523,-0.0003377,0.0166748,-0.00841036,-0.00480829,0.000436418,-0.000555784,0.00230439,0.000999317,0.00175792,0.00329276,-0.0037019,0.000157697,0.00102954,-0.00768687,-0.00142756,8.11E-05,-0.00152874,-0.00146251,-0.00401262,-0.0106575,-0.0110918,0.001696,-0.000932303,0.0105995,0.0079705,-0.00470959,-0.00401461,-0.0105566,0.00357373,-0.00344394,-0.0104784,0.0192887,-0.00483675,-0.0043876,0.00272988,-0.00295942,0.00886303,0.0057383,0.0072731,-0.00293694,-0.0158061,-0.00868112,0.00161171,0.0171631,-0.0141465,-4.11E-05,-0.00260005,0.000494485,-0.000960683,0.00264623,-0.0025195,-0.000346022,0.00087061,0.00058325,-0.000511908,-0.00468694,-0.00932902,0.00232817,-0.00560041,0.00148041,-0.000895337,-0.00605257,0.00570979,-0.00272375,-0.00643337,11.6,13.7,6.4,234.9,22.1,0.9,21.2,13.6,8.7,14.2,8.2,613,101,19,56,274,67,217,71
338,mexicana,-103.979,20.908,m33743am,9,0.00481825,-0.00134366,0.00491965,-0.00436053,-0.00612395,0.0139292,-0.0147957,-0.00350374,0.0128676,-0.00546603,-0.0345806,0.0130959,-0.00981271,-0.00631742,0.00675973,0.00160575,-0.0132722,-0.000609103,0.00166028,0.00133778,-0.0051837,-0.00441985,0.00269534,0.00117264,-0.00156054,-0.00147136,-0.011796,0.00299899,-0.00913444,-0.00130968,-0.00335354,-0.00259112,0.00522792,-0.000926443,0.000934701,-0.000792148,0.00938518,2.01E-05,-0.00703514,-0.00572052,0.00416607,-0.0102944,0.00142068,0.00233981,0.00416608,-0.00788505,-0.0168821,0.000295997,-0.00262613,-0.0030127,-0.00105324,-0.0120387,0.0133373,0.00761843,0.0177176,-0.00401707,-0.00012562,-0.00117822,-1.23E-05,0.000484225,0.00406605,0.000997457,0.000356452,0.002432,-0.000394006,-0.00263196,-0.00159959,-0.00200416,0.00127496,0.0025864,0.00150417,0.0044558,-0.00666836,0.00275084,-0.00779363,-0.00435738,20.4,16.4,6.4,221.7,33.1,7.6,25.5,22.2,19.6,22.8,17.1,900,248,4,116,637,18,204,35
339,mexicana,-108.72,39.12,m34772af,9,-0.0106584,-0.00115729,0.0220025,0.00478391,-0.00230821,-0.00998177,-0.0212269,0.00395792,0.00210557,-0.00067244,-0.00309395,-0.000288957,-0.0160895,0.00678301,0.00582928,0.004929,-0.000868355,0.000317428,-0.00801379,-0.00117779,0.00798586,-0.00465311,-0.00077427,0.000632365,-0.0012736,-0.000367635,-0.00113154,0.00149844,-0.0104657,-0.00207313,0.00874388,-0.00727546,0.00830025,-0.00607271,0.0141971,0.00190774,0.0115523,0.0027396,-0.00415926,0.00043355,4.87E-05,0.0115482,0.00647024,0.0135961,-0.0112529,-0.00169616,0.00353993,0.00140752,-0.00600594,-0.00165492,-0.0121267,-0.00147304,-0.0214027,0.0168398,-0.00603574,0.0191892,-0.000124757,-0.000133743,0.000368308,-5.36E-05,0.00279004,0.00607525,0.0003533,0.000133313,0.00587114,0.00073876,0.0114772,-0.0036904,-0.00483149,-0.00045341,-0.0032646,-0.00225259,0.00663749,-0.00190763,0.000466869,-0.0065747,10.4,15.1,3.5,934.4,32.9,-9.5,42.4,17.2,-1.7,22.5,-1.7,277,29,16,18,84,56,69,56
340,mexicana,-108.01,38.47,m34779af,9,-0.00487557,-0.00532827,0.0168321,0.00431793,-0.00874416,0.00809407,-0.0140571,0.00442122,-0.0026883,0.00547573,-0.00571062,0.00308814,-0.0104463,0.00685779,0.00187961,-0.000497367,0.00116993,0.000997841,-0.00507315,0.000858359,0.00231196,0.00176524,-0.00288718,0.000508059,-0.00351009,0.000193625,0.0013114,0.00219182,-0.00511492,-0.00267657,0.00398197,-0.00464725,0.000694797,0.00114071,0.00935552,-0.00265972,0.01387,-0.00676401,-0.0109407,-0.0107399,0.0106271,0.0121192,0.00790944,0.00666699,-0.00656791,-0.00354821,-0.000211219,0.00987029,0.0092346,-0.000593054,-0.0190872,0.010097,-0.0059998,-0.0103041,-0.0186771,0.0179868,-0.000204655,0.000547244,-0.000112785,-0.00272629,0.000542427,0.000347407,-0.000614164,0.00201765,0.00341043,0.00559503,0.00678832,-0.00326199,-0.00346652,-0.00542312,-0.00369408,-0.00961989,0.00949777,-0.00296322,0.00333394,0.00191713,8.9,16.5,3.9,863.5,30.9,-10.9,41.8,19.3,-2.3,20.1,-2.3,303,35,16,24,101,56,84,56
341,mexicana,-108.88,37.62,m34792am,9,-0.0301203,-0.00336496,0.00411496,-0.00147357,-0.00522246,0.00861884,-0.0249652,-0.00826118,-0.000870764,0.014593,0.0170157,0.0109106,0.000580307,0.0142646,0.0105947,-0.00244271,0.0125826,-0.00198347,-0.0112094,0.00186513,0.00490299,0.00415709,-0.000670848,0.00322193,0.00666998,0.00222272,0.00570365,-0.00277566,-0.00146275,0.00423013,0.00793903,-0.00141345,0.00113485,-0.00639484,0.00947317,-0.000621415,0.0236183,-0.00747069,-0.000707136,-0.00752312,0.00759349,0.0221496,0.0180303,0.0126352,-0.0184705,0.0150439,-0.0140942,0.0239938,-0.00892582,-0.00862975,-0.0139103,-0.0235623,-0.0502917,0.021284,0.0342445,-0.0087305,-0.000250614,0.00110941,0.000143466,0.00192765,0.00449954,0.00235405,-0.00177844,0.00501957,0.00471671,0.00382053,0.00852666,-0.00127347,-0.00809953,-0.00329822,-0.00140315,-0.0209719,0.0103608,0.00394038,0.00946454,-0.00691579,8.2,15.7,3.8,865.8,30.3,-11,41.3,14.9,12.1,19.5,-2.9,373,44,12,27,124,59,90,85
342,mexicana,-107.84,37.27,m34806af,9,-0.0115196,0.00341006,0.00364964,0.00456283,0.00329302,0.00111702,-0.00221911,-0.0056817,-0.000773253,0.00367618,0.0211498,0.00154351,-0.00387135,0.0156708,0.00692149,-0.000401314,0.0103495,-0.00156195,-0.0109536,-0.00265182,0.00105937,0.0031948,-0.00448088,0.00168319,-0.00673715,0.00189181,0.0119568,-0.00750705,-0.01982,0.000923418,0.0122833,-0.0038875,-0.00600247,-0.0022559,0.0238008,-0.00104622,0.0215175,-0.00189868,-0.0108943,-0.00910246,0.00240449,0.0320474,0.00138907,0.00735544,-0.00225245,0.00493188,-0.00453836,-0.010884,-0.001658,-0.0103542,0.0103248,-0.0112826,-0.0326,-0.00447559,0.0152898,-0.00084262,8.00E-05,0.00235475,0.000445539,0.00119169,0.00429801,0.00149189,-0.00248974,0.00171275,0.00361154,-0.00406017,0.00384756,-0.00740711,-0.00822348,0.00954878,-0.0029748,-0.0225796,0.0109228,-0.00166103,0.0183323,0.00482376,7.1,17.7,4.2,814.1,28.9,-13,41.9,13.4,10.8,17.7,-3.4,487,59,18,26,155,77,127,121
343,mexicana,-105.67,33.31,m35183af,9,-0.00841168,0.00526544,0.0064304,0.00309542,0.00853342,0.00641109,-0.0158022,0.00499765,0.014418,-0.00218296,0.0041848,0.00490172,0.00255625,-0.00160753,-0.00977201,-0.000823871,0.00387829,0.000908699,0.00387187,0.003421,0.0048243,-0.00706158,-0.00507376,-0.00338345,0.00188106,-0.00306346,0.00684192,-0.00249674,-0.00361195,-0.00225489,0.00382317,-0.00506562,0.00277157,-0.00758783,0.00595347,0.00267692,0.0023777,-0.000325415,-0.0180275,-0.00440515,0.0160208,0.00145738,0.00149065,0.00274183,-0.0153733,0.00856374,-0.00928151,0.0196829,0.000135451,-0.00264844,-0.0052698,-0.00167193,0.0124307,0.0031091,0.0276678,0.0119749,-0.000199343,-0.00103647,-0.000631856,-0.00230561,-0.000374022,-0.00508539,-0.0012971,0.00442808,-0.000572244,0.000258872,-0.00401087,0.00100409,-0.00264926,-0.00388837,-0.000789773,-0.011077,0.00130636,0.00031544,0.00859115,0.00465556,9.9,15.4,4.7,654.4,26.6,-6.1,32.7,17.6,9.2,18.4,1.6,466,98,13,72,250,57,232,74
344,mexicana,-100.95,25.37,m36346am,9,-0.00130086,0.00291456,0.0221235,0.0105174,0.00542836,-0.0169694,0.000943676,0.00382035,0.00922654,0.000787107,-0.00506664,-0.00639065,-0.00899755,-0.00248587,-0.00440064,-0.00283457,-0.00688884,-0.000111117,0.00466567,0.00319287,0.0021058,-0.00303596,0.00412888,0.00196614,0.00224926,-0.0036108,-0.00881345,0.00534554,0.00483352,0.00169159,-0.00665825,-0.0104517,0.00628332,-0.000799697,0.00444491,0.0054844,0.00804606,-0.00308605,-0.0160144,-0.00173189,-0.0108377,-0.00605006,-0.00452088,-0.00122634,-0.00702531,0.00553805,-0.00251051,0.0156661,0.0150419,0.000479578,-0.00116283,0.0013467,0.00486264,-0.0116748,-0.00479915,-0.01174,-6.05E-05,0.0031699,0.00087031,-0.0014859,0.00487355,0.00636448,0.00069757,-1.83E-05,0.00144487,0.00551459,-0.00334299,0.00414704,0.00720507,-0.00378627,-0.00354321,0.00282672,-0.00736559,0.0094162,-0.0119461,-0.00129825,15.1,14.9,5.9,372.6,27.3,2.4,24.9,18.6,10.8,19.3,9.9,444,70,12,56,203,47,186,52
345,mexicana,-102.7,19.99,m36879af,9,-0.00481018,-0.000350679,-0.0047325,0.00737815,-0.00243406,-0.00929792,-0.00167622,0.00229408,0.00932579,0.00149737,-0.00797154,-0.00330634,-0.00440045,0.00478981,0.0144553,0.00123304,-0.00560934,9.97E-05,-0.00664041,0.0019548,0.00143779,-0.00362469,0.00837722,0.00515777,0.000963641,-0.000561356,0.00574158,0.000256081,-0.011099,0.00213229,0.00659369,0.00102559,0.0106272,-0.00225842,0.00755543,0.00414846,0.00860711,-0.0030431,-0.00893553,1.32E-05,-0.00140989,0.00252686,0.00567159,-0.0117566,-0.00395651,0.0273684,-0.0104118,0.0050301,-0.00125655,0.0190124,-0.0145053,-0.0105065,-0.0157004,0.00162534,0.0172058,-0.0301906,0.000239756,-0.000884853,0.000276421,-0.00066392,0.00108965,0.000760308,-0.00235067,0.00233379,0.0032282,0.00247551,0.00305528,-0.00541606,-0.011052,0.00961501,0.00341344,-0.0048893,-0.0027371,0.00804469,-0.00130263,-0.00621709,18.2,15.4,6.3,225.3,29.8,5.6,24.2,20,17.7,20.7,14.9,821,194,7,99,507,24,212,41
346,mexicana,-103.49,37.8,m37135af,9,-0.0126897,-0.0055092,-0.0017696,0.00474027,0.00136167,-0.0152551,-0.0188557,0.00434497,0.0365618,-0.00510905,-0.0101893,-0.0018075,-0.0115079,0.00572803,0.00330932,-0.000183856,-0.0114777,0.00307872,0.00106847,-0.00319047,-0.00304127,-0.00546382,-0.000913717,0.00288828,-0.000638802,-0.00138915,-0.00578523,0.002959,-0.00394456,-0.00107753,-0.00282578,-0.00150458,-0.00326917,0.00130285,0.00547539,0.00413043,0.0126559,-0.00366128,-0.00815983,0.00224199,0.00620773,0.000395032,0.00973656,0.00852115,-0.00842538,-0.00366385,-0.0127449,-0.00564315,-0.00238469,0.000543492,0.00523794,0.00844552,0.00616051,0.00388164,0.0153312,-0.00400024,1.78E-05,0.000100062,0.000226337,5.07E-05,0.00107587,0.00364744,0.000213761,0.00445579,0.00136532,-0.00672071,0.000812005,0.00448221,-0.00109402,0.0107046,-5.93E-05,0.0139959,-0.0104844,0.00489613,-0.00804769,0.00268486,11.7,17.9,4.1,909,33.9,-9.7,43.6,21.2,0.2,23.6,0.2,315,57,8,59,142,24,137,24
347,mexicana,-103.49,37.8,m37136af,9,-0.01124,-0.00132777,0.0250569,-0.00772127,-0.00581053,0.00462934,-0.0154927,0.00403971,0.0149584,0.0063719,-0.0119861,0.00154672,0.0070037,-0.002111,0.0035537,0.000492181,-0.00330953,-0.000874338,-0.00270043,-0.000840953,0.00412484,-0.000369925,0.000596745,-0.000382035,0.00349019,-0.00287116,-0.00734984,-0.00320578,-0.0018989,0.00129445,0.0037429,0.00188551,0.00462786,-0.00057947,0.00209665,0.000829005,0.0222917,-0.00762368,-0.00287581,0.00208189,0.0158548,-0.00266038,0.0123014,0.0118144,-0.0123516,0.0114567,-0.0115974,0.00836005,-0.00192005,0.00068841,-0.00057502,0.0069911,-0.0186397,0.0284731,0.0350343,0.0108967,2.77E-05,0.000850219,7.87E-05,0.000668736,9.96E-06,0.0069629,0.000876282,0.0050727,0.00410162,-0.00498668,0.00694331,-0.000206455,-3.37E-05,0.0128047,-0.00507699,0.00793756,-0.00303327,0.00666768,-0.00748346,0.00273376,11.7,17.9,4.1,909,33.9,-9.7,43.6,21.2,0.2,23.6,0.2,315,57,8,59,142,24,137,24
348,mexicana,-102.54,37.65,m37140am,9,-0.00139977,-0.00173276,0.00572975,-0.0019868,0.00334726,0.00600491,-0.0213627,-0.00424086,0.0185346,0.00151127,-0.0212414,0.0038251,-0.00796858,0.00106815,0.0113167,0.00133618,-0.00716405,-0.00433501,-0.00728927,0.000456977,0.00522774,0.00102303,0.00130518,0.000701201,0.000991677,-0.000892212,0.00105788,-0.00335075,-0.00861515,0.00362094,-5.75E-05,-0.00268562,-3.28E-05,-0.0018299,-0.00211514,0.00193128,-0.000687333,-5.49E-05,-0.00828281,-0.000877094,0.0174451,-0.000919734,0.0147496,0.0017768,-0.0201533,0.035362,-0.0228235,0.0372226,0.00908778,0.0140669,0.00791423,-0.0179013,-0.0203468,0.0199961,0.0337856,0.00315481,-6.35E-05,-0.000233327,0.000705768,0.00166718,-0.000921811,-0.000282876,0.000571248,-0.00110872,0.00401321,-0.00680796,0.002374,-0.00854334,-0.00301641,0.00865859,0.00388769,0.00152422,-0.00977064,0.00897329,-0.0129601,0.00122907,11.4,17.2,4,894.6,33.1,-9.7,42.8,20.7,0,23.1,0,384,64,8,62,184,26,171,26
349,mexicana,-107.79,34.28,m41363af,9,-0.0114698,0.0026955,-0.00802367,0.0104658,0.00198211,-0.00627202,-0.00998798,0.00176117,0.00216042,0.00573398,-0.00182781,0.00153004,-0.00408851,0.00205387,0.00678322,-0.00196881,-0.00499361,-0.0032078,-0.00515534,0.00104328,0.00132549,-0.00105426,0.00819919,0.0062401,0.000641318,-0.00316316,-0.00696534,0.00097339,-0.00492191,0.00270429,0.00626508,-0.00484817,0.00182543,-0.00189617,0.00742871,0.00423828,0.00885783,-0.00321238,-0.0141598,-0.00355684,-0.00413718,-0.00557401,0.00684398,0.0105184,-0.017984,0.00731865,-0.00179967,0.0196726,-0.00251327,0.000802901,-0.00986583,0.000170809,-0.00778601,0.0033238,0.0213351,-1.52E-05,-0.000511766,-0.00095157,-0.000474904,-0.00530223,0.00231572,0.000429621,0.000140661,0.00490628,-0.00232722,-0.00780501,-0.00637696,0.00488175,-0.00217478,0.00732986,0.000681221,-0.000704277,-0.00797082,-0.000198763,0.00371479,0.00195876,6.7,18.2,4.8,697.4,26.1,-11.1,37.2,15.2,10,15.9,-2,413,85,14,68,219,47,183,70
350,mexicana,-108.98,32.58,m48230af,9,-0.00601432,-0.00196914,-0.00491812,-0.00141826,0.00427761,0.00923027,0.0105811,-0.00867688,-0.00747606,-0.00369877,0.0365311,0.0156283,0.000979599,0.0136986,-0.00401831,0.00135412,0.0130266,-0.00469269,-0.000299187,-0.000623408,-0.000173454,-0.00112656,0.00641691,-0.00336526,0.00114242,-0.00399884,0.0104566,-0.00235079,-0.00589572,0.00158379,0.0101923,0.00164863,-0.00773141,-0.00235083,0.00032101,0.00470074,-0.000534446,-0.00683152,0.0129154,0.00618817,0.00840502,0.0124167,-0.000747068,-0.00319756,-0.00908883,-0.0183017,0.00811108,-0.0262137,0.00358307,0.00354929,-0.000429748,-0.00371235,-0.00392644,0.0187503,-0.0233673,0.0123554,-0.000150179,0.00110064,-0.00116192,-0.000245751,-0.000589037,0.000264026,-0.00119207,0.00319937,-0.000932101,0.00599624,0.0056483,-0.00302904,-0.00260327,0.00230869,-0.00461443,-0.0207084,0.0199216,-0.00810453,0.0125695,0.00754529,15.2,19.8,5,743.5,35.1,-4,39.1,24.2,18.8,24.9,5.9,320,62,6,65,159,24,131,73
351,mexicana,-104.94,36.46,m53890am,9,-0.0104912,-0.00100538,0.0105435,-0.00223705,-0.0102508,0.00521893,-0.00378475,-0.00428005,0.00110842,0.00952412,0.00339544,0.000495316,-0.00334753,0.0175987,0.00641051,-0.00191432,-0.00543221,-0.00249461,-0.00464063,0.00269705,-0.0121494,-0.00161183,-0.00368808,0.00780718,-0.0036626,0.000217579,-0.0136809,-0.00401502,-0.00256907,7.10E-05,-0.00506818,-0.00585661,0.00911784,0.00252915,0.0164945,0.0010528,-0.000891949,-0.0117468,-0.00846935,-0.00233789,-0.0163432,0.0157337,-0.00302542,0.012855,-0.0167299,0.00213947,-0.00576905,0.00695784,-0.0100804,-0.00637378,-0.0142209,-0.00506376,-0.0254214,0.0241156,0.0234538,-0.000216997,4.21E-05,-0.000191519,6.11E-05,0.000781582,-0.000740631,0.00688873,-5.90E-05,0.00330808,0.00257393,-0.00342247,0.00340807,0.00343228,-0.00338573,0.00706307,-0.00115306,0.010487,-0.00629506,0.00112633,-0.00451749,0.00104884,8.8,18.2,4.6,749.4,28.5,-10.5,39,18.5,-0.7,18.5,-0.7,395,75,10,66,189,32,189,32
352,mexicana,-99.14,21.05,m54814am,9,-0.0144068,0.00292126,0.00637926,-0.00613929,-0.0104302,0.012033,-0.021342,-0.0105297,0.0119796,0.00343302,-0.0140079,0.00911449,-0.00441989,0.0073535,-0.00713689,-0.000551202,0.00288435,0.00404128,0.00326252,0.00212262,-0.000670278,-0.00069456,-0.00669485,0.00288093,-0.00631813,-0.000708697,-0.000310669,-0.000370029,-0.0010554,0.00276421,0.00273917,-0.00209192,-0.00136463,-0.00364215,0.00510592,0.00216086,0.00674959,-0.00230177,-0.0204728,-0.00336644,0.00731666,0.00519928,0.00781927,0.000537533,-0.0186964,0.0265724,-0.00969437,0.0341318,-0.0141479,-0.0084189,-0.020603,-0.00415846,-0.0199301,0.00530105,0.0132343,-0.00259959,-6.62E-05,-0.00128854,0.000492747,-0.001635,0.00113876,0.00340875,1.52E-05,0.00242493,0.0032404,-0.00391391,0.000992942,-0.0104111,-0.00341336,0.00499671,0.00228116,-0.00528797,-0.00624901,0.00968318,-0.00571808,-0.0104133,18,14.7,6.4,245.4,29.1,6.3,22.8,19.6,15.7,20.6,14.5,1138,271,21,81,582,73,291,83
353,mexicana,-98.73,19.35,m54815am,9,0.0150669,0.0047228,-0.0231709,0.00813415,0.00971637,-0.00774512,0.0023589,0.00477015,0.0064358,-0.00552122,-0.0103655,0.00310508,0.000982614,0.0132446,0.00393107,0.000717523,0.000567784,0.00268133,-0.0034402,-0.000552704,0.00476343,-0.00395865,-0.00633889,0.00129099,-0.0133444,-0.00151678,0.00516695,-0.00730161,-0.00116249,-0.00078012,0.00784998,-0.00164829,0.0017255,0.00223348,0.0169722,0.0034043,0.0048447,-0.00939244,-0.0327164,-0.00446178,-0.00153744,0.00523526,0.00670449,0.0155166,-0.0161164,0.0142614,0.00275339,0.0172942,0.000836839,0.00177547,-0.0349146,-0.0115204,-0.026656,0.0093818,0.00105412,-0.00783706,-0.000167454,-0.00173351,0.000138601,-0.00310636,0.00250125,0.00384677,-0.000372421,0.00771169,0.0038582,-0.00815885,0.00217847,-0.00028598,-0.0094126,0.0176341,0.00275117,-0.00638716,-0.0107326,0.0146121,-0.00420636,-0.00358191,8.7,14.3,7.2,127.3,18.4,-1.3,19.7,9.5,7,10.2,6.9,980,184,9,86,540,30,314,41
354,mexicana,-102.47,26.99,m57805af,9,-0.0024107,0.00252868,-0.0191878,0.00615205,-0.00639744,-0.0104448,0.00317273,-0.0012432,0.0213685,-0.00344188,-0.00407323,0.00453551,-0.0146409,0.0132645,0.0120272,0.000299361,-0.00180527,0.00357209,-0.00801226,3.98E-05,-0.000347374,-0.000325271,0.00875811,0.00313512,0.000642218,-0.00254718,0.00386502,-5.31E-05,-0.00120962,-0.00389871,0.00286358,-0.00268462,-0.00826257,-0.00921454,0.00151226,-0.0030749,-0.000453306,0.00037513,-0.010253,-0.00772814,-0.000641314,0.0113537,0.000521243,0.00819454,-0.0183061,0.0119017,0.000617641,0.0201289,-0.00254968,-0.00321172,-0.03212,-0.0125665,0.00129576,0.016681,0.0202717,0.004879,-0.000213229,-0.00130228,0.000234276,-0.000517272,0.00496429,0.0037948,0.000656374,0.000510179,-0.00049798,-0.00111486,-0.00324623,-0.00862357,0.00808589,-0.00361272,-0.00342984,-0.00619856,0.000986175,0.000398054,-0.000311093,-0.006186,18.8,14.4,5,516.7,32.1,3.6,28.5,23.8,13.2,24.6,11.5,288,55,5,66,145,24,122,31
355,mexicana,-97.68,19.07,m62142am,9,0.0315048,0.00923952,0.0125559,0.00130259,0.00594156,0.0141912,-0.0134035,-0.00482226,0.00591413,0.000242247,0.00973693,-0.00400586,-0.0115309,0.0327075,0.00123258,-0.00227014,0.00893337,0.00320557,-0.0163999,0.000523995,0.0120411,0.0050388,1.74E-06,0.00800297,-0.0117633,-0.00214769,-0.000217098,-0.00431758,-0.00460153,-0.00019425,-0.0120829,-0.00145866,-0.0043949,0.000508478,0.037032,-0.000425564,0.030706,-0.00727654,-0.0224355,-0.00124184,-0.00154781,0.0401754,0.00855559,0.0126524,-0.00954564,0.000544636,0.0082965,-0.0175783,-0.0362918,-0.0244677,-0.00441708,-0.0123185,-0.0140002,0.0111739,0.000130272,0.0141638,-0.000763963,0.000270293,-0.0010351,-0.00278473,0.00402631,0.0085423,0.00155026,0.00332098,0.00577884,-6.82E-05,0.0189269,-0.00891431,-0.00159623,0.00137693,-0.0131307,-0.01258,0.0257468,-0.0161666,0.0125022,0.0148391,15.5,17,7.2,176.8,26.8,3.4,23.4,16.7,12.9,17.3,12.9,661,131,5,79,327,24,268,26
356,mexicana,-97.68,19.07,m62143af,9,0.0174135,0.00376035,0.00513305,-0.0073422,0.00792412,0.0149945,0.00237885,-0.0104375,0.0118747,-0.00193739,0.0150053,0.00844127,-0.011787,0.0351091,0.00341961,-0.00154558,0.00628019,-0.00203666,-0.013757,0.0030686,0.000493295,-0.0022615,-0.00186553,0.00281688,-0.0126882,-0.00500429,-0.0021646,-0.00376687,-0.00618169,-0.00609961,-0.00631124,-0.00587224,-0.00902425,-0.00799087,0.0339797,0.00266571,0.0341476,-0.00687594,-0.0211895,-0.00368311,-0.00255548,0.0463952,0.00164658,0.0152833,-0.00953396,0.00761996,0.00779243,-0.00866058,-0.0324525,-0.0241893,-0.0110196,-0.0190192,-0.0271931,0.00792311,0.0135033,0.0301485,-0.000714477,0.00464,4.31E-05,0.000374095,0.0124608,0.00605233,-0.000376937,0.00341741,0.00796622,0.00655259,0.0184746,-0.000641726,-0.0015462,-0.00742641,-0.016087,-0.0184801,0.0287529,-0.0138699,0.0169451,0.013379,15.5,17,7.2,176.8,26.8,3.4,23.4,16.7,12.9,17.3,12.9,661,131,5,79,327,24,268,26
357,mexicana,-107.09,24.43,m62158am,9,-0.00960357,0.00245985,-0.000737778,-0.00214794,0.00436585,0.000701105,-0.0130684,0.00642631,0.00779362,0.00842315,0.00413839,0.00194759,-0.0193346,0.00717235,0.021954,0.00170602,-0.0136009,0.00358699,-0.00729401,-0.00494641,-0.0155668,0.000418796,0.00381798,0.00294252,0.00461272,2.39E-05,-0.000635282,-0.00184404,0.00339945,-0.00264837,0.00334204,0.00123692,-0.00327907,0.00012674,0.0123791,-0.00172859,0.018074,-0.00152278,-0.00379136,-0.00656723,-0.00825881,0.0164502,0.0132843,0.0118352,-0.019722,0.00935536,-0.0128288,0.00348605,-0.00655301,-0.00664932,-0.00526554,-0.0143046,-0.0102627,0.00609216,0.00292529,0.0119433,-5.11E-05,-0.000702719,0.00013089,0.00163548,0.0034102,0.0111753,1.38E-05,0.002449,0.00491058,-0.00077391,0.00834986,-0.0064829,-0.00142721,0.00611935,-0.0065496,-0.00778988,0.00569988,-0.00117539,-0.00136669,0.0102457,25.3,15.1,6,372.2,36.1,11,25.1,29.4,24.2,29.6,20.3,580,167,1,113,417,8,312,65
358,mexicana,-97.68,19.07,m62164am,9,-0.00276014,-0.00191106,0.0116793,-0.0144855,-0.00159091,0.017427,-0.006959,-0.00758894,0.025376,-0.0134038,-0.0278163,0.0202613,-0.00719073,0.00357223,-0.00263395,-0.000657852,0.014042,-0.000607628,-0.00507822,0.000460097,0.00590274,-0.00298753,-0.00127749,-0.00141096,-0.00549191,0.00241739,0.00665205,-0.0055297,-0.00176444,-0.00255035,0.000220346,-9.42E-05,-0.00480142,0.0050262,0.013017,0.00530615,0.0299232,-0.00447805,-0.035842,-0.00874158,0.0125283,0.00923888,0.00827692,0.00770736,-0.00526491,-0.0177925,-0.00846729,-0.025263,-0.0219456,-0.0120844,-0.0236369,0.00375409,0.0136536,0.00118413,-0.0308805,0.0301747,-1.69E-05,0.00160613,0.000486088,-0.000315778,0.00485456,0.00410536,-0.000636641,0.00100102,0.00472399,-0.000299842,0.00907213,-0.00948989,-0.00799325,0.00115227,0.000686101,0.00104073,0.00334184,-0.00487222,0.000909463,-0.0105603,15.5,17,7.2,176.8,26.8,3.4,23.4,16.7,12.9,17.3,12.9,661,131,5,79,327,24,268,26
359,mexicana,-94.66,16.62,m63079am,9,-0.00828918,0.00299129,-0.0128235,0.00948889,-0.00441857,-0.0128782,-0.00814284,0.0109012,-0.000525498,0.0015183,-0.0112931,-0.0108155,0.0132128,0.00815629,0.00528377,0.0028068,-0.000371247,-0.00343663,-0.00804774,0.000372537,-0.000860619,-0.0057486,0.00163217,0.00344051,0.000223304,-0.00636936,0.00766161,0.00134755,0.00179495,-0.00466659,-0.00508501,-0.0066682,-0.00610091,-0.000141895,0.0115718,0.00464897,-0.00916054,0.00193999,-0.0133253,0.000531673,0.00289892,0.00928167,0.00101872,-0.00261479,-0.000825072,0.00574364,-0.00347278,-0.00452485,-0.00912799,0.00210955,0.000566096,0.0124637,-0.0242989,0.00250893,0.0016746,0.0149184,-0.000534485,-0.000205928,0.000506377,-0.00771008,0.00293994,0.00607756,0.00132747,0.000667806,0.00471618,-0.000542017,0.00332086,-0.00591641,0.00384463,-0.00198853,-0.0078279,0.00583071,-0.00122812,-0.000250125,-0.0034787,0.00583394,26.1,10.6,6.5,156.4,34.2,17.9,16.3,27,24.7,27.8,23.9,1061,269,3,107,624,11,316,16
360,mexicana,-108.38,30.05,m64256af,9,-0.0102418,0.000878887,0.00263986,-0.00529502,-0.0089502,0.00301758,0.00250032,-0.0082586,0.0124025,-0.00150135,-0.015508,0.00585144,-0.00587403,0.0012859,0.00561138,8.49E-05,0.00117414,0.00191456,-0.00429075,-0.000347361,0.00153256,0.00217453,-0.00270939,-0.000570067,-0.000617664,0.00123645,-0.00215584,-0.000169857,-0.0012254,0.00150913,0.000254427,-0.00416021,-0.00582117,-0.00244364,0.00499556,-0.0030663,0.0112776,0.0024024,-0.0224277,-0.00341924,0.00413029,0.00598889,0.00322972,0.0158364,-0.0111477,0.00248055,-0.0118833,0.0011322,0.0107594,-0.00155081,-0.00666966,0.00380241,0.00486024,-0.00300556,0.0177783,-0.015086,-0.000133598,-0.000551169,-0.000161423,-0.000893924,0.00611539,-0.000672495,-0.000322349,0.00483981,-0.000470622,-0.0013423,-0.000679682,-0.00947663,0.00192462,0.00380354,-0.00216381,-0.00353832,0.000990135,0.00110327,0.00147406,-0.00298064,12.4,17.1,4.9,606.5,30.1,-4.2,34.3,19.1,12.1,20,4.6,412,109,6,91,256,22,229,51
361,mexicana,-108.43,29.99,m64550am,9,-0.00320199,-0.00286756,0.00758549,0.011232,0.014062,-0.0252917,-0.00826363,0.0111286,-0.00582017,0.00649921,-0.00117581,-0.0144143,-0.0113114,0.00973162,0.00433382,0.000605827,0.00645569,-0.00130045,-0.00246657,0.00198695,-0.0100267,-0.0030843,0.0127385,0.0022605,-0.000882015,-0.00258149,0.00381432,-0.00192857,-0.000174639,-0.00285738,0.00886811,-0.00557579,-0.00289135,-0.00387843,-0.00590229,0.00300672,0.00998875,0.000858519,-0.00522164,-0.00144855,0.00236236,0.00633723,0.00549214,0.00573773,-0.012501,0.0048192,-0.0119779,0.00648998,-0.0152454,-0.0104535,-0.0162806,0.00708496,0.0117899,0.00846067,-0.00526564,0.00622215,-0.000476858,-0.00184698,-0.000574657,-0.00329291,0.00390026,0.00185851,-0.000123419,0.00497485,0.00209625,0.00326797,0.00253896,0.000500048,0.000609434,-0.00410956,-0.0066668,-0.00797802,0.00431828,-0.0020666,0.000196682,0.0131585,12.8,17.2,5,603.8,30.4,-3.9,34.3,19.4,12.5,20.3,5,444,116,7,88,270,24,245,61
362,mexicana,-93.11,16.72,m67065am,9,-0.0271552,0.00443268,0.0071583,0.00633597,-0.00496609,-0.0170049,-0.00290067,0.00525506,-0.00567061,-0.00730269,-0.00804223,-0.000786682,-0.004857,0.00131272,0.00211143,0.001953,-0.00819752,0.00262094,-0.00167064,-0.00152209,-0.00288003,-0.00651706,-0.00462311,0.00304711,8.55E-05,0.00184658,-0.00651225,3.18E-06,-0.000435539,-0.00296682,0.00318369,-0.00375919,0.00905622,0.00178493,0.00322164,0.00292602,-0.00634329,0.00296678,-0.00204734,-0.00257633,-0.0108756,-0.010363,-0.00863644,0.00134344,-0.0028227,0.00195237,-0.0157969,0.00860147,0.00359477,-0.00121018,-0.00403987,5.97E-05,0.0254476,0.00100349,0.0196268,-0.0164318,-8.69E-05,-2.80E-05,0.000288706,9.45E-05,0.00119495,0.00534738,0.000501856,0.00263747,-0.00117949,0.00177123,-0.00811318,-0.00301173,0.00823826,-0.00230526,-0.00107157,0.00128135,-0.00932098,0.00927536,-0.00819708,-0.00230188,23.6,13.7,6.9,157.5,33.4,13.8,19.6,24.6,21.5,25.5,21.4,956,212,2,105,576,6,304,16
363,mexicana,-93.81,16.58,m67066af,9,-0.0176203,-0.00624782,0.0182752,0.022161,0.00908484,-0.0160264,0.00400421,0.0084652,-0.00215532,0.000871082,-0.0135478,-0.00625101,0.017443,-0.00309906,0.00166828,0.00294564,-0.0194051,0.00802364,0.00232933,0.00357004,0.00627986,-0.00163423,-0.00942574,0.00399321,0.00824359,0.00339264,-0.00125874,0.00469203,0.00065498,0.00341625,0.0012283,-0.000430305,0.00125311,-0.00255213,0.00856041,-0.00196721,-0.00846802,0.0084433,-0.000577608,-0.00397769,-0.0082478,-0.00290789,-0.000564628,-0.00629574,0.0033045,-0.00277296,0.00146828,0.00778129,0.00273676,0.000362255,-0.0212063,-0.00920402,-0.00677293,-0.00892073,-0.000784832,0.00429639,-4.57E-05,5.76E-05,-6.62E-05,0.00171791,-0.00104255,0.00753433,0.00107959,0.00255574,-0.00132033,-0.000128381,-0.00509046,0.00540559,0.00896812,0.00396385,-0.00313186,0.00794056,-0.00945761,0.00698965,-0.0121053,0.00712968,24,12.1,6.9,151,32.4,14.9,17.5,25.2,21.9,25.6,21.8,956,202,3,101,561,12,296,24
364,mexicana,-100.37,25.27,m67992am,9,-0.0183426,-0.00107591,0.0302491,-0.00162446,-0.00997261,0.00379137,-0.0211007,-0.00809413,-0.00975831,0.00996932,-0.0232541,0.0118205,0.00888389,-0.0124792,0.00489404,0.00081325,-0.0127565,0.00720812,-0.00119125,-0.00172975,-0.00164936,-0.00107386,0.00442951,0.00600462,-0.000368752,-0.00137919,-7.01E-05,-0.000302477,0.00126998,-0.00111883,-0.0049394,-0.00406613,0.009212,-0.0028227,0.00557327,-0.000799512,0.00341906,0.000612103,-0.0203607,-0.00945902,-0.00496044,-0.010804,-0.00717337,-0.00186406,-0.00632159,-0.000756427,-0.000868473,-0.000393447,0.00759136,-0.00885149,-0.0162079,0.0238163,-0.00240727,-0.0121936,-0.00728971,-0.0103002,-0.000126397,0.00152264,0.00126133,0.00135879,0.0023893,0.0068063,0.000899676,-0.00505389,0.00291475,0.000724664,-0.00168045,-0.00226758,0.0066905,-0.00936153,-0.00215479,0.00338565,-0.00431365,0.00564915,-0.00493115,-0.0130262,14,14.1,6.5,247.6,24.2,2.7,21.5,16.2,11,16.7,10.4,579,108,15,62,269,56,201,60
365,mexicana,-100.37,25.27,m67995af,9,0.00128591,-0.000496225,0.000646711,0.00518327,-0.00164417,-0.0189293,-0.0174726,0.00185961,-0.00331188,-0.000770302,0.00504309,-0.00978664,0.0207487,0.0144361,0.00268174,-0.00120931,-0.0134229,0.00215335,-0.00200146,0.000987218,0.00233929,-0.00102432,-0.00690849,0.00726705,-0.00391008,-0.00137626,0.00032715,0.000109058,-0.00268672,-0.00329525,-0.00257937,-0.00696238,0.00815199,-0.00323958,0.0180629,0.00311814,0.00586219,-0.00283608,-0.0142183,0.00592418,-0.00192899,-0.00106469,0.0025347,-0.00428863,-0.0233328,-0.00162331,-0.00159213,0.0368457,0.0015082,-0.000276529,-0.0133942,0.00717782,-0.0012679,0.0210871,0.0123467,-0.018206,-4.11E-05,-0.00112866,0.000647302,0.000470001,0.00171385,0.00230788,-0.000184991,0.00064847,0.00360713,-0.00016907,0.00141691,-0.00120157,-0.0030678,0.000256955,0.00175846,-0.000512992,-0.00624326,0.0107082,-0.00521923,-0.0144807,14,14.1,6.5,247.6,24.2,2.7,21.5,16.2,11,16.7,10.4,579,108,15,62,269,56,201,60
366,mexicana,-108.38,37.16,m69440am,9,-0.00159619,-0.00278069,-0.0050409,0.0108593,-0.0115503,-0.00479226,-0.0288344,-0.000551285,0.0113831,0.000161194,-0.00114802,-0.00428164,-0.0104984,0.0190771,0.00623808,-0.00252015,0.00413793,-0.0021421,-0.00914873,-0.00183264,0.00127361,-0.000580693,0.00754017,-0.000163644,-0.00491055,-7.22E-05,0.000285045,-0.00229022,-0.002788,-0.00119549,-0.00135225,-0.00629751,0.00641596,-0.000744086,0.0240166,-0.000823155,0.0236363,-0.00601811,-0.00278485,-0.0071576,-0.00341525,0.0218942,0.00889525,0.0144217,-0.0057679,0.000277804,-0.00586612,0.000504284,-0.0105719,-0.00549893,-0.0304588,-0.00252734,-0.00309316,0.0111929,-0.0206603,0.00939449,-0.000513594,-5.73E-05,-0.000825647,-0.00287167,0.00058978,0.00907802,0.00139796,0.00395262,0.000738541,-0.00142909,0.00482943,0.00423229,0.000176735,0.00107577,-0.00522593,-0.00194004,0.00567017,-0.00531519,0.00633831,0.00516035,9.1,15.7,3.8,850.4,30.6,-9.9,40.5,15.6,12.9,20.2,-1.7,375,44,13,26,119,60,95,89
367,mexicana,-107.45,28.45,m81495am,9,-0.00453147,0.00338956,0.00312269,0.00848593,0.00551466,-0.0151583,-0.0211165,0.00993741,-0.0132629,-0.00116751,-0.00860944,0.000872319,0.00503073,0.0128307,0.00363843,0.00450725,-0.00766309,0.00559271,-0.00280132,-0.00137486,0.00305464,0.00722695,-0.00440315,-0.00556872,0.0147126,0.00128671,-0.0202644,-0.00190612,0.00923996,0.00361387,0.00395401,-0.00282821,0.00834768,-0.00245318,-0.00316867,-0.002891,0.011922,0.00447462,-0.00288154,-0.00554531,-0.00712936,0.00317013,-0.0109923,0.00716711,-0.0133707,-0.00544993,0.00128029,-0.0125161,-0.00211173,-0.00723842,-0.0108356,0.00298643,0.0150214,0.0180471,0.00646962,0.00876494,-7.37E-05,-0.000927038,0.00043651,0.000602497,0.00220197,0.00906281,0.000415521,0.00396487,0.0039226,-0.00612951,0.0030521,0.000676981,-0.000343067,0.0161684,-0.00473881,0.00379078,-0.0100105,0.00548347,-0.0146649,0.0146888,14,19.3,5.5,543.7,31.1,-3.9,35,20,13.4,20.8,6.9,505,139,6,109,354,24,313,46
368,mexicana,-106.72,27.94,m82807af,9,0.0148257,0.0157732,-0.00745888,0.00131926,0.0140787,0.0055587,-0.00424549,-0.00317611,0.016419,-0.00212951,0.0138713,-0.00107257,-0.030182,0.01737,0.0137529,-0.00224778,-0.00282056,0.000528856,-0.010711,0.00135243,-0.00296919,0.00314972,0.00396892,0.00567732,-0.00724418,0.00222359,-0.000464338,-0.00486388,-0.0115057,0.000487073,0.00828419,-0.00117697,-0.00522167,0.00430265,0.0308438,-0.0029548,0.024977,-0.00680467,-0.0242788,-0.00731354,0.00887147,0.0332217,0.0064522,0.0157945,-0.0143298,-0.0223014,0.0118193,-0.0220994,-0.0110348,-0.0147752,-0.0109149,0.00169097,-0.0029161,-0.0216236,-0.0352666,0.0143036,-0.000153606,0.00180563,-0.000216831,0.000285451,0.00568582,0.00249316,0.000344501,0.00118654,0.00131138,-0.00606431,0.003894,-0.00294701,-0.0007478,0.00511819,-0.00637173,-0.0196989,0.0133571,-0.00977778,0.0145701,0.00716502,16.2,17.5,5.3,525.5,32.2,-0.6,32.8,21.5,16.7,22.6,9.2,502,136,4,118,376,18,304,29
369,mexicana,-106.72,27.94,m82810am,9,-0.0191455,0.000933986,-0.00401112,0.0101007,0.00152047,0.00123603,-0.00563207,-0.00877966,0.00416595,0.0175631,0.02407,-0.0100879,0.0140519,0.0134248,0.00574914,0.000968026,-0.00286827,-0.00254455,-0.00726705,0.00194375,0.000417892,-0.00638599,0.00178978,0.00669425,-0.000558119,-0.00168563,0.00149043,8.46E-05,0.000303455,-0.00200525,-0.000891715,-0.0111401,0.00236654,-0.00474405,0.0125797,0.00127644,0.00669101,4.31E-05,-0.00082178,-0.0071137,-0.00875418,0.00788383,-0.000996781,0.0121708,-0.0078125,0.0148865,-0.0113612,0.0198505,0.0102153,0.00547918,-0.0129458,0.008692,4.81E-05,0.0203081,0.0186158,0.0196328,4.73E-06,-0.00215723,0.000482819,-0.000625462,-0.000198695,0.0086373,-0.00153615,-0.00349098,0.00208324,0.0020595,0.000970703,-0.00520011,-0.00593211,0.00757931,0.00246481,-0.00768595,-0.000131168,0.00231428,-0.000323377,-0.00554461,16.2,17.5,5.3,525.5,32.2,-0.6,32.8,21.5,16.7,22.6,9.2,502,136,4,118,376,18,304,29
370,mexicana,-92.89,17.07,m84069af,9,0.00746027,0.000131914,0.00746361,-0.00888018,0.0018223,-0.0224549,0.00503281,0.0137041,0.00173566,-0.0139648,-0.00128507,-0.0201905,0.00362618,0.0170483,0.0049335,0.00206976,-0.00832668,0.00572476,-0.00330297,0.00147721,-0.00402121,-0.00224511,-0.00546653,0.000679203,-0.00020083,0.00185452,-0.0044912,0.00391116,0.00165588,-0.00193446,0.00090189,-0.000383585,0.0104871,0.00791542,0.00357596,0.00320583,0.000920131,-0.00529563,0.000195098,0.000306249,0.00634205,0.00271656,0.00828446,-0.00711077,-0.00472505,0.00537867,-0.00254079,-0.00404631,0.00192704,0.00508765,-0.0079685,-0.00605179,0.00804942,0.00122825,-0.0164341,-0.00681495,-0.000274905,7.51E-06,0.000157054,-0.00142866,-0.00169183,-0.00127888,0.00127227,-0.000395262,0.0010627,-0.00171575,0.00046445,0.00576989,-0.000137656,-0.00301818,0.00207172,0.00448353,-0.0064069,0.0027171,-0.00660077,-0.000226808,18.6,12.2,7.1,135.7,26.9,9.8,17.1,19.3,18.4,19.9,16.6,1912,295,49,56,801,184,463,236
371,mexicana,-92.89,17.07,m84072am,9,-0.0168553,0.00268248,0.0244042,0.00228866,0.0121643,-0.0165569,0.00879837,0.00536485,-0.0123282,-0.0103738,0.026282,0.00352867,0.00223576,0.0202439,-0.000359376,0.00463261,0.00502193,-0.0036165,-0.00735818,-0.00207715,0.000399427,-0.00352827,0.00220381,0.00880886,-0.00347441,0.0027049,0.00332752,-0.000611203,-0.00545128,0.000345107,0.00568574,-0.00294562,-0.00299704,0.00676549,0.0121424,-0.00145694,0.00977671,-0.00782161,-0.0116618,0.00536945,0.000593155,0.0121449,-0.000741025,0.00374081,-0.0168788,0.0189795,-0.003493,-0.0106089,-0.00495303,0.00787658,-0.0353349,-0.0171097,-0.0177251,0.0539745,0.00377594,0.0150263,-0.000190074,-0.00083735,0.000165424,-0.000944144,0.010046,0.00337003,-0.000670091,0.00592565,0.00329186,-0.00507047,0.00475925,-0.00695965,-0.00225049,0.0101939,-0.00654244,-0.00457968,0.00290046,-0.000371897,0.00551192,0.000752433,18.6,12.2,7.1,135.7,26.9,9.8,17.1,19.3,18.4,19.9,16.6,1912,295,49,56,801,184,463,236
372,mexicana,-92.89,17.07,m84073am,9,-0.0102186,-0.0042194,0.000122074,0.00733614,-0.00540744,-0.0194363,-0.00135922,0.00841221,-0.00584453,-0.00158086,-0.00407153,-0.00718718,0.0141515,0.00963943,0.00328528,0.0015151,-0.000829125,-0.00113489,-0.00530972,0.00260523,0.00169273,-0.00504448,0.003631,0.00465401,0.00356931,0.00088697,0.00085696,0.00436477,-0.00627639,0.000899523,0.00729811,-0.00434398,0.00580674,0.00143517,0.00486079,0.000681079,-5.57E-07,0.0003156,0.00632127,0.000944595,-0.00495767,-0.000190524,0.0133067,0.000220009,-0.00413865,0.0181313,0.00600208,0.0189304,0.000786864,0.00898313,-0.0108485,0.0057161,-0.00714775,0.0298695,0.00810105,-0.0168687,6.33E-05,4.48E-05,0.000469773,0.00238035,0.000521254,0.00286484,-0.000420241,-0.00129764,0.00433331,0.00492976,0.00856026,0.0102466,-0.00386632,-0.00107748,-0.00361427,0.0076427,0.00125699,0.000634869,-0.00521229,0.000776565,18.6,12.2,7.1,135.7,26.9,9.8,17.1,19.3,18.4,19.9,16.6,1912,295,49,56,801,184,463,236
373,mexicana,-92.47,16.53,m84074am,9,-0.0171362,-0.00249647,-0.00652158,-0.00553667,-5.25E-05,-0.020347,0.0109049,0.0134716,0.0047329,0.00268223,-0.00235726,-0.0146977,0.00605031,-3.28E-05,0.00205815,0.00289919,-0.0172923,0.00317108,0.00473486,-0.00128438,-0.00634868,-0.00548502,-0.0016583,-0.0031415,0.0093407,-0.00371765,-0.00147556,0.00464154,-0.0032039,-0.0025974,0.01081,0.0031165,0.00973201,0.00168485,0.00708715,-0.00446636,-0.00344497,0.00144216,-0.00295054,0.00539788,0.00151834,-0.00913349,0.0051542,-0.00377446,-0.00649635,-0.00421896,0.00324935,-0.0172615,0.0016425,0.00170416,0.0203152,0.0176417,0.0135102,0.00186875,0.0210446,0.00821817,-0.000481681,-0.000650559,0.000534461,-0.00356237,-0.000612348,0.00300066,0.00164811,-0.00226234,0.00238053,-0.00179606,-0.00222908,-0.00248881,0.00619572,-0.000258122,-0.00142999,0.0146377,-0.0105185,0.00571753,-0.0102824,0.00157805,17.3,13.4,7.4,109.8,26.1,8.2,17.9,18,15.7,18.5,15.7,1303,259,12,85,653,44,426,44
374,mexicana,-90.63,14.47,m84293af,9,-0.0049594,0.000334899,0.00525771,0.00120803,-0.00471396,-0.0177217,-0.00475939,0.00853498,-0.00297471,-0.00433156,-0.0005892,-0.00105703,0.00432638,0.00417339,0.00398725,0.00302851,-0.016131,0.00509727,-0.00224301,0.000858079,-0.00605462,-0.00208874,-0.00437538,0.00391957,-0.000799167,-0.00154148,-0.0168681,0.00349464,-0.000257492,-0.00115918,-0.0063206,-0.00051547,0.0160145,0.00357782,0.012571,0.00386146,-0.00373438,-0.00345662,0.000535328,-0.00246549,-0.0104798,-0.0100465,0.00540614,0.00221807,0.00896445,0.00427118,-0.00711739,-0.00575841,6.95E-05,0.00526904,0.00555886,-0.00952039,0.0132541,0.0109278,0.00839904,0.0114451,-0.000255483,-0.00180263,0.000798498,0.00182271,0.00593789,0.00319079,0.00195244,-0.000806071,0.00294575,-0.00582893,0.0050803,0.00668057,0.00370556,0.000569491,-0.00236572,0.0110312,-0.00443684,0.00122132,-0.00688532,-0.00122268,20.1,10.4,7.4,85,27,13,14,20.6,19.4,21,18.9,1278,269,2,96,671,10,429,29
375,mexicana,-92.89,17.07,m85389am,9,0.00748736,0.00179059,0.013004,0.00605248,-0.000284235,-0.0207471,-0.00488977,0.00603419,0.0115779,-0.000961005,-0.00939962,-0.00103087,-0.00909533,0.00388092,0.00279031,0.0061276,0.00351056,0.00405535,-0.00107215,-0.00134036,-0.00686589,0.000365124,0.00728301,0.00316697,0.00488847,0.000567116,-0.0066605,-0.000254403,0.00537312,-0.00335519,-0.0011384,-0.00829717,-0.00395244,-0.00219205,-0.00403257,-0.000807044,0.0105806,-0.000997998,-0.00281999,-0.00459338,0.00439858,-0.003549,-0.000505012,0.00481097,0.00199812,-0.00361628,-0.00658417,-0.00591263,0.000550802,-3.40E-05,0.00904458,0.00744738,-0.0161627,0.0103821,0.0108296,0.00838757,-0.000126923,-0.00144994,0.000767444,0.000835238,0.000478164,0.00304856,0.000555083,0.00121978,0.00389113,0.00222831,-0.000401259,-0.00234844,0.00731988,-0.0113112,-0.0073092,-0.000868903,-0.000637902,0.00764639,-0.000306935,-0.0038388,18.6,12.2,7.1,135.7,26.9,9.8,17.1,19.3,18.4,19.9,16.6,1912,295,49,56,801,184,463,236
376,mexicana,-106.46,23.28,m85895af,9,-0.00290261,-0.000488261,0.0152322,-0.00778004,-0.00381555,0.00601338,-0.0181123,-0.00658727,-0.00804162,-0.00960705,-0.0109252,0.01383,0.0086296,0.00607571,0.0042795,-0.00109787,-0.00459301,0.00451168,-0.00336442,0.000261917,0.00201291,0.000316286,-0.000385343,0.00330066,-0.00397253,-0.00125724,-0.00584615,0.00120666,-0.00955041,0.000723508,-0.00430379,0.00363074,0.00394728,0.000341764,0.0183983,-0.00229626,0.0117713,-0.00411603,-0.0147692,0.000221536,-0.00377806,-0.000730569,-0.00906284,-2.21E-05,0.0117882,0.00521884,-0.000891539,-0.00343374,-0.015203,-0.00151147,-0.0169399,-0.00298985,-0.014179,0.0129865,2.82E-05,-0.00400139,0.000243488,0.00197915,0.000267823,0.00159723,0.0016193,-0.000216662,-0.00169593,-0.00205346,0.00114623,0.00695921,0.00376937,-0.00253416,-0.00312308,0.00693225,-0.00121153,-0.00489008,0.00663955,0.00432129,0.00221334,-0.00259681,24.8,9.8,5.5,316.3,32.5,14.7,17.8,28.4,23.3,28.4,20.7,775,208,1,121,587,11,587,40
377,mexicana,-107.72,25.93,m90504af,9,-0.00228531,-0.0048449,-0.00534776,0.0133815,-0.00941953,-0.0206266,0.0223015,0.00647181,0.0106766,0.00304543,-0.0151257,-0.00593936,0.0077768,-0.00719674,0.00866928,0.00262036,-0.00725303,-0.000554491,0.00236584,-0.00400365,-0.0119389,0.000285752,0.0127666,0.000889796,0.00656065,0.00045017,0.00812255,-0.000357668,0.00321331,-0.000191238,0.000220552,-0.00194826,0.00227466,-0.00293934,-0.00980323,0.00711113,0.012357,-0.00161494,-0.0132664,-0.00483835,-0.0108992,-0.0154068,0.0145307,0.00855647,-0.0260953,-0.0334247,0.00855132,-0.026314,0.00975956,0.00660654,-0.0224886,-0.0199323,0.0132177,0.0102656,0.00531449,0.0266433,-0.000167256,-0.000261331,3.93E-05,-0.00107591,0.0024929,0.0103022,0.000868072,0.0025667,0.00247658,-0.00469527,0.00301024,-0.00663734,-0.00188334,0.00556335,0.00169929,0.0147458,-0.00941541,-0.00273874,-0.0136952,-0.00691681,22.7,16.7,5.9,396.2,36.2,7.9,28.3,26.3,22.8,27,17.2,1025,266,10,104,691,41,607,119
378,mexicana,-105.46,23.07,m93087af,9,-0.0223102,-0.00554393,0.00606962,0.00831171,-0.00919955,-0.0167156,-0.0190281,0.00281916,0.0126391,-0.00926094,-0.0206795,-0.00103623,-0.0241993,0.00181807,1.51E-05,0.00109039,-0.00468556,0.00280903,-0.00146461,-0.00577244,0.00492829,0.00376655,-0.00625116,0.0028984,-0.00228159,-0.00506972,0.011059,0.00388996,-0.0106651,-0.00545892,0.0101468,-0.0029356,0.0178729,-0.000895092,0.000131744,0.000538613,0.000352059,-0.00301681,-0.0142059,0.00526717,-0.00137444,-0.00558603,0.00163126,-0.0078702,-0.000614008,0.0149347,-0.0146271,0.00735453,0.0039432,0.00537307,0.00100064,0.0105705,0.00462959,0.00695019,0.00760738,0.00067491,0.00016116,-0.000279129,0.000283563,-0.00113728,0.00366789,-0.00340624,-0.000766142,0.0035441,-0.000475587,0.000879322,-0.00611823,-0.00818874,0.00161568,0.00797236,0.00177273,0.00282845,-0.0104178,0.0131836,-0.00855914,-0.00251824,21.1,11.9,6,274.1,30.4,10.6,19.8,23.6,21.5,24.1,17.2,1253,294,5,103,851,38,407,135
379,mexicana,-105.78,23.49,m95111am,9,0.0190781,-0.00935734,0.00629724,-0.00660469,0.0247447,-0.00370875,-0.00268708,-0.00767372,-0.00751064,-0.00457393,-0.0403277,0.0134299,-0.0049639,0.0055127,-0.00117774,0.000761221,-0.000128256,0.00878301,-0.00152364,-0.000380003,0.0044566,0.00446589,0.000125481,0.00198962,-0.00115632,-0.00250046,-0.00423132,0.00371636,0.00313663,-0.000104534,0.00921271,-0.00337904,0.00186975,-0.00126491,-0.0130109,-0.00558813,-0.0033968,0.00236703,-0.00550538,0.00318012,-0.0108779,-0.00129464,0.00610822,0.00472106,-0.024749,0.00463662,-0.00570668,0.0177734,0.0210359,0.00227087,0.0079075,-0.00955611,-0.0171265,0.0129515,0.0102632,-0.00827045,0.000146882,0.0013131,0.000623944,0.00254512,-0.000891524,0.00443852,-0.000419876,-0.00143394,0.00276099,-0.00271591,0.00164263,-0.00600529,-0.000634197,0.0127593,-0.000963678,0.00453564,-0.00686251,0.00442572,-0.0132494,0.00927129,20.5,11.9,5.8,280.4,30.3,9.9,20.4,22.9,21.2,23.6,16.5,1202,305,9,94,758,49,442,146
380,mexicana,-105.9,23.42,m96176af,9,0.00383396,0.00441737,-0.00734966,-0.00107589,0.0110314,0.000224257,-0.0222803,0.001565,-0.00271929,0.00829304,0.0160276,-0.0113472,-0.00143216,0.0177516,0.0193468,-0.000851135,-0.0125461,0.0024384,-0.0117392,0.000180917,-0.0131021,0.00308336,-0.0103257,0.00662648,-0.0122594,-0.00727719,-0.00530263,-0.000185977,-0.00269418,0.00309066,-0.00365783,0.00752841,-0.00132306,-0.00841686,0.0267921,-0.0031601,0.0247583,-0.00937062,-0.0327907,0.000442969,-0.00456154,0.0414961,0.00474186,0.016811,-0.0026476,-0.0131729,0.0166213,-0.028294,-0.0148068,-0.00934833,-0.0171727,-0.0283098,-0.0263778,0.00926515,-0.000781612,0.0107407,0.00013806,0.00294693,0.00108253,0.0028522,-0.00150834,0.00721887,-0.000146339,-0.00680806,0.00753508,0.00577901,0.0153657,-0.00384899,-0.00426385,-0.000962169,-0.00580198,-0.00989213,0.0166529,-0.00260301,0.00436858,-0.00384664,22,11.6,5.8,263.9,31.7,11.7,20,24.1,22.7,25,18.2,1244,330,9,101,819,47,461,134
381,mexicana,-105.78,23.49,m96897af,9,-0.0116732,-0.00604083,0.0178589,-0.00303823,0.00654658,0.00185043,0.0112859,-0.0110329,0.0092135,0.00524959,0.0139583,0.00763528,-0.00203201,0.0127192,0.00225948,0.000357956,0.00388952,0.00417841,-0.00468578,0.00263368,-0.00720281,0.000104375,0.00289453,0.00192395,0.000663079,-0.00202323,-0.000226899,-0.00246185,-0.00382415,0.00281594,0.00694514,-0.00156958,0.000461073,-0.0073062,0.00452609,0.00263894,0.0193949,-0.00119253,0.00260349,-0.00187499,0.0168443,0.0177411,-0.000957627,0.00890362,-0.0167142,0.0182511,-0.00112997,0.0156713,-0.0143209,-0.00868516,-0.00663282,0.00271318,-0.0204735,0.0181908,-0.010383,0.00316907,6.39E-06,-0.000388583,0.000562266,0.000778784,0.00417455,0.00103868,-0.00039744,-0.00110641,0.00620803,0.00028938,0.011313,-0.00681053,-0.00142904,-0.00136968,-0.00872133,-0.0149947,0.0166176,-0.00329032,0.0109236,0.00282163,20.5,11.9,5.8,280.4,30.3,9.9,20.4,22.9,21.2,23.6,16.5,1202,305,9,94,758,49,442,146
382,mexicana,-104.69,20.16,m98856af,9,-0.00342408,-0.00100089,0.00892479,-0.00471751,-0.00128012,0.00535373,0.00932743,-0.00512412,0.0205093,0.00474621,-0.0021409,0.00292154,0.0107398,-0.00428647,0.0107829,0.00252503,-0.014286,-0.000237565,-0.00103747,-0.00130788,-0.00633272,-0.00650128,-0.00154825,0.000803644,0.0177691,-0.00152831,-0.0089612,-0.000753705,0.00141074,0.000770499,0.00419957,-0.00135962,-0.000176857,0.00226545,0.00739618,0.00586539,0.00256905,0.0011777,-0.0120747,0.00324212,0.00842381,-0.00196918,-0.000959762,0.00269651,-0.00733207,0.0455055,-0.0182802,0.046578,0.00141761,0.0129728,-0.0160132,-0.0115316,0.0111989,0.0162847,0.021648,-0.00808775,-0.00026577,0.00107867,-0.000212314,-0.000186589,-0.000641687,0.0068417,0.00137156,0.00488954,0.00172825,-0.00372824,0.000963827,-0.00128629,-0.00108515,8.06E-05,0.00211101,4.76E-05,-0.0090098,0.00333646,-0.0133974,-0.00024109,16.1,13.4,6.4,180.2,26.3,5.6,20.7,17.4,15.1,18.1,13.6,1339,321,5,103,856,28,556,77
383,mexicana,-96.9,16.22,m98869am,9,-0.000393738,-0.00313696,0.0033932,0.0059357,0.0168123,0.00851973,0.0263791,-0.00609474,-0.00441557,-0.00384219,-0.00351996,0.00883033,0.00932632,-0.00849393,0.00565314,0.00151182,-0.00210279,0.00104371,-0.00506405,0.00188473,0.000986124,-0.00111621,-0.00307171,0.00289603,0.0047016,-0.0036184,0.00595054,0.00399513,-0.00354276,-0.00397267,0.00674924,-0.000252671,0.0047233,0.00371031,0.000960034,-0.00193952,0.00516706,-0.000326709,-0.00993927,-0.00306479,0.00556911,-0.00183796,-0.00596681,0.000422098,0.0034543,0.011911,-0.0139145,0.014021,0.00268716,0.00538293,0.00627388,0.0087603,-0.0110502,0.00718834,-0.0105462,0.0007433,-0.00018253,-0.00268685,0.00142219,-0.000605559,0.00992869,-0.000744303,0.000106088,0.000629588,0.00707808,-0.000845121,0.00490319,-0.00750001,0.00373159,-0.00310139,-0.00900645,-0.00285495,-0.000159633,0.00666505,-0.00496056,0.000910909,17.4,14.2,7.3,98.8,26.8,7.6,19.2,17.6,16.1,18.6,16,1207,263,3,102,706,17,403,25
384,mexicana,-103.57,21.98,m99026am,9,-0.00958713,-0.0083253,0.00752731,0.00076443,-0.00236376,0.00861028,-0.000819211,-0.00511812,0.0139958,0.00715125,-0.0241258,0.00462743,-0.0299728,-0.00589019,0.00440653,-0.00121445,-0.00457484,0.00398653,-0.00420711,-0.00087234,-0.0175115,-0.000395777,-0.0127749,0.003397,0.000942762,-0.00252573,-0.0018305,0.00598359,0.0106337,-0.00206745,0.00212654,-0.00167428,0.00469001,-0.00433931,-0.00583623,-0.00249797,0.00320417,0.00317601,-0.0182401,0.00312776,0.0057503,0.00711083,-0.00606363,0.00832538,-0.0148973,0.00702406,-0.00113885,0.00172979,0.00183395,-0.00339383,-0.0106505,0.0166957,0.0155324,-0.0193284,0.0132929,-0.00802445,-0.000177566,0.000717211,0.000254418,-2.07E-05,0.00326545,0.00106389,0.000980955,0.00219005,0.00180638,-0.00604967,0.00172731,-0.00535594,0.00146107,0.00169937,-0.00124217,0.00321772,-0.00344225,0.00151665,-0.00317717,0.0019852,17.6,16.5,6.2,283.4,30.3,4.1,26.2,19.6,16.3,20.9,13.6,712,198,6,111,485,20,318,45
385,mexicana,-92.01,16.33,m102868af,9,-0.0180405,-0.00173961,0.0198835,-0.000787106,0.00496042,0.000141932,-0.00736486,0.000837193,-0.00484453,0.00173632,-0.0106077,0.00613534,0.00993395,-0.00520476,-0.00289711,0.00235521,-0.0181255,0.00628934,0.00933816,-0.00134372,0.00231138,-0.00439412,-0.00561379,8.07E-05,-0.00048984,-0.00521033,-0.00327979,0.00479744,0.00471887,-0.00513712,0.00223691,-0.00237604,0.00931546,-0.00125636,-0.00150495,-0.000418914,-0.00126671,-0.0041203,-0.0105411,-0.00341888,-0.0136841,-0.0176496,0.000990612,-0.00120299,-0.0117031,-0.00466001,-0.0025988,0.0203554,0.00529055,0.00171195,-0.0105862,-0.00646019,-0.0213089,-0.00535987,0.00327263,0.0106519,-0.000208469,-0.00139079,0.000426782,0.000357134,-0.000846406,0.00216414,0.00147847,0.00350536,0.000108407,-0.00339245,-0.00587401,0.0155081,0.00589556,-0.00198641,0.000278187,0.015527,-0.0181461,0.0103932,-0.0155811,0.00271936,18.1,13.7,7.4,117.6,27.4,8.9,18.5,18.9,17.1,19.4,16.4,1135,215,20,76,520,61,361,67
386,mexicana,-91.98,16.34,m102870af,9,0.00250898,-0.00335097,0.0145989,0.00157647,-0.00247516,0.00236308,0.0166922,-0.00389488,-0.0157261,0.00369896,-0.000613136,-0.00355559,0.0161415,-0.00860326,0.00358656,0.0049394,-0.0116062,0.00467923,0.000231549,-0.00205725,0.0020163,-0.00638096,0.000748556,-0.00944867,-0.000187134,-0.00318657,0.00741108,-0.00402469,-0.00243255,0.00127263,0.00240069,-0.00420622,0.00680378,0.00536427,-0.00282244,0.00752279,-0.00440207,0.000501464,-0.0114521,0.00429762,-0.00221905,-0.0167383,0.00320299,-0.0107754,0.00242478,-0.00168873,-0.0061952,0.00624655,0.00967111,0.00189513,0.0154219,-0.00883423,-0.0209925,-0.00600038,-0.0192659,0.00461317,6.78E-06,0.00235469,0.000399051,-0.00187119,7.91E-05,0.00280416,-9.95E-05,0.00466767,-0.00104252,0.00507418,-0.00976618,0.0048097,0.00500187,-0.00148105,0.000824991,-0.00473745,-0.0126548,0.0183411,-0.0092007,-0.000251317,18.7,13.7,7.4,121,28,9.6,18.4,19.5,17.7,20,17,1276,233,22,74,592,76,375,91
387,mexicana,-107.75,24.68,m103834af,9,-0.0184027,-0.0039444,-0.000829151,0.0116378,0.0036611,-0.0224649,0.00504189,0.00765009,0.0143074,-0.0109853,-0.0138891,0.00177987,-0.00592371,0.0125819,0.00826814,0.0041182,-0.0181994,-0.00126546,-0.000708221,-0.0011294,-0.00332032,0.000647816,-0.00664139,-0.00183311,0.00157003,0.000857296,-0.00165285,-0.000149126,0.000605255,0.000433856,0.000772588,-0.000109369,-0.000856354,-0.0020354,0.00136324,-0.00413341,0.00627454,-0.000727006,-0.0221497,-0.00769082,0.00999854,0.00470604,0.00221292,0.00666206,-0.00393989,-0.00751522,-0.0140761,-0.0050121,0.00394966,-0.000890117,0.00557647,0.00629958,-0.00808481,-0.0100047,-0.00758806,0.0136917,-0.000413034,-0.000557226,0.000905972,-0.00149212,0.00203847,-0.0035321,0.00264416,-0.0017939,0.00436907,-0.00219647,0.000431267,-0.00570281,0.00931157,-0.00579047,-0.00353275,0.0144499,-0.00990374,0.00778209,-0.0162106,-0.00131371,25.2,15.1,6,398.3,36.1,11,25.1,29.8,23.8,29.8,20,579,185,1,117,424,11,331,52
388,mexicana,-104.73,20.64,m105842af,9,-0.0098712,-0.00216462,0.00453228,0.00181763,0.00273636,0.00190187,0.00633231,-0.00300706,0.00618741,0.00193234,-0.00121377,-0.00274382,-0.0109268,0.00390866,-0.0129649,0.0032495,0.0096135,-0.000134297,0.00636434,-0.00121327,0.00809243,-0.00637061,-0.0063539,-0.00140994,0.00215305,-0.0025834,0.00187332,-0.000587162,0.00185946,-0.00326551,0.00706734,-0.00306176,0.00119665,-0.00176333,-0.000908209,0.0050353,0.0141765,0.00135833,-0.0230976,0.00768141,-0.00341892,0.00190936,0.00788265,-0.00261488,-0.00325915,0.00201634,-0.0155623,0.0144117,-0.00447626,0.0043016,-0.0164811,-0.0112712,-0.0218916,0.00492416,0.00695227,-0.00925642,-0.000192938,-0.000615668,-0.000491652,-0.00147839,-0.00148795,0.00230036,-7.67E-05,0.00320712,0.000742438,-0.000298828,0.000511474,0.000824882,-0.00397181,0.000167866,0.00146061,-0.00842945,-0.00120977,0.00118057,-0.00101389,0.000435358,15.1,13.5,6.3,192.4,25.6,4.5,21.1,16.5,14.1,17.3,12.4,1195,298,5,104,774,29,505,77
389,mexicana,-103.47,24.43,m107805am,9,-0.00968671,-0.00826018,-0.0124236,-0.00176581,-0.0213941,0.00988936,0.0211055,-0.00499334,0.0241051,-0.00261086,0.00514465,0.00741088,0.000940611,-0.00555436,-0.00169513,-0.000819229,-0.000400444,0.00138213,-0.00363836,0.00120976,-0.00484916,-0.0010051,-0.0118866,-0.00135168,-0.00473308,-0.0012491,-0.00328579,-0.000127809,0.00874141,-0.00241721,-0.00573065,0.00137492,0.00499504,0.00162604,0.00885755,-0.00141014,0.0203168,-0.00181868,-0.012995,-0.00259443,-0.0113918,-0.00380232,-0.00170398,0.0136296,-0.0162615,-0.00341592,-0.0126185,0.00240339,0.00932022,0.00477255,-0.0160507,0.00361679,-0.0198402,0.0120063,0.00544509,-0.0059044,3.27E-05,-0.00242567,-0.000679887,0.00173255,0.00489197,0.00410721,0.000772315,0.00285025,0.00128857,-0.00740476,0.0101533,-0.00619079,-0.00339865,0.0150217,-0.00381557,-0.00338712,0.00787783,-0.00968086,-0.00133129,0.00519191,18.4,18,6.3,349.9,32.1,3.8,28.3,21.3,16.8,22.3,13.4,408,114,4,103,275,15,146,24
390,mexicana,-103.79,22.73,m109423am,9,0.00465673,-0.00106143,0.0115008,0.00170107,-0.0119592,-0.000662439,-0.0211217,-0.00301818,-0.0168334,0.00878637,-0.0269207,-0.00536045,0.0065998,-0.0113198,-0.00664138,-0.0018084,-0.00556529,0.0064773,0.00719984,-0.00363226,1.11E-05,0.00355877,-0.00346831,-0.00558703,-0.00183547,-0.000324879,0.00493108,-0.00281086,0.000652073,0.00275505,-0.00823169,0.000570788,0.00367019,2.53E-06,0.00324512,0.000468763,0.00118536,0.00452969,-0.0199048,-0.00161168,0.00716067,-0.0161648,0.0139375,-0.0111509,-0.0124835,0.0148298,-0.0175839,0.0357905,0.00171952,0.00467875,0.00705617,-2.32E-05,0.0139313,0.0063744,0.0265322,0.00469811,-0.000152228,-0.000667197,-0.000209911,-0.0001157,0.00241543,0.00439208,0.000246353,0.000458841,-0.0049786,-0.00425579,-0.00907558,-0.00141959,0.0081279,0.00760865,-0.00156247,0.00422725,-0.00595751,-0.00300985,-0.00401862,0.00410963,15.3,15.6,6.1,312.4,27.5,2,25.5,18.6,13.8,18.9,10.9,559,132,2,99,350,13,232,64
391,mexicana,-102.09,20.4,m109429am,9,-0.0138088,0.00344909,0.0170366,-0.00091143,0.0121587,-0.0265325,-0.0248643,0.00938363,-0.00546286,-0.00543444,-0.0278547,-0.001195,-0.0219525,0.0127244,0.00271347,0.000282308,0.00535472,0.00323683,0.000652973,0.00100118,-0.00317999,-0.000940824,-0.00622955,-0.00437638,0.00451684,0.00363083,0.00662328,-0.00577035,-0.00218985,0.000924312,0.00740122,0.00193529,0.00728427,0.00125274,0.000414493,0.000471333,-0.00046454,0.00357666,-0.0174516,-0.00569834,-0.000893975,-0.0040759,-0.00131387,0.00877391,-0.0031225,-0.00101734,-0.00687132,-0.00610266,0.0109632,-0.00278063,0.0152435,0.00657622,-0.0440992,-0.00582089,0.020551,-0.00479198,-0.000246969,-0.00113049,0.00154619,-0.00196981,0.00936424,0.000974879,0.000159034,0.000781921,0.00614756,-0.00398748,0.00166266,-0.0114614,0.0045788,0.000691294,-0.00736845,-0.00790032,-0.0023971,0.00935685,-0.00386219,0.00529541,20.5,16.6,6.3,261.8,33.2,6.9,26.3,22.7,17.7,23.4,16.7,890,230,6,108,590,26,210,30
392,mexicana,-102.09,20.4,m109431af,9,-0.00493387,-0.00438838,-0.00864042,0.00684164,-0.000482043,-0.0159493,-0.0106532,0.0140367,0.00957357,0.000628753,0.00193338,-0.00802796,-0.0221215,0.00384562,-0.000461007,-0.00292427,0.00456211,0.00218707,-0.000584495,0.000194209,-0.00655618,0.00260885,-0.00862759,-4.67E-05,-0.00158786,-0.0015382,-0.000554022,0.000729926,-0.00139036,0.000667993,-0.00517678,0.000805851,-0.00245048,-0.0065445,0.00334555,-0.000412966,0.00602439,-0.00331859,-0.00907988,-0.00728995,-0.00835159,-0.00317567,0.000112231,0.00195875,-0.00452905,-0.00512883,-0.00735551,-0.00117701,-0.00183937,-0.00837665,0.0123734,0.0015378,-0.0203369,-0.00336965,0.0243544,-0.0111366,2.12E-05,0.000508043,0.000276274,0.000923915,0.000200363,0.00245455,-0.000564784,0.00206819,0.000139753,0.00120168,-0.00299336,-0.00429665,-0.000950428,0.0010353,0.00342764,-0.00508129,-0.00539573,0.00954251,-0.00337718,-0.00800215,20.5,16.6,6.3,261.8,33.2,6.9,26.3,22.7,17.7,23.4,16.7,890,230,6,108,590,26,210,30
393,mexicana,-105.23,20.59,m111943af,9,0.0186671,0.00488861,-0.0021568,-0.0100222,0.0132171,0.00858967,0.018469,-0.00587055,-0.000212425,-0.000323282,0.0181523,0.00115683,-0.00253784,0.00919252,-0.00301048,0.00296004,0.013992,0.00218647,-0.00804339,0.00915651,-0.00309814,0.00568447,-0.0033659,0.00316717,0.00099281,-0.00267154,-0.00571212,0.000884641,-0.000653046,0.00536541,0.0022305,0.00668375,-0.00605202,-0.00602215,0.00350691,0.00271276,0.0128071,-0.00304284,-0.00167376,0.00879768,0.0176628,0.0213114,-0.00398331,0.00286003,-0.00511401,-0.00342971,-0.00490796,-0.00407621,0.00534885,4.69E-05,-0.0221328,0.00583586,-0.0134592,0.00305554,-0.0215182,0.0185813,-2.50E-05,-0.00167002,0.000838538,1.95E-05,0.00555677,0.00426931,-0.00243056,-0.000131265,0.0105668,0.0111127,0.0176854,-0.00282416,-0.00591791,-0.0125962,-0.0108235,-0.0343538,0.02968,-0.00780611,0.0136097,0.000607734,25.4,12.9,6.9,225.4,33.4,14.9,18.5,27.8,22.9,27.8,22.3,1359,340,4,116,976,18,976,39
394,mexicana,-105.23,20.59,m111944am,9,-0.0204908,0.00285855,0.0056307,-0.00383064,0.0155687,-0.000943636,-0.00703966,-0.00486586,-0.0134996,0.00195422,-0.0156512,0.0046711,-0.017875,-0.00318913,0.0082035,-0.00035431,-0.00920771,0.0066844,-0.00983127,-0.00458528,0.0101997,0.000132239,-0.00201127,0.0028289,0.00687091,0.0016435,0.00753051,0.00236053,-0.00277725,0.0015471,0.016792,0.000307507,0.0049177,-0.00353425,-0.0109935,-0.000745891,-0.000234023,0.00538988,-0.009308,-0.000983935,0.00158516,0.00403072,0.00668645,-0.0024267,-0.00553409,0.00356207,-0.0116792,0.0109516,0.00543853,0.0042591,-0.00374207,-0.00284543,0.0067799,0.0139524,0.0229461,0.0136731,-0.000323827,0.00117396,0.00128151,-0.00168471,0.00201928,-6.26E-06,0.00049716,0.00312294,0.00635727,-0.0070767,0.00139279,-0.0116773,0.00168746,-0.00150847,-0.00458357,-0.00474631,-0.00568204,0.0120179,-0.0015842,-0.00656309,25.4,12.9,6.9,225.4,33.4,14.9,18.5,27.8,22.9,27.8,22.3,1359,340,4,116,976,18,976,39
395,mexicana,-103.91,19.42,m111951am,9,-0.0123512,0.00208715,0.0149695,-0.000771467,0.00666335,0.00158378,0.00239888,-0.00101266,-0.00180612,-0.00823835,0.00973923,0.000514586,0.000202176,-0.0032704,0.00448921,0.00107319,-0.00181192,-0.00162122,-0.00375962,0.000304408,0.00579425,-0.0051706,-0.000369631,0.000280953,-0.0031905,-0.00226882,-0.00072827,-0.0041141,-0.000159851,0.000891442,0.00796269,0.000783641,0.0103318,0.00126238,0.00603871,0.00265521,-0.00298563,-0.000947036,0.000557739,-9.33E-05,-0.0059241,-0.000957064,0.0089404,0.00143369,-0.00122149,0.00621192,-0.00817616,0.0152376,-0.00208815,0.000738049,-0.00222352,-0.00322936,-0.00570325,0.00690541,0.0171354,0.00821825,7.27E-05,-0.000222264,0.000668793,-0.00172183,9.96E-05,0.00495229,-0.00159831,-0.00247067,0.00425413,0.00501399,0.00571878,-0.0044002,-0.00975604,0.00159758,0.00299918,-0.0106209,0.00300024,0.00145653,-0.00129944,-0.00611436,15.5,13,6.4,166,25.2,5.1,20.1,16.6,14.6,17.3,13,1110,225,6,94,661,23,445,59
396,mexicana,-105.3,40.01,m116923am,9,-0.00728909,-0.00141804,-0.00832156,-0.0025882,0.000229756,-0.0142305,-0.0119028,0.00395533,0.00926033,0.0012623,-0.0125587,-0.00224194,-0.00967354,0.00586512,0.0156245,-0.00118743,-0.011679,0.000862075,-0.00978298,0.00054088,-0.00810852,-0.00228735,-0.00054203,0.00345765,0.00124171,-0.000224393,-0.00645344,0.0033176,-0.00598291,-0.00109027,-0.000550273,-0.00597772,0.0143809,-0.00205345,0.00349703,0.000252574,-0.00458243,-0.00391919,-0.0139891,-0.00472768,-0.00509221,0.00799356,0.00337189,0.00378228,-0.0073609,0.0040469,-0.00685764,0.01005,-0.0150751,-0.011628,-0.00179903,-0.0103619,0.00678369,0.0126278,0.0234537,0.00620702,-4.24E-05,0.000945117,8.10E-05,-0.000433857,-0.00814174,0.0083912,-3.18E-05,-0.000885008,-2.67E-05,0.00122646,-0.0037099,0.00916911,-0.00190789,0.000575736,0.00243431,-0.00061709,-0.00720965,0.00540192,-0.00267202,0.00153479,8.2,15.8,4.1,768.2,28.5,-9.5,38,16,-1.2,18.4,-1.2,429,66,14,42,164,48,141,48
397,mexicana,-99.68,17.55,m120803af,9,0.00961206,-0.00259539,-0.00551068,0.00367721,0.00847911,0.00430087,0.00521221,0.00283495,-0.00183922,0.00249801,-0.00352504,0.00287731,0.0151051,-0.000921934,0.00238725,0.00217733,-0.00566658,0.00399042,-0.00561033,0.00133804,0.00748462,-0.000138586,-0.00142405,-0.000524448,-0.0115164,-0.00189461,-0.00278989,-5.99E-05,-0.00697497,-0.00151557,-0.0033332,-0.0013848,0.00357452,-0.000212446,0.0196019,-0.00366904,0.00278224,-0.00403651,-0.0194766,-0.00371034,-0.0029567,-0.00142425,-0.0116961,0.00550145,-0.00802295,-0.0133438,-0.00790743,-0.0016459,0.006701,-0.000170707,-0.0294845,0.00221878,-0.00253012,-0.0034888,-0.0156725,-0.00564046,2.80E-05,-0.00252952,5.76E-05,0.00337088,-0.00219478,0.00202444,-0.000647638,0.00201842,0.00161631,-0.00871586,-0.000407144,-0.00654645,-0.00891011,0.0111659,0.0103934,0.00242724,-0.0134203,0.00938049,-0.0107013,-0.0169237,17.5,10.5,7,84,25.3,10.3,15,17.3,17.8,18.6,16.4,1589,365,7,102,952,33,99,41
398,mexicana,-109.34,37.66,m147904af,9,-0.00682178,-0.00291231,-0.00187428,0.0130295,-0.00341099,-0.00836992,-0.0231391,0.00432139,0.00142638,0.00309792,-0.0138922,0.00301022,0.00732415,0.0107992,0.000291151,-0.00116718,0.00353884,-0.00163494,-0.00163373,0.00152069,-0.000547496,-0.00299249,0.00763553,0.00326198,-0.00179045,-0.00374118,0.00354925,0.000299792,-0.00661917,0.00204222,0.0112534,-0.00791795,-0.00313806,-0.00120179,0.00240047,0.00276482,0.0078289,0.000577973,-0.00462032,-0.00180166,0.00387416,0.0084958,0.00868926,0.00454101,0.000279258,0.00862408,-0.00966789,0.0247751,0.0151353,0.00557607,0.0139956,-0.00483481,-0.00182095,-0.0141346,-0.00500657,0.0107255,-0.000274089,-0.00130063,-0.00065344,-0.00118695,-0.000145191,-0.00226744,0.000641405,0.00340399,0.000196844,-0.00263952,-0.000646529,-0.000582014,-0.000489734,-0.00593302,0.000368493,-0.00564678,-0.00118998,-0.00142797,-0.000339456,0.00141844,9.8,15.4,3.7,888.5,32,-9.2,41.2,16.5,13.9,21.5,-1.5,327,38,10,27,106,49,78,85
399,mexicana,-111.71,35.3,m147914am,9,-0.0112076,-0.00118894,-0.000697863,0.0168349,-0.00767515,-0.012478,-0.00250908,0.0103058,0.00878294,0.00609817,-0.0130654,0.000666883,0.000676587,0.00941554,0.00628373,0.000424977,0.0044027,0.00403612,-0.00573508,0.000430355,-0.000960147,-0.00222796,0.00398318,0.00745289,-0.00232551,0.000748559,-0.00341082,0.00482926,-0.00129352,-0.00364484,0.00406721,-0.00660968,0.000832856,-0.000222097,0.00522965,-0.00166433,0.00333075,0.00372072,-0.00997106,-0.00418735,0.000125624,0.00974336,0.00330415,0.00420463,-0.004195,0.00308526,0.00256729,-0.000316954,0.00692928,-0.00742788,0.00528566,0.0173904,-0.00957915,0.0147768,0.00446769,-0.00211063,-0.000309222,-0.000682488,9.31E-05,-0.00256003,0.00151221,0.00221108,0.00141528,0.00125996,0.0037368,-0.00578013,0.00718356,-0.0031212,-0.0058435,0.00339477,0.00372161,0.00179661,-0.00346225,0.00239482,-0.00534301,-0.0088594,5,15.3,4.5,671.8,23.6,-10.3,33.9,13.5,7.6,13.9,-3.1,632,85,16,38,218,75,182,182
400,mexicana,-105.87,35.73,m147916af,9,0.010775,-0.00344274,-0.0107868,0.000538143,-0.0040401,-0.0219609,0.000787651,0.00852283,0.00784799,-0.000303501,-0.0260744,-0.00685923,-0.00575472,0.0020542,0.00249694,-0.00236642,-0.0142023,0.00573926,-0.00122003,-0.000905194,-0.00390944,0.000947104,-0.00173063,-2.18E-06,-0.00241697,-9.97E-05,-0.0128969,0.00413872,-0.00312707,0.0001812,-0.000570248,-0.00159949,0.0127909,4.81E-05,0.00239882,-0.00017499,0.0051697,-0.000878654,-0.016249,0.00172815,-0.00349652,-0.0113789,-0.00110074,0.00780398,-0.00202522,0.0044988,-0.0140138,0.0160115,0.00561755,0.000733637,-0.00283551,0.0134815,-0.00236096,0.00477975,0.0197078,-0.00290115,-0.000106421,-0.00185143,-0.000414473,0.000711028,-0.000724087,0.00692843,-0.00070766,0.00165611,-0.00264512,-0.00191555,-0.0070031,7.22E-05,-0.000643237,0.00907683,0.00678686,0.015611,-0.0138438,0.0038997,-0.0101326,-0.0148069,6.1,15.9,4.5,684.2,24.5,-10.8,35.3,14.3,-1.3,15,-2.5,553,98,29,50,246,91,234,92
401,mexicana,-106.118074,28.5764,m57605af,9,-0.014722,-0.0049811,0.00684079,-0.000861072,-0.00324539,-0.0112537,-0.00289409,0.00329836,0.0283098,0.00344673,-0.00784606,-0.00473693,0.00358003,0.00466368,-0.00546704,-0.00271174,-0.00526245,0.00476682,0.00479124,-0.00124623,-0.00223916,0.00311371,-0.00160625,-0.000772376,-0.00180953,0.00157735,0.00265079,0.00106646,0.00066387,-0.00136114,0.000664701,0.000608715,-0.00546452,-0.0011118,-0.00300144,-0.00459787,0.00925475,-0.00490228,-0.0209228,-0.00468115,0.00151909,-0.00152332,0.00145403,0.00978755,-0.0116786,-0.00120333,0.0030271,0.0108403,-0.00350751,0.00312065,-0.012183,-0.0030428,0.0160423,0.00882794,0.010016,0.0104777,1.86E-05,-0.000527828,0.000796909,0.00176041,0.00462926,0.00256454,-0.000126803,0.00307779,0.00163803,-0.00502328,-0.00164931,0.00686133,0.00150454,0.00884976,-0.000896534,0.0141294,-0.0138692,0.00682978,-0.0139186,-0.00160828,17.4,16,4.9,578.7,33,0.5,32.5,22.9,11.2,24.2,9.5,408,103,4,102,277,15,239,22
402,mexicana,-106.088889,28.635278,m57884am,9,-0.00726481,-0.00700106,0.00998984,0.00141184,0.00684747,-0.00102067,-0.0215065,-0.00580952,-0.00855269,0.00130753,-0.00581352,-0.00736119,-0.00974185,-0.00161438,0.00193787,-0.000147653,0.000708722,-0.00296076,-0.00333251,-0.000926698,0.00650869,0.00102182,-0.0041186,-0.00228388,0.000160084,-0.000561941,0.00611827,-0.00459672,-0.000194593,0.00305148,0.00625946,0.00211008,0.000508574,0.000463962,-0.00219499,-2.70E-05,0.00724258,-0.00892339,-0.0144527,0.00511493,-0.000781321,-0.00334364,0.0186039,0.00433713,-0.0146298,0.0234252,-0.0133846,0.0397084,-0.0141353,0.00226439,-0.0148958,-0.00733016,-0.00564746,0.0447529,0.00837163,-0.0124401,4.88E-05,-0.000760913,9.20E-05,0.00224554,-0.000709611,0.00213305,0.000132207,0.00049292,-0.000574974,-0.00496176,-0.00422215,-0.0092047,0.00612041,0.00458652,-0.00307415,0.00104724,-0.00269206,0.00187418,-0.000914131,0.000662925,18.1,15.9,4.8,584.1,33.8,1.1,32.7,23.7,11.9,25,10.2,397,99,4,104,277,16,228,22
403,mexicana,-108.344498,29.97084,m98212af,9,-0.00234416,-0.00391091,0.0199094,-0.00411643,0.00928925,-0.0044317,-0.0122318,-0.0059641,0.0133514,0.00242073,-0.0184123,0.00760247,-0.00425731,0.00620873,-0.000870884,0.00103452,-0.00765558,0.00110708,0.00371147,0.00140145,0.00302778,0.000126094,0.000425744,-0.000378822,0.000139435,-0.00267707,0.00163104,0.00447255,0.00419537,-0.00461527,-0.00549436,-0.00664484,-0.000692459,-0.00665586,0.0102065,0.00275028,0.0138457,0.00116817,-0.0149436,-0.00460317,-0.00347974,0.000445577,0.0133859,0.00520832,-0.0081457,0.01395,-0.00337799,0.0503682,-0.00381993,-0.00335015,-0.0111065,-0.00783178,0.00366894,-0.0110498,-0.0159882,0.0138258,-9.60E-05,-0.000332975,-0.00078905,-0.000213354,0.00364357,0.00687875,-0.000179608,0.00391547,-0.00364515,0.00252166,-0.00308087,0.00529162,0.00303768,0.00426716,-0.00183171,0.00298408,-0.00203388,-0.00426374,-0.0048035,-0.0006201,12.2,17.2,5,604.8,29.9,-4.4,34.3,18.9,11.9,19.8,4.5,407,109,5,95,256,20,229,48
404,mexicana,-107.92,27.86,m264730am,9,-0.0106999,-0.00968622,0.0130201,0.0023908,0.00458477,-0.0133771,-0.0154349,0.00429706,0.0112991,0.00717107,-0.0190233,-0.00526724,-0.00084685,0.00509652,-0.0018594,0.000382185,-0.00427114,0.0041448,0.00182075,-0.00390532,-0.00456422,0.00602838,0.00267437,0.00642083,0.00218314,-0.000182043,-0.0105475,0.00257499,0.000517515,-0.00045762,-0.0111845,-0.00237797,-0.00278292,-0.00222187,0.00226298,0.00133571,0.00347919,-0.00418236,-0.00559826,-0.00109645,-0.00642072,-0.0049822,0.00190241,0.00220554,-0.0102897,0.0182357,-0.0157883,0.0328454,0.00610359,-0.00336558,-0.00285853,0.0079196,-0.00269865,0.00895906,0.032993,-0.0157647,7.97E-05,0.000672511,0.000325341,0.000527078,-0.00015486,0.00479088,-0.000725686,0.00134436,0.00143337,0.00280537,-0.0026572,0.00657687,-0.00166487,0.0073196,0.00228772,0.00832729,-0.0109451,0.0148633,-0.0087897,-0.0100849,13.7,18.2,5.8,460.8,29.2,-2.1,31.3,19,12.8,19.5,7.9,836,202,10,89,511,50,454,127
405,mexicana,-106.41478,31.667398,m750873am,9,-0.00490164,-0.00103914,0.00583609,-0.0041063,0.00434072,0.00231994,-0.00926303,-0.00823477,0.00887084,0.00875245,-0.000922077,0.00710269,-0.0106239,0.00925972,0.00185072,0.00395016,0.00194436,0.000432212,-0.00157655,-0.00236523,-0.00904152,0.00187132,0.000221467,-0.00281516,0.00049785,-0.00169249,0.000210763,-0.00458348,0.00138458,-0.000492998,0.00206764,-0.00410476,0.00433814,-0.00302168,0.0055614,0.00169001,0.0140327,-0.00125508,-0.0127021,-0.000943802,-0.00365862,-0.00249318,0.0164009,0.00773705,-0.0203965,-0.00793158,-0.00831146,-0.000777264,0.00180755,0.00531293,-0.0138945,-0.0146022,-0.013612,0.00587176,0.0205222,-0.0122776,0.000295428,-0.00106823,0.000480675,0.00275022,0.00642711,0.000802115,-0.00255574,0.00370118,0.00493709,0.0040029,0.0063187,0.00145174,-0.00636247,0.00616366,-0.00634095,-0.0164586,0.00712914,0.00610448,0.00470124,0.00676433,17.4,17.3,4.5,772.2,36,-1.8,37.8,26.2,17.4,27.2,7.5,218,42,4,68,118,18,98,36
406,stephensi,-112.13,36.05,s94694af,10,0.00174238,-0.000363614,-0.0113515,0.00464217,-0.0167885,0.00152212,-0.00133522,-0.0107531,0.0302208,0.00641168,0.0086077,0.00983569,0.00617975,-0.00583674,0.00195387,0.00146444,-0.0067433,0.00390594,-0.000638179,-0.00372016,-0.0036139,-0.000449311,0.0122465,0.00439888,0.00544603,-0.0022179,0.00188196,-0.00180512,0.00392747,-0.00189559,-0.00746983,-0.00236105,0.00977309,-0.00391133,0.0117107,0.00171252,0.00770421,0.00156754,-0.00399912,0.00127232,0.00910047,-0.00527459,0.0140898,-0.00068968,-0.0129083,0.00563334,-0.00966075,0.0143272,-0.0147996,-0.00555837,-0.0131672,-0.0121953,0.00198339,0.0182158,0.00709057,-0.0046392,0.000182814,0.000941222,-4.05E-06,0.00170287,-0.00141272,0.00458776,-0.00134,-0.00164526,-0.0015091,0.00406685,0.000741339,0.00607653,-0.00679993,0.010343,0.00439127,-0.0124732,0.00167774,0.0013441,-0.00183381,0.00439601,9.2,16.4,4.4,745.2,29.6,-7.6,37.2,18.6,12.3,19.1,0.2,364,50,12,33,120,50,103,98
407,stephensi,-108.84,35.52,s147927af,10,0.00802823,-0.000185932,-0.00810097,0.00287383,0.00600432,-0.0205338,0.00450826,0.00855813,0.00491576,0.000281836,0.0163006,-0.0115962,-0.00477233,-0.00314532,0.0165746,0.00210005,-0.0106962,0.00140232,-0.00735832,-0.000935678,-0.0126322,-0.00309683,0.00759909,0.00665365,0.00510736,-0.00182663,0.0045011,0.00103543,0.00338321,-0.00298965,0.00127346,0.00114186,0.00235095,-0.00595447,-0.00791196,0.000496899,-0.000273811,-0.0021272,0.00662098,-0.000242792,0.00654016,-0.00559314,0.0164659,-0.00219679,-0.00329045,0.0256068,-0.0104884,0.0320531,-0.0032081,0.0123589,-0.0097301,-0.011264,0.0294656,0.0234126,0.00833294,0.00805943,-0.000449036,-0.00295882,-0.00038806,-0.00234771,0.00432567,0.00617468,0.000238475,0.00313054,-0.000162186,-0.000850198,-0.000799598,0.00707,0.00507408,-0.000478866,-0.0111999,0.000298232,0.00500804,-0.00532986,0.011228,0.0117003,9.6,18.3,4.5,809.7,30.8,-9.8,40.6,19.6,13.4,20.2,-0.5,278,48,10,47,118,34,100,55
408,stephensi,-114.264,34.168,s15886am,10,0.012825,0.00171845,-0.00983194,0.00644172,0.0205286,-0.0284264,0.00673937,0.0119524,0.0145804,-0.00726772,0.00375511,-0.0110578,-0.00377648,0.0186181,0.0146189,-0.000444506,0.000789269,-0.00243549,-0.00807219,-0.00528453,-0.0103117,0.00176589,0.0105071,0.00669601,0.00735111,0.00100376,0.0193083,-0.000986128,-0.00556975,0.000515278,0.00539926,0.00163172,-0.000525495,-0.00574217,-0.00635783,-0.000211725,0.000142069,-0.00162847,0.00830492,-0.000343562,0.00707157,0.0095888,0.00593276,0.00518768,-0.0135884,-0.00781737,0.00181618,0.00965013,-0.00120857,0.00560011,-0.0276416,-0.00299053,0.00610378,0.0188286,-0.0103276,-0.0161824,-0.000319147,-0.00117885,-0.000152167,-0.00392983,0.00141877,0.000519472,-0.000608416,0.00228073,0.00202716,-0.00242034,0.00289626,-0.00765263,-0.000442768,0.00652927,-0.00725662,-0.00821242,0.0086896,-0.00226523,0.0122816,0.0104486,22.5,15.8,4.2,794.8,42,4.5,37.5,12.6,26,32.7,12.6,124,17,1,47,45,8,27,45
409,stephensi,-111.509,35.171,s53518af,10,0.0129375,0.00334926,0.00240114,-0.00513171,0.00479619,-0.00831517,-0.0189906,-0.00587509,0.00407175,-0.00816696,-0.0108519,0.000607412,-0.00588181,0.0029409,0.0078542,0.000542433,0.00378758,0.00144362,-0.00145232,-3.93E-05,-0.00665411,0.00247266,0.0149737,0.00300392,-0.00397767,0.00129788,0.0128319,0.00485461,0.00485847,-0.00299731,0.00257859,-0.00259276,0.00499226,-0.004217,-0.000644466,0.000163856,0.0125824,-0.00294159,-0.000797292,0.00470756,-0.00303744,-0.0111537,0.015639,-0.000526459,-0.0108522,0.0249508,-0.0094036,0.0157011,-0.0130207,0.00556658,-0.0160171,-0.0152075,0.0260359,0.0136984,0.0141702,0.00679744,-0.000158889,0.0003646,-0.000407687,-0.00150288,0.00454194,0.00367607,-0.000101799,0.00108009,-0.000989168,0.00141092,0.00399624,-0.00458958,-0.00217853,0.00470752,0.000288174,-0.00466036,0.00757788,-0.00548441,0.00469395,-0.00471403,8.7,16.4,4.4,728.5,28.5,-8.1,36.6,17.9,11.8,18.4,-0.3,487,67,11,38,174,56,140,132
410,stephensi,-110.1581,34.902,s67775am,10,0.00208049,0.00243976,0.0272872,-0.00410318,0.0254733,-0.000331193,-0.00511013,-0.00580364,-0.00880503,-0.0115662,0.0219529,-0.00262844,0.00432028,0.00785204,-0.00267519,0.00225775,0.00287115,-0.00214077,0.00237399,-0.00150654,0.00119986,0.00798984,-0.000722537,-0.0053951,-0.00437384,0.00355007,0.00580622,-0.00545201,-0.00518201,0.00297409,0.00153993,0.00316738,0.00339517,-0.00106039,0.0058488,-0.0065634,0.0170984,-0.00119157,0.00177989,0.00102548,0.00829184,0.0118429,-0.0205255,-0.00123041,0.00422298,0.0134541,0.0120715,-0.00467674,-0.031235,-0.023994,-0.00948374,0.0250446,-0.0244983,0.00187146,-0.0198601,0.00650355,0.000315159,0.00182712,0.000415337,0.00152323,0.00114268,0.00900225,-0.00265167,-0.00276865,0.00103968,0.00848862,0.00470556,-0.00724536,-0.00564325,0.00300505,-0.000327226,-0.012242,0.0145639,-0.00268512,0.0153487,-0.00408909,13,18.4,4.4,820.8,34.3,-6.9,41.2,23.1,16.6,23.7,2.7,232,43,7,53,106,26,84,44
411,stephensi,-110.1951,35.812,s67785af,10,-0.00344593,-0.00342412,-0.0124883,-0.0031476,0.00482924,0.00213584,0.00686135,-0.00960701,0.0282138,-0.00483417,0.011983,0.00851401,-0.0171394,-0.00178877,-0.00292924,0.00378531,-0.0114079,0.0102154,0.0030893,-0.00858667,-0.00818129,0.00204139,0.00490988,0.000166558,-0.00714195,-0.00248903,0.00873288,0.00209012,0.00612886,-0.00595226,0.00444067,0.00164829,0.00080405,-0.0107966,0.00355607,0.00250966,0.0102363,0.00663265,0.000591032,0.00762448,0.00319512,-0.000868672,0.00936628,0.0026844,-0.00742499,-0.000653223,-0.0016738,0.0083567,-0.000552794,0.00699951,-0.0183501,0.000802714,0.0178189,0.00464172,-0.0274459,0.0122633,-7.14E-05,-0.00136317,-0.00037509,-0.00039486,0.00287154,0.00466425,-0.00118457,0.00271385,0.000704567,0.00663076,0.0025091,0.00126761,0.00115982,0.00105983,-0.00751334,-0.0151492,0.0110808,-0.00149057,0.00563808,0.00782097,10,16.6,4.1,813.3,31,-8.7,39.7,20,13.6,20.6,-0.3,279,41,7,39,105,34,84,65
412,stephensi,-108.438,32.62,s158330am,10,0.000928327,-0.00242731,0.00393965,-0.00103035,0.0139445,-0.0247874,0.0115113,0.0012781,0.0108716,-0.0046358,-0.0219068,0.00392935,-8.50E-05,0.00573564,0.00812619,0.00158708,-0.00498852,0.00163192,-0.00390253,-0.00279897,0.00752353,-0.000602503,0.00554307,0.00407847,-0.00222403,-0.000864177,0.00795739,0.00274292,-0.00297868,-0.00539388,0.000768604,-0.00161504,-0.00256688,-0.00442899,-0.00183432,-0.00633508,-0.00151448,-0.00353367,-0.00986415,0.00675196,-0.0138701,-0.0103927,0.0152264,-0.00196931,-0.00638105,-0.0129572,-0.00482843,-0.0124442,0.00807596,0.000918378,-0.000682673,-0.00334297,0.0211591,0.00392433,0.00818214,-0.0134307,-0.000131984,-0.00160659,0.00115199,0.000598411,0.00257717,0.0048597,0.000487836,-0.0043208,0.00192445,-0.00468796,-0.00498803,-0.00601844,0.00927758,0.00245573,-0.00607164,-0.00273695,-0.00467331,0.00573607,-0.00434368,0.0045418,10.4,17.2,4.9,660.5,28.5,-6.2,34.7,18.3,13.6,19.1,2.3,491,100,10,68,251,43,216,104
413,stephensi,-109.6745,34.645,s158388am,10,0.0168087,-0.00137589,0.000940037,0.00216375,0.00524079,-0.000278905,-0.00214309,-0.00700362,-0.00589583,0.00451184,-0.0036844,0.0100849,0.00859223,-0.00206664,0.00977981,0.00133499,-0.00257247,-0.000560968,-0.00253264,0.00212508,-0.00795849,-0.00255189,0.00824334,0.00647571,0.00213681,0.00151452,0.0145632,0.0021423,-0.0030392,0.000296831,-0.00482892,-0.00568593,0.00509605,-0.00947076,-0.00319548,0.000165032,0.0046452,0.00212342,0.0073738,-0.00160425,-0.00714811,-0.00671206,0.00426474,-0.00480293,-0.0122415,0.00497628,-0.0147561,-0.00140846,0.000594455,0.00540557,-0.000838564,0.0103384,-0.00266668,0.0102279,0.0150987,-0.00702595,7.46E-05,0.000969192,0.000944503,0.0013572,-0.00362223,0.00512353,-0.000125692,-0.00588502,0.00351789,0.00395302,0.00182584,-0.00307353,0.00146587,-0.00348141,-0.00151079,-0.0101001,0.00245595,0.005461,-0.00447717,0.00234306,12.1,18.3,4.5,791.8,32.9,-7.1,40,21.8,15.7,22.3,2,271,52,9,58,129,30,105,48
414,stephensi,-108.7425,35.528,s158390am,10,-0.0153276,-0.00244923,-0.00934374,0.0108265,-0.00527485,-0.0196882,-0.00224045,0.000409103,0.00974905,-0.0105615,0.000481984,0.00440328,0.0119167,0.00283331,0.00588698,0.00190828,-9.23E-05,0.005227,-0.00052477,-0.00432058,-0.00749674,0.00183503,0.0126613,0.00597105,-0.00728687,0.00192806,0.0133303,0.00355366,0.0132721,-0.000164292,0.0147639,0.00230744,0.00400896,-0.00893861,-0.00817763,0.00361164,0.0077781,8.32E-05,0.0170464,0.00794594,0.00406505,-0.0131599,0.000580079,0.00608608,-0.0263384,0.0140333,-0.00317278,0.0228744,-0.000904018,0.00564163,-0.0276763,-0.00808888,0.00321743,0.0346256,0.00670611,0.00885545,-0.000121949,0.000795441,0.000910646,-0.000239292,0.00316994,0.00795162,5.91E-05,0.00225737,0.00593293,0.000779165,0.00437574,0.00618315,0.00332132,0.00342985,-0.0123014,-0.00646677,0.00259408,0.0106865,0.00263468,0.00896713,9.4,18.3,4.5,809.2,30.5,-9.9,40.4,19.3,13.2,20,-0.8,288,50,11,47,122,35,105,58
415,stephensi,-109.682,34.171,s202573am,10,0.0254954,0.00253272,-0.0163285,-0.0014176,-0.00419924,0.00580534,-0.0213072,-0.00925327,0.0049828,0.00659402,0.00269165,0.00191331,0.00839077,0.000605316,0.00637948,0.000783431,-0.00414686,-0.00442453,2.93E-05,0.00127855,-0.00992594,0.0037817,0.014441,0.00502798,0.00139791,-0.000254328,0.00387231,0.00128291,0.00445923,0.00214379,-0.0146475,-0.00291885,-0.0065799,-0.00823388,0.00711381,0.000180947,0.0113893,0.00158881,0.0144332,0.000614889,-0.0022796,0.00266074,0.00477806,0.00788367,-0.0127945,0.012891,-0.00146124,0.00889209,-0.00462592,-0.000712007,-0.026673,-0.00145453,0.00120472,0.0281413,-0.00343708,0.00208158,-4.46E-05,0.00286815,0.00053137,-0.000504162,-0.00100876,0.00619891,-0.000594534,-0.00326723,0.00164911,0.00862812,0.00371763,0.00109163,0.00679864,-0.00174084,-0.0123443,-0.0100356,0.0171969,-0.00193938,0.012295,0.00692167,7.7,17.1,4.7,678.9,26.4,-9.3,35.7,16.1,10.6,16.6,-0.7,568,92,17,48,239,58,198,133
416,stephensi,-109.371,34.501,s205472af,10,0.0051097,0.00695581,-0.00390492,0.000795632,-0.000181205,-0.0203163,0.00907617,-0.000919487,0.0116339,-0.0144307,-0.00194215,0.00481055,0.00531057,-0.00341427,-0.00163173,0.00110248,-0.0117485,-0.0026208,-0.000883662,-0.000329615,-0.0027527,0.00243925,0.00860365,-0.000474117,-0.00588626,0.00395437,0.00448621,-0.000718786,0.00502216,0.00375169,-0.0121228,-0.00552703,0.00898472,-0.00623122,-0.000183037,0.00284657,0.00404268,-0.00650234,0.00318664,0.00330482,0.00204902,-0.0167351,-0.0014695,0.00797786,-0.00706771,0.0087626,-0.0010725,0.000851342,0.00677379,0.00702957,-0.0100842,-0.00507779,-0.00977057,-0.00474124,-0.00492565,0.0113803,-0.000245439,-0.000731831,2.79E-05,0.00167593,0.00525898,0.00156168,0.00186411,0.000407467,-0.000895499,0.00306334,-0.0013528,-0.000956259,0.0134395,-0.00387894,-0.00623602,0.00776649,-0.000487536,0.00278018,-0.00948133,-0.00417717,11.4,18.6,4.6,778.8,31.9,-7.8,39.7,20.9,15.1,21.5,1.6,280,56,10,61,138,32,115,47
417,stephensi,-109.166,33.426,s205885am,10,-0.00241219,0.00178518,0.00680194,0.000331556,0.00539159,0.0013776,0.00961673,-0.00944624,0.000274625,-0.00934549,-0.00864374,0.0122882,0.0154897,-0.000873337,0.0105042,0.000323502,-0.00608574,0.00593367,-0.00447312,-0.001238,0.00534556,0.00399528,0.00348431,0.00392217,-0.00334609,0.000865793,0.0175234,0.000282053,0.00228244,-0.00435957,0.0125568,-0.00290942,0.000527989,-0.00337703,-0.00462961,-0.00632892,0.0103031,-0.00248752,0.00575871,-0.0027394,-0.0115021,-0.00725934,0.0112405,0.00276626,0.00171686,-0.0100089,0.00245423,-0.00861756,0.00557031,0.0084649,-0.00826397,-0.000136903,0.00504706,0.00615195,0.0215692,0.00728513,-5.47E-05,-0.00158799,0.000593584,-0.000153523,0.00277084,0.00221285,0.000222727,-0.00343519,0.0038085,0.00468216,0.0054731,-0.0078678,0.00152758,0.00055449,-0.00289866,-0.0049042,0.004262,0.00503362,-0.00650229,-0.00456858,11.4,20,5.2,686.7,31.2,-7,38.2,19.9,14.4,20.4,2.9,482,82,13,56,220,43,181,111
418,stephensi,-110.66,30.021,s212017af,10,0.00728031,0.00320282,-0.00790386,-0.0133967,0.000555062,-0.0136901,0.000283465,-0.00626369,0.000312717,-0.000933143,0.0108338,-0.00577752,0.0124103,0.00566326,-0.000290728,0.0017833,-0.0061308,-0.00570498,7.88E-05,-0.000135543,0.00227417,-0.00168279,0.00465929,-0.00219693,-0.00700674,6.00E-05,0.00515747,-0.00208131,-0.00817946,-0.00162667,0.0012212,-0.00306762,0.00542138,-0.00315324,0.00834225,-0.000921794,0.00205683,-0.00106679,-0.00513479,-0.00446537,0.000203041,0.00139701,-0.00404222,0.0070309,-0.00483619,-0.0161659,0.00569755,-0.0129801,-0.00373574,-0.00478582,-0.0226056,0.00737975,0.00375198,0.0062641,-0.0158284,0.0153279,-4.56E-05,0.00186263,-0.000119073,5.83E-05,0.00419719,-0.00104353,-0.000481146,-0.00265175,0.00114946,0.00875608,0.0116191,0.000602876,-0.00524124,-0.00161051,-0.00110166,-0.0027951,0.0161006,-0.0103563,0.00535464,-0.00704333,20.3,16.8,5.3,557.6,36.2,4.7,31.5,27,22.6,27.3,13.3,482,157,4,112,325,24,289,76
419,stephensi,-112.634,34.814,s215530am,10,0.0130726,-0.000890741,-0.00222505,-0.00147949,0.00597313,-0.000844982,-0.0299554,-0.00187339,-0.016746,0.00531602,0.000163036,0.00960271,0.00662706,0.00979167,0.0077169,0.00368513,0.0102746,-0.00428414,-0.00571459,-0.00389708,-0.00659764,0.00118162,0.00855705,0.00561269,0.00277245,0.00150378,0.00533201,0.000120797,0.00790402,0.00342581,0.00166426,-0.00165725,0.000431056,-0.00696476,-0.00361299,0.0035551,0.0109309,-0.00149872,0.0108755,0.00448187,0.000191942,0.00464723,0.00289797,0.00305793,-0.00334832,-0.00392555,-0.00613003,0.00210494,-0.0161297,-0.0132258,-0.0157284,-0.00172772,0.0112619,0.0181718,-0.00754313,-0.00408161,0.000206787,0.00167335,0.000551305,0.00266091,-0.00102428,0.001208,-0.00200773,0.0019449,0.00247167,-0.00039643,-0.000214089,-0.00795688,-0.00386789,0.00402509,-0.000435359,-0.00794827,0.000218922,0.00765991,0.00598215,0.000291897,12.9,18.8,4.8,726.8,33.4,-5.1,38.5,22.2,15.8,22.5,4,359,64,9,51,152,36,127,88
420,stephensi,-112.6612,36.35,s215636af,10,0.00152694,0.00244725,-0.00798263,0.000107022,0.00298284,0.00151698,-0.00824075,-0.00327587,0.00459795,0.00560106,0.021324,-0.00538829,0.0234229,0.00145061,-0.0019641,-0.00105553,0.00710851,-0.00586849,-0.00293881,-0.00241829,-0.00448946,0.00559194,0.00637766,0.00112428,-0.000399978,0.0012928,0.0125851,-0.00160559,0.00260077,0.0019457,0.00317843,-0.00179949,-0.00133734,-0.00147921,0.00650075,-0.00276354,0.0179325,-0.00905492,0.0165906,0.00561575,-0.00932785,-0.00109309,0.00592181,0.0103406,-0.00460174,-0.00533591,0.000271087,-0.0118719,-0.00362822,-0.00100258,-0.0279617,-0.00243814,0.00235123,0.0294605,-0.00306732,0.0069218,-0.000136503,-0.00204043,0.000287759,-0.00151618,0.00204486,0.00161656,-3.76E-05,-0.00103654,0.00609607,0.00392221,0.0128405,0.000625664,-0.00569118,-0.00249137,-0.00470147,-0.0102316,0.0129456,-0.000453155,0.00689529,-0.00285303,15.4,17.1,4.2,828.6,37.1,-2.9,40,25.6,19.1,26.3,5.1,233,33,7,32,77,32,64,61
421,stephensi,-111.837,34.61,s215881af,10,0.0192232,0.00440345,-0.0274936,0.0105764,-0.00653216,-0.00415823,-0.00923845,-0.00300398,0.0099107,0.0109956,-0.00333912,-0.0190286,-0.0102463,-0.0199816,-0.000383476,0.00181399,0.000929576,-0.00346384,-0.00339928,-0.00124932,-0.00416763,-0.000719711,0.0126546,0.00391006,0.00365189,0.000686924,0.00322772,-0.00398322,0.00746812,-0.00120828,-0.00965084,-0.00389682,0.0032061,-0.00298437,0.0111455,0.00308349,0.0108245,-0.00665359,-0.00549454,0.00102275,0.000879948,-0.0030587,0.000321544,0.00193805,-0.00112264,-9.41E-05,0.00236193,0.00271615,-0.0140866,-0.00437363,-0.0143769,-0.0121768,0.0069186,0.027798,0.0176466,0.00820213,0.000139439,-0.000277315,-0.000512238,0.00226182,0.000451719,0.00494842,-0.000672635,0.00257247,7.82E-05,0.00297719,0.00366395,-0.000625229,-0.00231481,0.00537065,-0.000886001,-0.00236024,0.00372886,0.000161182,-0.000243298,-0.00111639,16.6,19.3,4.8,751.7,37.9,-2,39.9,26,19.7,26.5,7.4,375,54,8,40,138,37,105,100
422,stephensi,-109.095,35.66,s227576af,10,0.00327696,0.00484043,-0.0195303,0.00412889,-0.00309708,-0.00311938,0.00133678,-0.00391878,-0.000517994,-0.00461748,0.0231803,0.000576605,0.0124739,0.00831068,-0.000902065,5.83E-05,-0.00257551,-0.000192354,-0.00029629,0.000148536,-0.00345665,0.00190076,0.00225635,0.00498179,-0.00690823,0.000191852,0.00381422,0.000605519,0.00229911,0.00108675,-0.00207422,0.000207129,0.0015095,-0.00940297,0.0146227,-0.00177093,0.00522857,-0.00287304,-0.00120236,0.00252222,-0.000315521,0.00412564,-0.00470852,0.00415006,-0.00879964,0.00750287,-0.00568894,-0.000403585,-0.00172961,-0.00852158,-0.0146735,0.0171796,0.0181039,0.0116142,-0.0211601,0.00104257,-0.000472492,0.000320155,-0.000537472,-0.0040104,0.00312342,0.00673053,0.00144202,0.00315669,0.00265649,0.00144979,0.00993416,-0.00227962,-0.000892755,0.00220885,-0.00512667,-0.00684708,0.0103251,-0.00339534,0.00218791,0.000159938,9.2,17.3,4.3,801,29.9,-9.8,39.7,19,12.9,19.8,-0.9,299,50,10,48,126,36,105,59
423,stephensi,-113.283,33.816,s227823am,10,-0.00850442,0.000573759,-0.00595756,0.00727672,-0.00781511,-0.0242688,-0.0204056,-0.000358985,0.00767282,-0.0111866,-0.00201549,-0.0028135,0.00317701,0.00315636,0.00448662,0.00254409,-0.00470011,0.00306336,0.00150391,0.00170167,-0.0123995,0.000835996,0.0115418,0.0108663,0.00647621,0.00454422,0.00288124,0.0025326,0.00925098,-0.00154084,-0.00482509,-0.000517201,0.00515917,-0.000409514,-0.0134219,-0.00272543,0.0065364,-0.000931131,0.0211342,-0.000412685,-0.00881603,-0.00899593,-0.00785626,0.00974458,-0.0136396,-0.00493607,-0.00874524,0.0122475,-0.00843596,-0.00541406,-0.0165473,-0.00323584,0.000394759,0.0322609,0.0101319,0.0239381,-0.000315849,-0.000380509,9.50E-05,0.000179917,0.00591416,0.00728098,0.00108445,-0.00128364,-0.00260425,0.00331031,-0.00180954,0.00868749,0.0109052,-0.00216706,-0.00853802,0.00116453,0.00471628,-0.00570129,-0.000104712,0.00438856,17.7,16.5,4.5,731.3,37.1,0.8,36.3,27,20.5,27.4,8.9,309,49,4,49,113,21,86,94
424,stephensi,-110.949,36.322,s236040am,10,0.011431,-0.00139108,-0.00617833,0.00492267,0.000595553,-0.0258129,-0.0110596,0.0102786,0.0164633,-0.00365625,-0.0129654,-0.0101671,-0.0112817,0.00785492,-0.00319114,0.00177263,0.00266194,-0.00207758,-0.000561376,-0.00137966,-0.0025388,0.000655181,0.0077586,0.0021972,-0.00162234,-0.00460438,0.0106316,-0.00321776,0.00835802,-0.00238813,-0.00407058,-0.00320651,0.0101491,-0.000845312,0.000796413,0.0049966,1.01E-05,-0.00450689,0.00348681,0.0076199,-0.0108962,-0.0132012,0.00601959,-0.0134175,-0.00592602,0.0131804,-0.0212862,0.0111908,-0.00692927,-0.00259183,-0.00771611,-0.00689263,0.00521811,0.0276663,0.0219901,-0.0200853,0.000214137,-0.00097286,9.56E-05,2.93E-05,0.000992937,0.000441695,-0.00385466,-0.000718679,-0.00542675,0.00500272,-0.0113908,0.0076293,-0.00660684,0.0113702,0.00611519,-0.00951817,-0.005496,0.00357812,0.00532262,0.00201572,12.1,15,3.7,870.7,33.2,-6.4,39.6,22.6,16.2,23.4,1,176,27,6,37,66,26,54,39
425,stephensi,-111.651,35.18,s245905am,10,0.0235557,-0.00279289,-0.0221913,0.00232814,-0.0113456,-0.0100382,-0.01591,-0.00462818,0.0105367,-0.00472037,-0.0227857,0.00121952,-0.0117472,-0.000922657,-0.0106455,-0.00172219,-0.0050086,0.00614414,0.0110104,0.00257218,0.00793377,0.00699098,0.00504403,0.00514252,0.00452591,0.00411373,-0.00541393,0.00664057,0.00828969,0.00167014,0.00207898,0.000950001,0.015959,-0.00546256,0.0016367,-0.00335146,0.00765032,-0.00265643,0.0213153,0.00560771,-0.0128558,-0.0166414,0.0104709,-0.00902406,-0.00553755,-0.00460286,0.0125633,0.0143271,-0.0159417,-0.00520786,-0.015704,-0.0149297,0.0136792,0.00276703,0.0184151,0.011438,0.000328487,0.00245576,0.000124886,0.00191133,0.00439067,0.00458265,-0.00214013,0.00139556,-0.00538615,0.00594548,-0.0118469,0.00836985,0.00732755,0.00425992,-0.00355166,0.00275548,-0.00505082,0.00426437,0.00115988,0.00620292,8,16.5,4.5,715.4,27.7,-8.7,36.4,17,10.9,17.5,-0.8,534,72,12,38,186,62,151,149
426,stephensi,-112.236,34.3978,s247645af,10,0.00379576,-0.00342759,-0.017856,-0.00330608,-0.010479,-0.00314738,-0.00534042,-0.013028,-0.000917396,-0.00638318,-0.00962225,0.00841024,-0.0045572,0.00639821,-0.00779219,0.00243097,0.0118408,-0.00161824,-0.000400325,-0.00228275,-0.00952524,0.00116806,0.000199526,0.0042528,0.00158662,0.000435261,-0.000950279,-0.0036374,-0.00108521,-0.000540863,0.000631429,-0.00305076,0.00324513,-0.000891604,0.0073394,0.0028205,0.00343999,0.00098245,0.00382382,0.00390412,-0.00833697,0.00303733,0.000824753,0.0132233,-0.0152678,0.0149285,-0.00366098,0.00148804,-0.00131459,0.00746166,-0.0210592,-0.0155474,-0.0113658,0.0204408,0.00914374,0.00241066,-0.000105135,-9.91E-05,0.000394211,-0.000726933,0.0028098,-0.00267679,0.000249172,-0.00124233,0.00700735,-7.27E-06,0.0153284,-0.0122593,-0.00286433,0.0047038,-0.00831417,-0.00482738,0.0139246,-0.00434955,-0.000409493,0.00600504,14.5,16.7,4.6,709.4,33.9,-2,35.9,23.5,17.3,24,6,464,74,9,47,179,42,144,129
427,stephensi,-112.138,33.63,s248800af,10,-0.0178075,0.00519878,-0.0113948,0.00536443,0.00147047,-0.0198168,-0.0128135,-0.00071768,0.0113702,0.00161588,-0.00239386,0.00153926,-0.000912425,0.0071829,-0.00763701,-0.00191423,0.0035826,0.00516042,0.00708532,0.0019603,-0.00373538,-0.000226504,-0.00127067,0.0015435,-0.00504194,0.00466162,0.00486123,0.00144,-0.000801309,-0.00111783,0.000107577,-0.00401008,0.00869217,-0.0106291,0.0040833,-0.00151703,-0.000358318,0.00980609,0.0114539,-0.00260285,-0.00652728,0.00105056,-0.00433341,0.00240816,-0.00417874,0.0264325,-0.00443164,0.0111906,-0.00261468,0.00942245,-0.0193521,-0.017904,0.00924269,0.0214797,0.00190211,-0.000403941,-7.34E-05,-0.000956067,-0.00017588,-0.00219868,0.00177101,0.000459983,-0.00200666,0.000708469,-5.78E-05,0.00218129,0.00164993,-0.000916655,-0.00814819,0.00890253,0.00133305,-0.00275217,0.00179323,-0.00378499,0.00266002,-0.00113349,21.3,16.8,4.5,758,40.5,3.6,36.9,13.4,24.5,31.2,12,240,31,3,45,82,16,56,81
428,stephensi,-109.542,35.711,s263128am,10,0.0218581,0.00675209,-0.0300865,0.00360399,0.00302771,0.0050706,-0.00643538,-0.00374527,0.00331423,0.00637912,0.0222261,-0.00822757,-2.20E-05,0.00614728,0.0182413,0.00349343,-0.00480988,-0.00447414,-0.0107662,-0.00562602,-0.000852684,0.00381979,0.0164554,-0.000643841,-0.00345882,-0.00138145,0.00906139,-0.00678037,0.00187066,0.0036505,-0.000828002,-0.00520632,0.0067685,-0.00629896,0.00893564,0.00401115,0.0118324,-0.00540622,0.00756374,0.00821385,0.00641761,0.00891503,-0.00194755,0.00676692,-0.0239456,0.0207444,-0.0166416,0.0295565,-0.019277,-0.0067344,-0.0359545,-0.00879856,0.00487257,0.0301028,0.00878961,0.00541161,-0.00033807,-0.000137823,-0.000298911,-0.00321706,0.00364137,0.00308498,0.000581962,0.00133696,0.00468885,0.00592997,0.0161894,-0.00354784,-0.00688153,0.000268241,-0.00276801,-0.0168728,0.0181897,-0.00452052,0.00413363,-0.0032041,9.7,16.5,4.1,824,30.6,-9.3,39.9,19.8,13.4,20.4,-0.8,289,44,8,41,113,35,91,63
429,fuscipes,-121.98,37.2,fu667am,11,-0.00261703,-0.0043202,0.00948767,-0.00201586,-0.0160082,0.00617241,0.00488146,-0.00218819,-0.0119361,0.00336882,0.00199416,0.0102703,0.0160061,-0.0198587,0.000731397,0.000287453,-0.00616522,-0.00201819,-0.00236302,0.00239499,0.0117758,0.00386604,0.000962019,-0.00108548,0.00369342,9.04E-06,0.00742466,-0.00311947,-0.000695222,0.00254901,-0.00771462,0.00078341,0.00494381,0.000525744,0.000963703,-0.0035068,-0.0100242,0.00222406,0.00674899,-0.00739933,0.00306917,-0.0156518,-0.00840467,-0.0105841,-0.00663559,0.0296176,-0.0191249,0.0119152,0.00234266,0.00804656,0.00447094,0.0205273,0.00462488,0.00204993,0.0252751,-0.0210325,-0.000171902,-0.000473741,0.00054988,0.00245908,0.00354781,-0.00283195,0.00186736,-0.00179426,0.00167711,-0.00183463,0.00128387,0.00113925,0.00902489,-0.00966413,-0.00446714,0.00490508,9.11E-05,0.00300071,-0.00273813,-0.00733818,14,13.5,5.4,403.9,27.7,3,24.7,9.1,19,19.4,9.1,806,172,2,90,439,9,14,439
430,fuscipes,-121.98,37.2,fu668am,11,0.0125998,-0.0058857,0.00218503,6.41E-05,-0.0133946,0.0162013,0.00234689,0.00124154,-0.0103832,0.0061196,-0.00031538,0.00429641,0.012125,-0.024947,0.00121998,0.00226557,-0.0100255,-0.00484984,0.000776326,0.00423832,0.00488537,-0.00233458,0.00478055,-0.000435855,0.0045348,-0.000763803,-0.00436763,-0.00669446,0.0024546,0.00654735,-0.0120002,0.00518771,0.00806646,0.00166375,0.0178124,0.00361229,-4.56E-05,-0.00386642,-0.00795034,-0.0028655,-0.00859041,-0.0118559,-0.00057721,-0.00909577,0.00572511,0.0134039,-0.00286717,0.00351165,-0.00380679,0.0124761,-0.0269692,0.00403291,0.0336977,0.0201762,0.0036522,-0.0304055,-1.11E-06,-0.00210821,-6.70E-05,0.00391113,0.00136442,-0.00300655,0.0013648,-0.00411151,0.00161212,-0.00323499,0.00703519,-0.0060315,0.00228582,0.0004345,-0.000835556,0.000872134,0.00527919,-0.00453266,-0.00683225,-0.00504691,14,13.5,5.4,403.9,27.7,3,24.7,9.1,19,19.4,9.1,806,172,2,90,439,9,14,439
431,fuscipes,-122.24,37.87,fu6077am,11,-0.0138179,-0.00522328,0.0185985,-0.0124307,-0.00838459,0.016428,-0.000321368,-0.00983601,0.0120029,0.00160914,-0.0102792,0.0167097,0.00727611,-0.00603498,0.00744509,0.00110795,-0.000717315,-0.00772612,-0.00504607,0.00523453,-0.0091693,0.000693684,0.0112037,0.000698297,-0.00330254,-0.00486053,0.0127918,-0.00080188,-0.00355666,0.00132956,-0.00381907,-0.00125903,0.000628977,-0.0021527,0.0101273,0.000360588,-0.00530182,-0.00424503,0.0104938,-0.00141856,0.0015793,-0.00198868,-0.00329879,-0.00369276,0.00775489,-0.00468757,-0.0124548,-0.0202095,-0.00564476,-0.00823401,-0.000533341,0.0293737,0.00240777,0.0172873,-0.0125178,-0.0106686,0.000131474,0.00260116,0.000403825,0.00358829,-0.00190657,0.00207108,0.00147322,-0.00203765,0.000141753,-0.0029781,0.00118123,0.00250828,0.0056569,-0.00446435,-0.00184661,0.00752497,0.00027264,-0.00192062,-0.000235413,-0.00544584,14.1,10.4,5.3,339.3,24.4,5,19.4,9.8,17.8,18.4,9.8,678,141,1,87,357,8,13,357
432,fuscipes,-122.02,37.19,fu10124af,11,0.00444576,0.000510389,0.00986098,-0.00261885,-0.000859236,0.0127913,0.00170555,-0.00253277,-0.0213336,0.00933201,0.00096986,-0.000837476,0.0182416,-0.00273837,0.00669719,0.00112513,-0.00955579,-0.00158693,0.00105105,0.00157035,-0.00113257,-0.00138311,0.00178423,0.000432507,-0.00722348,0.00271007,0.00159882,-0.00119259,-0.00136443,0.00429855,0.000225538,0.00305383,0.00266069,0.000339464,0.0136046,-0.00308932,0.000420735,0.00503688,7.77E-05,0.00184453,0.00846017,-0.00292086,0.0112558,0.000689066,0.00461513,0.0135817,-0.00896191,0.00630378,-0.0113637,0.00179336,-0.0118451,0.0223605,0.00836609,0.0118768,-0.0169278,0.000843351,-0.000323407,0.000340082,0.000401762,-8.68E-05,0.00699036,0.00154645,0.00186914,-0.00184409,0.00132543,-0.00421577,0.00562328,-0.00523512,0.00966954,0.00271788,-0.0102885,0.00639839,0.00839285,-0.00727534,0.00173365,0.00164712,13.4,13,5.4,401.8,27,3,24,8.8,18.4,18.8,8.8,907,187,2,89,486,10,16,486
433,fuscipes,-122.99,38.47,fu22381am,11,-0.000874729,0.00481607,0.021423,-0.00860106,-0.00218183,0.0173723,-0.0123364,-0.00645745,-0.0291135,0.0155196,0.015529,0.00879598,0.00835165,0.00193384,0.0168117,0.0045513,-0.0089064,-0.00498941,-0.00774046,0.0040953,-0.00592836,-0.00637313,0.0103588,-0.00198296,-0.00132283,0.00339055,0.00556539,-0.00478693,0.00242771,0.00213227,0.00705169,0.00286627,0.00441925,-0.0041564,0.00808273,-0.000421956,-0.00115905,-0.00425579,0.00612178,-0.00818957,0.00238097,0.013824,-0.0182531,0.00251062,0.00604599,0.00285146,0.000134271,-0.0144006,-0.0137411,-0.0161124,-0.022416,0.013717,-0.0056434,-0.00486194,-0.0143565,0.00460557,-0.000873992,0.000658941,-0.00121318,-0.00381364,0.00659031,0.00565359,0.00094585,0.0046232,-0.000488438,0.00800732,0.00615415,0.00574876,0.00323051,-0.0144442,-0.00805014,-0.0131386,0.0201338,-0.0137415,0.0167764,-0.0054157,13.2,14,5.8,369.2,26.7,2.7,24,9,17.6,17.9,8.6,1162,250,2,91,636,13,23,632
434,fuscipes,-122.24,37.87,fu22405am,11,0.00264672,-0.0150627,-0.014022,-0.0179097,-0.00993928,0.0133175,0.00804385,-0.00986199,0.00215692,-0.00358669,-0.0471895,0.0057252,-0.000853449,-0.0214949,0.00639229,4.73E-05,-0.00558141,-0.00350332,-0.00108083,0.00365185,-0.00309665,-0.00544335,-0.00707012,-0.00558742,-0.00474407,0.000407235,0.0203745,0.00245388,-0.0113024,-0.00333946,0.00663036,-0.000973567,0.00963762,0.0043343,-0.0114296,-0.00475364,-0.0192808,0.00218783,0.00825544,0.00517725,0.00668496,-0.0209883,-0.00389474,-0.0115604,0.0143885,-0.0086135,0.00326479,-0.00987764,-0.00117026,-0.00657386,-0.00761843,0.00446408,0.0094475,0.00925061,-0.00112557,-0.0166337,9.13E-05,0.00185455,0.000733107,0.00291627,-0.00166692,0.00140909,0.00148384,-0.0040524,-0.00162329,-0.0109105,-0.00638824,-0.00418048,0.00599637,-0.000241008,0.00459701,0.00725724,-0.0105484,0.000389371,-0.00565507,-0.0055277,14.1,10.4,5.3,339.3,24.4,5,19.4,9.8,17.8,18.4,9.8,678,141,1,87,357,8,13,357
435,fuscipes,-123.97,40.49,fu47260a,11,0.00442718,0.00172924,0.0242665,-0.0090406,-0.0226804,0.0135902,0.00649021,-0.00791742,-0.00496119,0.00432096,0.00927573,0.00225469,0.0108822,-0.00589594,0.0107025,0.00141859,-0.00577148,-0.00901966,-0.00627017,0.00724671,0.0031965,-0.0074381,0.0184134,-0.000922701,0.00114948,-6.26E-05,0.00868587,-0.00504322,0.00965998,0.00364428,-0.00426992,-0.00448173,0.000144587,0.000443833,-0.00226536,0.00167553,0.00727185,0.00200033,0.00154978,-0.00168191,-0.0024442,-0.00263989,-0.00416362,-0.0105296,0.00586514,0.000924869,-0.00864216,0.00685524,-0.0158901,-0.00547235,-0.00546284,0.00340991,0.0302058,0.0192569,0.00277923,0.0262251,-0.000209958,-0.000443363,-0.00101532,-0.000229827,0.00568944,-0.00385144,0.000493652,0.00449355,-0.00213369,0.000325908,0.00306786,0.0027887,-0.00173185,-0.00468032,0.000877911,-0.000305854,0.00479953,-0.00811865,0.00371526,-0.00298454,11.8,10.9,5.1,365.8,23.9,2.8,21.1,7.9,16.4,16.7,7.4,1521,274,3,81,780,30,46,763
436,fuscipes,-122.42,37.63,fu68346af,11,0.00753681,-0.00292404,0.0154311,-0.00550857,-0.00442716,0.0167209,0.0204167,-0.00965444,-0.0157228,0.00492893,-0.00121289,0.013171,0.0302328,-0.00707326,0.00410907,0.00246496,0.0047152,-0.00568601,-0.00510179,0.00163003,0.00631666,-0.00353256,0.0109141,0.00476396,-0.00820609,0.00230644,0.019628,-0.00354462,0.00201982,0.00328396,0.00649393,-0.00268579,-0.000520144,-0.00185969,-0.00171955,-0.000158213,-0.00182174,0.000695092,0.00130031,-0.00623918,-0.00518237,0.00148435,0.00945868,-0.00972211,0.00537006,0.0193496,-0.00463745,0.00238021,-0.00115092,0.00432931,-0.0153942,0.000256458,0.010704,0.0147436,-0.00311212,-0.0408286,-0.000211772,0.000759578,0.00106917,0.00124934,-0.000743325,0.00897359,0.00191328,-0.0017237,0.00550144,-0.002439,0.00261012,-0.00184864,0.00601839,-0.00377893,-0.00503717,0.00410898,-0.00599195,0.00717419,-0.0111918,-0.000485697,13.5,8.3,5.3,235,21.5,6.1,15.4,10.4,15.8,16.3,10.4,578,121,1,87,303,7,10,303
437,fuscipes,-122.27,37.87,fu134419a,11,5.84E-05,0.000762461,-0.0136589,-0.00767458,-0.0287198,0.00840708,-0.0274093,-0.00107007,0.00467318,-0.00219052,-0.00536649,0.00561006,0.0106535,-0.00870037,0.0179632,0.00469252,-0.00278151,-0.00795483,-0.0131904,-0.00142452,3.36E-05,-0.00542615,0.0176782,-0.000618208,0.00373706,0.00332568,0.00681922,-0.00852451,0.00531246,0.00355984,-0.00764502,0.00349466,0.00205142,0.00712811,0.00867931,0.00212773,0.00614966,-0.00555294,0.0211136,-0.00525019,-0.00459501,-0.00832857,-0.00955834,-0.0162967,0.0099094,-0.000871918,-0.00695766,-0.0140186,-0.00433557,-0.00703886,-0.012595,0.0156052,0.0214762,0.0128862,-0.00631439,-0.00652302,-0.000204668,-4.45E-05,-0.000337507,-0.000336838,-0.00161711,-0.000729183,0.00158185,-0.000388069,0.000974666,-0.00125327,0.00526214,0.00397462,-0.0021479,-0.00441033,0.0024263,-0.00220232,0.00206013,-0.0014717,-0.001262,-0.000226013,14.5,8.9,5.1,286.9,23.4,6,17.4,10.5,17.2,17.7,10.5,567,123,1,88,310,7,9,310
438,fuscipes,-123.22,44.69,fu145097af,11,0.00757224,-0.000595755,-0.00715306,-0.00677835,-0.0268757,0.0152037,-0.0112408,0.00194061,-0.0217911,0.00831602,-0.0303141,-0.00552264,-0.00325981,-0.0158232,0.00620414,0.00191461,-0.00648972,-0.000991797,-0.00393639,0.00130527,0.0119687,-0.00914183,0.0101235,-0.00172919,-4.67E-05,0.00231843,0.00301257,0.00168345,0.00223426,-0.00101006,0.0153093,-0.00200887,0.0155119,-0.00077159,-0.00955604,-0.00114243,-0.00456781,0.00593797,0.00812847,0.00156576,-0.016734,-0.0230512,-0.00701563,-0.0109476,0.0095962,0.00078981,-0.0114919,-0.00855079,0.00530156,-0.0109069,0.0157142,0.0324536,0.00366691,-0.00199386,0.0101741,-0.0148213,6.19E-05,0.00147691,1.69E-05,0.000304101,-0.000519042,-0.00155804,-0.000140496,-0.000325635,-0.000282369,-0.00282346,0.00152078,0.00293152,-0.00498316,-0.000170395,0.00312415,0.00272349,-0.000880328,-0.00491668,0.00135485,-0.00292787,10.9,12,4.4,515.5,27.3,0.5,26.8,5,17.6,17.7,4.7,1195,209,12,69,589,67,70,554
439,fuscipes,-123.24,44.6,fu145098am,11,0.0132291,-0.00677297,0.00838845,-0.0091924,-0.00929373,-0.00396133,0.015126,-0.00323483,-0.0330701,-0.00484947,-0.0199412,0.00817297,0.0197423,-0.0234423,0.0120719,0.00197719,-0.00835395,-0.00318199,-0.00555293,0.00205444,0.00538404,-0.00295214,0.00923786,-0.00120433,0.00402098,-0.00228545,0.00285488,0.00393486,0.00233483,-0.000987613,0.00516177,0.000328499,0.00263635,-0.0026129,-0.0149144,-0.00761772,-0.0167967,0.000270015,0.0172335,-0.0130827,-0.0144384,-0.02056,0.00348188,-0.0172865,0.0126961,0.0276601,-0.0118825,0.0256875,0.000350819,-0.0010117,0.0203347,0.00714713,0.0323619,0.00876305,0.0349917,-0.0104082,-0.000191086,-0.00160165,-0.000650685,0.000380809,-0.00462425,0.0135694,0.0013659,-0.000114064,-0.00483419,-0.00237963,-0.0105593,0.00439483,0.00647769,-0.00668553,0.00428146,0.0023687,-0.00956703,-0.0018383,-0.00390016,-0.00474231,11.2,11.8,4.4,515.3,27.4,0.9,26.5,5.3,17.8,18,4.9,1105,191,11,67,540,63,66,508
440,fuscipes,-123.21,44.67,fu145099am,11,0.0035003,0.00352211,0.000175231,-0.00379263,-0.00353407,0.0102739,-0.0113331,0.00288015,-0.0232831,0.00202909,0.0146792,-0.00406592,-0.00730066,0.0106682,0.0163012,0.0048317,0.000295444,-0.00649145,-0.011006,0.00223302,0.00574782,-0.00269324,0.00536813,-0.0021851,-0.011011,0.00283354,0.0142873,-0.00710279,0.00327555,0.00228338,0.0189721,0.0132479,-0.000554841,0.00165719,0.00642753,-0.00410624,0.00600293,-0.0102426,-0.00304464,-0.00348958,-0.000723024,0.0177231,-0.00568111,-0.00908513,0.00219875,-0.0174125,0.00749003,-0.048822,-0.00867976,-0.0155685,0.00127054,0.00241922,0.00183038,-0.0010691,0.00743622,0.000888849,-0.000628813,0.00086775,-0.000229185,-0.0046473,0.00544713,0.00334924,-0.000148448,0.00387266,0.00388582,-0.00329271,0.00891748,-0.0114586,-0.00789319,0.00394731,-0.00045929,-0.0184347,0.0106396,-0.00535436,0.00950144,-0.00181857,10.9,12,4.4,515.5,27.3,0.5,26.8,5,17.6,17.7,4.7,1195,209,12,69,589,67,70,554
441,fuscipes,-123.22,44.69,fu145102af,11,-0.010648,-0.00249699,0.00730019,-0.00487935,-0.0162304,0.0146136,-0.00714848,-0.00353579,-0.0307842,0.0057898,-0.0114419,0.00687139,0.00796241,-0.0125762,0.0146206,0.00244872,-0.0112672,-0.00327012,-0.00836804,0.00206582,0.00187006,-0.00322115,0.0112747,0.000288681,-0.00719685,0.00462922,0.00137246,0.000961229,0.00354199,-0.0020218,0.00832308,0.00333747,0.00770107,0.000156527,-0.00468223,-0.00580541,-0.0134381,0.0061403,-0.00349872,-0.00685385,-0.0193893,-0.013822,0.00147349,-0.0172128,0.0166401,0.00977795,-0.00496576,0.00117659,0.01391,0.00212904,0.0133779,0.0157677,0.0144081,-0.00663426,0.0213969,-0.0380142,-0.000115439,-0.000917962,-0.000405836,0.00103633,0.000301366,0.00264129,0.000763067,-0.000993857,-0.00210308,-0.00129936,-0.00127356,-0.00295553,0.000795532,-0.00491297,0.00486002,0.00513752,-0.00273511,-0.00567379,-0.00472153,-0.00938216,10.9,12,4.4,515.5,27.3,0.5,26.8,5,17.6,17.7,4.7,1195,209,12,69,589,67,70,554
442,fuscipes,-123.21,44.69,fu145103am,11,-0.000835118,-0.00288962,0.0127274,-0.00775071,-0.024921,0.0206725,0.00354074,-0.00664708,-0.0256927,0.00173053,-0.0185647,0.00879319,0.0115275,-0.0228773,0.0114897,0.000724491,-0.0109209,9.50E-05,-0.000736742,0.00127173,0.00456048,0.000355545,0.00280634,0.00119176,-0.00419136,0.00451849,0.0165627,0.0052351,-0.00982034,-0.00174956,0.0210978,0.00569509,0.000998438,-0.00137536,-0.0152414,-0.0111615,-0.0186462,0.00315336,0.00866538,-0.00226637,-0.00514554,-0.0172839,0.00673756,-0.00983216,0.00823473,0.00294769,-0.00298744,0.00222809,0.00550898,-0.00430542,0.0211844,0.0169373,0.0150336,-0.0121336,0.0134704,-0.00978115,-0.000244627,-0.00237705,-0.000689551,0.000382184,-0.00198317,0.00169612,0.000955369,-0.0025633,-0.00543167,-0.000354956,-0.00700188,0.00172992,0.00372693,-0.000436731,0.00703702,0.000951529,-0.00654683,-0.00333209,-0.0103133,-0.00468145,10.9,12,4.4,515.5,27.3,0.5,26.8,5,17.6,17.7,4.7,1195,209,12,69,589,67,70,554
443,fuscipes,-123.22,44.69,fu145106am,11,-0.00955214,-0.0025601,0.00713694,-0.00742681,-0.0254622,0.0181266,-0.0120768,0.00107751,-0.018537,0.00705618,-0.0107667,-0.00591038,-0.00295196,-0.0242892,0.0167534,0.00299567,-0.00781501,-0.00432548,-0.0100227,0.000941587,0.0115145,-0.000906228,0.0109635,-0.00368617,0.00315083,0.00344907,0.00625948,0.00111804,-0.00358362,0.00565745,0.00457951,0.00879658,0.00463375,-0.00101559,-0.00298325,-0.00128425,-0.00526692,-0.00472266,0.0173169,0.00980684,-0.00227092,-0.019855,0.0031122,-0.0104802,0.0135487,0.00910231,-0.00646602,-0.00291341,-0.0104341,-0.0147348,0.00846504,0.0185059,0.00786971,0.0220482,0.0155477,-0.00477935,3.81E-05,0.00149773,-0.000465508,0.00157421,0.00650257,-0.000645062,-3.33E-05,0.0010751,-0.0016152,0.00228441,0.00515765,0.00280499,-0.000834862,-0.00291673,-0.00295609,-0.00145178,0.0106438,-0.0140688,0.00589013,0.00240391,10.9,12,4.4,515.5,27.3,0.5,26.8,5,17.6,17.7,4.7,1195,209,12,69,589,67,70,554
444,fuscipes,-123.28,44.49,fu146429af,11,0.0066634,-0.00275365,0.00799869,-0.0109145,-0.00934186,0.0145372,-0.0047394,-0.00571906,-0.00487425,0.000389633,-0.0150536,0.0127936,0.00791541,-0.0160607,0.0136717,0.00153739,-0.00771676,-0.00372556,-0.00369315,0.00348134,-0.00357827,-0.00424595,0.0186231,0.000713571,0.00176223,0.00338358,0.00680634,-0.000710489,0.00314262,0.00104515,0.00891488,0.00550512,0.00328438,6.58E-05,-0.0109217,-0.00353071,0.00176931,0.00116322,0.00252838,-0.00371489,-0.00286722,-0.0131021,-0.00407896,-0.00965428,0.00627074,0.00745896,-0.00983383,0.0035269,0.00406819,-0.00175551,0.000843178,0.0237794,0.0151508,0.00249201,0.0136008,-0.00307606,-0.000227239,-0.000550631,0.000969149,-0.00150666,-0.000270754,0.00338174,0.000554167,-0.00595258,0.00417444,-0.00498417,0.00324429,-0.00236179,-0.00275776,0.000231353,0.00104095,-0.000340744,-0.0022075,0.00169162,-0.000970352,-0.00580259,11.2,11.6,4.3,515.9,27.3,0.9,26.4,5.3,17.9,18,4.9,1089,193,12,68,539,65,70,498
445,fuscipes,-123.26,44.6,fu146430af,11,-0.0160879,-0.00625091,0.00100292,-0.00542857,0.00302606,0.012893,-0.00564,0.00510622,-0.0188241,-0.0072357,-0.0139709,0.00966064,-0.00169932,-0.000392213,0.0169649,0.00577066,-0.013417,0.0004817,-0.00707612,-0.000149017,0.00368608,-0.00590794,0.0130211,-0.00149409,-0.00330367,0.00247692,0.00407802,0.00372074,-0.00809427,0.00226853,0.013516,-0.000258546,0.00813725,-0.0063555,-0.00404472,-0.00979784,-0.00408777,0.00257414,0.0154552,0.0027259,-0.00268083,-0.0050412,0.00525001,-0.00529605,0.0140535,0.00990663,-0.000284911,0.00456533,-0.00640145,-0.00421842,0.00402841,0.0259362,-0.00187256,0.0148336,-0.00357371,-0.0107768,-0.000268194,-0.000256439,0.000221846,-0.00289295,-0.000685601,-0.00220999,3.64E-05,-0.000948287,0.0021994,0.000206092,0.00164915,0.000207547,-0.000648909,-0.00434572,-0.00310666,-0.00768733,0.00401194,-0.000795235,0.00378489,0.00494358,10.9,11.8,4.4,516.2,27.2,0.6,26.6,5.1,17.6,17.8,4.7,1164,205,12,68,575,66,71,538
446,fuscipes,-123.2,44.69,fu146431af,11,0.0071564,-0.00378912,-0.00109644,0.000759385,-0.0174187,0.0125246,0.00955895,0.00189151,-0.00578298,0.00416816,-0.00182546,-0.00110312,-0.00564897,-0.00379117,0.01722,0.00261045,-0.00465622,-0.000519948,-0.00786941,0.00343878,-0.00410104,-0.000301638,0.00677807,-0.00436424,-0.00301389,0.00327884,0.0178696,0.0026185,-0.00830745,-0.00712669,0.024464,0.00884364,-0.00393771,-0.00275351,-0.00704295,-0.012152,-0.0105635,-0.00429396,0.00185907,-0.00840216,-0.00703591,0.0108909,0.0021675,-0.00158902,0.00391059,0.00222338,-0.0110209,-0.0120231,-0.00284989,-0.00342202,-0.000342127,0.020908,0.0101884,-0.00248618,0.00145459,0.000217284,-0.000610218,-0.000350384,-0.000836858,-0.00284051,0.00497843,0.00326969,0.000474675,0.00329865,-5.52E-05,-0.00130711,0.0016673,-0.00234576,0.0022469,-0.00403713,-0.00745822,-0.00806937,0.0100793,-0.0126711,0.010185,0.0103668,11.2,11.9,4.4,515,27.5,0.7,26.8,5.3,17.8,18,4.9,1125,192,11,68,547,64,66,518
447,fuscipes,-123.23,44.81,fu146433af,11,-0.0118737,-0.000249148,0.0169366,-0.00240876,-0.0162498,0.0117797,-0.00407083,0.00465405,-0.0278699,0.00489248,-0.00934761,0.00134891,0.00750217,-0.00350592,0.0134521,0.00417034,-0.00801255,-0.00729968,-0.008247,0.00234093,-0.00212245,-0.00639348,0.0104494,0.000118789,0.000684308,0.00245263,0.00683091,-0.00377172,0.00215116,0.00281333,0.0160759,0.00452839,0.0104662,0.00182545,-0.00504563,1.80E-05,-0.00985775,0.00436979,-0.00587253,-0.00185498,-0.00639219,-0.0121733,0.00756075,-0.00630677,0.0164097,-0.000947015,-0.0109739,-0.00218542,0.000324617,-0.00257806,0.00429142,0.00431996,0.00535631,-0.000694802,0.000567711,-0.0221626,-0.000526184,-6.55E-05,-0.000489181,-0.00316244,0.0069973,-0.0008977,0.00143019,0.0028984,-0.00175431,-0.00797264,-0.00162059,-0.00262086,-0.0011415,-0.00196693,0.00413206,-0.00159615,-0.00489482,-0.00757522,-0.00273178,-0.00305668,11.1,12.3,4.5,518.3,27.8,0.5,27.3,5.1,17.8,17.9,4.8,1195,214,12,70,597,64,69,562
448,fuscipes,-123.23,44.8,fu146436af,11,-0.00392372,-0.00689105,0.00757968,-0.0068291,-0.0135977,0.00980244,-0.00993395,0.000382383,-0.0178587,0.00756881,-0.0112095,0.000240667,0.00102943,-0.00517309,0.0077483,0.00279467,-0.00626123,-0.00275457,-0.00661625,0.00109999,0.00393934,-0.0084968,0.00130522,-0.00774458,-0.00272585,0.00133106,0.00218387,0.00164199,0.00234772,-0.00311322,0.00416251,0.00487251,0.00896326,-0.00102759,-0.00233547,-0.00499274,-0.0160087,0.010864,0.0126885,-0.00260919,-0.00123231,-0.00587505,0.0054438,-0.0100224,0.010646,0.00738831,-0.00529946,0.00521033,-0.000421788,-0.00255563,0.000139354,0.0182711,0.0171932,0.0180309,0.0144959,-0.0175733,-0.00021903,-0.00203286,-0.000998508,-0.00183442,-0.000683595,-0.00684681,0.000650732,-0.000345701,-0.00284512,-0.00209782,0.00181593,0.00147965,-0.00334532,-0.00380887,0.00374946,0.00109704,0.00516225,-0.01109,0.0059497,-0.00615322,11.1,12.3,4.5,518.3,27.8,0.5,27.3,5.1,17.8,17.9,4.8,1195,214,12,70,597,64,69,562
449,fuscipes,-123.2,44.7,fu146438am,11,0.00632125,0.00132214,0.00314548,-0.0104866,-0.0100975,0.00745048,-0.00282168,-0.000402816,-0.0191252,0.00131205,-0.0161608,0.00156179,-0.00333926,-0.0135909,0.0135813,0.00206614,-0.00980338,-0.00601313,-0.00704373,0.00424047,0.0039347,-0.00381882,0.00951438,0.000730027,0.00285723,0.00543571,0.0032413,0.0054536,0.00415421,0.000167879,0.011938,0.00183335,0.00886086,0.000359413,-0.0105692,-0.00755418,-0.0105978,0.00547322,0.00950452,-0.00323783,-0.0119316,-0.0159457,0.00288969,-0.0119187,0.0172571,0.000768246,-0.00668914,-0.00268996,0.0131167,-0.00298283,0.00733608,0.0254584,0.0310107,-0.00627387,0.00929058,-0.032105,1.01E-05,0.000422868,0.000513348,0.00176789,-0.000156575,-0.00186035,0.000365919,-0.0055609,-0.000285498,-0.00610669,-0.00287471,-0.0081537,0.00162489,-0.00125199,0.00439934,0.00259604,-0.0045296,-0.000844012,-0.00340305,-0.00856674,11.2,11.9,4.4,515,27.5,0.7,26.8,5.3,17.8,18,4.9,1125,192,11,68,547,64,66,518
450,fuscipes,-123.2,44.7,fu146440af,11,0.011472,-0.00221536,0.00176414,-0.0102319,-0.0196282,0.0105929,0.00203645,0.00275329,-0.0152842,0.012483,-0.0125057,-0.00197186,0.00758372,-0.00939544,0.0121391,0.00123293,-0.0100549,-0.0054848,-0.00655146,0.00412506,-0.00450855,-0.0024174,0.00811607,0.000757913,-0.000410243,0.000382353,0.000993452,0.0014286,0.00338973,-0.000334436,0.00546135,0.000556391,0.00887349,-3.88E-05,-0.00713429,-0.00458573,-0.00712609,-0.00143904,-0.00250749,-0.00199482,-0.00145565,-0.01583,0.0038066,-0.00686429,0.00294799,0.0107881,-0.0137136,0.00875483,0.000578914,-0.00034285,0.00343676,0.0196417,0.0167673,0.000573466,0.0276386,-0.0124099,-0.00022107,-0.000311904,0.0011109,0.00122698,0.00482144,0.000108352,0.000960024,-0.00255802,0.00236179,-0.00774417,0.000702167,0.000498151,0.00175758,0.00245399,0.0013965,0.0145745,-0.010129,0.00143046,-0.00960482,-0.00396367,11.2,11.9,4.4,515,27.5,0.7,26.8,5.3,17.8,18,4.9,1125,192,11,68,547,64,66,518
451,fuscipes,-123.24,44.61,fu146441af,11,0.00198637,0.00063862,0.0111002,-0.00979706,-0.0194645,0.00698821,0.00192465,-0.00420228,-0.021968,0.000261168,-0.0145578,0.0078392,0.00348376,-0.0185605,0.0107252,0.00407025,-0.00736045,-0.00572874,-0.00535469,0.00233835,0.00176889,-0.00475417,0.00746464,-0.00329309,-0.00211374,0.00542495,0.00380234,-0.00334776,0.000898025,0.00192634,0.00990999,0.00556989,0.00240742,0.00365767,-0.00488382,-0.00106026,-0.00959528,0.00102784,-0.00294065,-0.0067476,-0.013782,-0.0203224,0.0104831,-0.00967456,0.0102847,0.00365749,-0.00277914,5.72E-05,0.00389282,-3.18E-05,0.0027966,0.0127647,0.0199878,-0.00493589,0.00895443,-0.000685226,-0.000279817,-0.000672255,0.000224585,-0.0013931,0.00424917,0.000909971,0.00125044,-0.00355841,-0.000925074,-0.0107726,-0.000148985,-0.0105263,-0.000424055,0.00744251,0.00464621,-0.00115569,-0.00347341,-0.00826455,-0.00657211,-0.00403666,11.2,11.8,4.4,515.3,27.4,0.9,26.5,5.3,17.8,18,4.9,1105,191,11,67,540,63,66,508
452,fuscipes,-123.24,44.61,fu146442af,11,0.00901229,0.000208434,0.00891244,-0.0080036,-0.016675,0.0142992,0.000840552,-0.00160774,-0.0311865,-0.00506363,-0.0186819,0.00697733,0.00193289,-0.011724,0.0118757,0.00276368,-0.00317177,-0.00342636,-0.00864556,0.000395113,0.011042,-0.00863035,0.0158512,-0.00358382,-0.00205173,0.00284079,-0.000724758,-0.000457839,-0.00134408,-0.000631187,0.0119848,0.00469828,0.00862046,-0.00237625,-0.00147663,4.77E-05,-0.0108112,0.00409344,-0.00203889,-0.00205895,-0.00738906,-0.0128113,0.00785323,-0.0126587,0.0104643,-0.00528732,-0.00558146,-0.0227956,0.00650476,-0.00269977,0.0058276,0.01791,0.0274801,-0.0161656,-0.00371024,-0.0193807,-0.000398961,-0.00119505,-0.000102159,-0.0015805,0.0040512,-0.00502377,0.00303166,-0.00192315,-0.00240358,-0.00872373,-0.00394716,-0.000105704,0.0112672,-0.00812831,-0.00363116,0.00220633,-0.00111901,-0.00769247,-0.00134144,0.00528647,11.2,11.8,4.4,515.3,27.4,0.9,26.5,5.3,17.8,18,4.9,1105,191,11,67,540,63,66,508
453,fuscipes,-123.21,44.67,fu146443af,11,0.00307817,-0.00413476,0.00591629,-0.00195876,-0.0200067,0.0116874,0.00256084,0.0027464,-0.0143943,0.000293087,-0.018305,-0.00820066,0.0104912,-0.0213479,0.0108222,0.00338002,-0.0131961,-0.000586711,-0.00679685,0.00338911,0.00511943,-0.00387669,0.0112551,-0.00120083,0.000106351,0.00223676,-0.000341642,0.00148605,0.00393444,-0.00110732,0.00468203,0.00694322,0.000254419,0.00178856,-0.00138793,-0.00431754,-0.00990002,0.000956461,0.00422421,-0.000314679,-0.00382152,-0.017512,0.00742777,-0.0118971,0.00340857,0.0123626,-0.0129139,0.00450271,-0.00430051,-0.00199168,0.0193265,0.0175008,0.0195173,0.00709911,0.00324508,-0.00699532,8.53E-05,0.000119499,0.000327495,0.00201711,0.00378559,-0.00191698,0.000546344,-0.00131635,-0.000339806,0.00082211,0.00324966,0.00860517,0.00127654,-0.00126844,-0.00291215,0.00397254,0.000842232,-0.00605458,-0.0055679,0.0131513,10.9,12,4.4,515.5,27.3,0.5,26.8,5,17.6,17.7,4.7,1195,209,12,69,589,67,70,554
454,fuscipes,-123.45,42.16,fu147879am,11,0.00241742,0.00145497,0.00306116,-0.00177963,-0.0103488,-0.0117954,-0.0282735,0.007626,-0.0146984,0.000815201,-0.0179917,-0.00451651,0.00914503,0.00802856,0.008525,0.000654622,-0.0105193,-0.00589336,-0.00170603,0.00395199,-0.00420298,-0.00682211,0.00992823,-0.00172944,0.00700416,0.00384966,0.00865944,-0.00312258,0.00343184,0.00154668,0.00181968,-0.00185793,0.00684986,0.000280533,-0.000949249,-0.000737342,-0.00767904,0.00445816,0.00945254,-0.0026871,-0.0098471,-0.0131743,0.0107348,-0.0111712,0.00899699,0.00774776,-0.00691771,0.0116701,0.00138402,0.000990191,0.00784782,-0.00307916,0.0156466,0.012239,0.0179441,-0.00309594,-2.24E-05,-0.00161864,-0.000381726,0.00186549,-0.00172305,0.00675321,0.000550615,-0.00119665,-0.00430516,-0.00317784,-0.0082033,-0.00113602,0.00541198,-0.00262318,0.00347554,0.00391446,-0.00572297,-0.0034913,-0.000327633,-0.00600464,9.2,14.9,4.8,565.4,28.2,-2.7,30.9,2.9,16.7,16.7,2.6,1019,187,7,75,526,45,45,482
455,fuscipes,-122.23,37.88,fu53873am,11,0.0074194,-0.0031843,0.0179615,-0.00860375,-0.0214486,0.005986,-0.00328075,0.00355934,0.00428953,-0.00360155,-0.0221305,0.00808183,0.0116717,-0.0294233,0.0132364,0.00400464,-0.0209901,-0.00165742,-0.0104741,-0.000961956,0.0156,0.00227514,0.00432761,0.000885529,-0.00637748,0.00154619,-0.0051899,-0.001314,0.00679539,0.00258152,-0.0229589,-0.00210248,0.00170918,0.00830531,0.00500275,-0.00658435,0.00138983,-0.00276562,0.0140487,-0.00444846,-0.0111755,-0.026346,0.00137501,-0.0191435,0.0119676,-0.000437614,-0.00322416,-0.00434602,-0.0077291,-0.016505,0.00324013,0.0223816,0.033919,0.00418629,0.00861685,-0.00897523,-0.000218265,-0.000721085,0.000652087,0.00240677,-0.00301093,0.000520505,0.000754254,-0.000391238,0.0016107,-0.00572507,-0.00353586,0.00336258,0.00347478,0.00447918,0.00339711,0.0236548,-0.0172457,0.00804756,-0.0142114,-0.00106037,14,10.9,5.2,367.9,25.2,4.6,20.6,9.5,18.3,18.8,9.5,715,148,1,87,376,9,13,376
456,fuscipes,-121.899,36.97,fu160798af,11,0.0184866,-0.000871776,0.00270473,-0.0067984,-0.0018216,0.0102577,-0.0151657,-0.00214331,-0.0260579,0.00697539,-0.0184122,0.00270819,0.0230168,-0.0225661,0.00375935,0.00198332,-0.00216393,-0.00115825,-0.00322347,0.000804931,-0.00442401,-0.00150769,0.0125826,0.00558975,-0.00239354,0.00134905,0.0105073,0.00458129,-0.00144047,-0.00572989,0.0032453,-0.00505692,0.002142,-0.00218069,-0.00246463,-0.00326708,-0.00671226,0.00789386,-0.00601083,-0.00488739,-0.00384339,-2.45E-05,-0.0122807,-0.00291381,-0.00338021,-0.00246643,-0.00746371,-0.00177451,0.00191596,-0.00766434,-0.00630753,0.0189045,0.0198348,0.00907852,-0.00820058,0.00553292,0.000144968,0.000407765,0.000123308,0.00289247,-0.00190289,-0.00127452,0.000700803,-0.000892472,0.000334649,-0.00338515,0.00114039,-0.00138132,0.00495637,0.00693373,-0.00439805,-0.000722848,0.00160011,0.00373772,-0.00251863,0.00888221,13.9,12.6,6,311.3,24.6,3.7,20.9,9.9,17.4,17.8,9.9,657,142,2,91,363,7,12,363
457,fuscipes,-122.219,38.3418,fu160809af,11,0.00930053,-0.00140064,0.0165652,-0.0070598,0.000620789,0.00486929,-0.00443027,0.000191433,-0.012036,0.00227102,-0.0115629,0.0162748,0.00203562,-0.0178088,0.00495544,-0.00367836,-0.00528623,-0.00414657,-0.00546039,0.00336545,0.00809893,0.000197223,0.00909096,0.00173249,-0.0029851,0.00220588,0.013937,0.00242883,0.00245785,0.000533793,-0.00845699,-0.00213481,-0.00295985,-0.000249167,-0.00658157,-0.00529101,-0.00558954,0.00550072,0.00439861,-0.0129039,0.00373227,-0.00922338,-0.0234422,-0.00328815,0.0041327,-0.000832131,-0.00112578,-0.00988804,0.000565716,-0.0130274,-0.00160665,0.0243184,-0.0161477,-0.00814593,-0.00616014,0.007841,-0.000300466,0.00018009,-0.00109223,-0.00213656,0.00346276,-0.00388643,0.00044646,0.00181595,-0.0061252,-0.000382227,-0.00401552,-0.000581201,0.000652854,-0.00228595,0.0049184,0.000492064,0.00102351,-0.0109888,0.00151934,-0.00238508,14.7,14.2,5,506.7,31.1,2.8,28.3,8.4,21,21.1,8.4,797,174,1,90,438,9,15,438
458,macrotis,-121.89,36.6,mc675am,12,-0.006971,-0.0053089,0.00227898,-0.00195039,-0.0151492,0.00819,-0.0232397,-0.00237506,-0.00392259,-0.00189348,-0.0171725,0.0130714,-0.00295536,-0.00684249,0.00839408,0.000894579,-0.0128669,-0.00717636,0.00147753,0.00194222,-0.0190135,-0.00129053,0.00616366,0.00145257,0.00279917,0.00378498,-0.00016592,-0.00034254,0.00528998,0.00118306,-0.0078246,-0.00305464,0.00256768,0.00107697,-0.010235,0.000465762,-0.00749068,-0.0037415,0.0117577,0.00641327,-0.00150359,-0.0172072,-0.00229837,-0.00590513,-0.00530853,-0.00929474,-0.015684,-0.00211502,-0.0108737,-0.0161094,0.00535787,0.0129343,0.0211155,-0.0182815,0.0126106,-0.0153075,-0.000196825,0.000996158,0.000483767,0.00151129,0.00457673,0.002826,0.00176997,8.31E-05,-0.000501958,-7.96E-05,-0.00279131,0.00480423,0.00868625,-0.00498241,-0.000837025,0.00924586,-0.00856096,0.00338887,-0.0141779,-0.00266279,13.1,9.4,5.9,197.9,20.9,5.2,15.7,10.6,14.9,15.4,10.6,443,110,1,96,261,5,17,245
459,macrotis,-121.89,36.6,mc677am,12,-0.00919689,-0.00100901,0.0170477,-0.00632898,0.0015553,-0.000828266,-0.0161463,0.00504528,-0.0214495,-0.00457572,-0.0111257,0.00850867,-0.00502837,-0.00988139,0.0112225,0.00219834,-0.00786339,0.000975503,-0.00373311,0.0012672,-0.000932817,-0.00153863,0.00118658,0.00488328,-0.00569465,0.00210909,0.00527723,0.00152454,0.00556097,0.00298433,0.0013804,0.00385503,0.00583486,2.57E-05,-0.00746575,-0.00305196,0.00703739,-0.00157633,0.0138972,-0.00442354,-0.00871674,-0.00747493,0.0119894,-0.00798689,0.00480893,-0.00895701,-0.00924989,-0.00930136,-0.00996671,0.00366417,-0.0128801,0.00933994,0.0312633,0.0213399,-0.000271846,-0.017448,-0.000648361,-0.000109481,0.000429163,-0.00190205,0.00737412,-0.00805124,0.00392975,-0.00420189,0.00088929,-0.00720275,0.00487237,-0.00700527,0.0154239,-0.0089693,-0.010033,0.0129284,0.00654189,-0.0113317,-0.00373084,0.00225017,13.1,9.4,5.9,197.9,20.9,5.2,15.7,10.6,14.9,15.4,10.6,443,110,1,96,261,5,17,245
460,macrotis,-121.89,36.6,mc680af,12,-0.00976099,-0.00743787,0.0210438,0.00481372,0.00107793,-0.0166224,-0.0259111,0.00617691,-0.0218201,-0.00280868,-0.0196264,-0.00638763,1.52E-05,-0.00814051,0.00732414,0.0016413,-0.0113022,-0.00251916,-0.00126062,0.000878459,-0.0116676,-0.00224845,-0.00161924,0.0023236,0.00322312,0.00266582,5.95E-06,-0.00149571,0.00749266,-0.000952627,-0.00461701,-0.00307709,0.00898776,0.00219549,-0.00820051,-0.000447139,-0.00329228,0.00392565,0.0194038,-0.00735505,-0.00194894,-0.00259863,-0.00128125,-0.00653643,0.00521656,-0.00244784,-0.00651913,-0.00521444,0.00163251,-0.00690217,-0.00200188,0.001868,0.00578291,0.00795429,-0.00168412,-0.0231264,-0.000431524,-0.00101003,0.000982188,1.69E-06,0.0026253,0.000506346,0.0017684,-0.00318705,0.00631772,-0.00313081,0.00644639,-0.00024988,0.00116732,-0.00273916,-0.00135595,0.0137212,-0.00738681,0.00526977,-0.0148131,-0.0063534,13.1,9.4,5.9,197.9,20.9,5.2,15.7,10.6,14.9,15.4,10.6,443,110,1,96,261,5,17,245
461,macrotis,-121.89,36.6,mc686am,12,-0.00532651,0.0050426,0.0200415,0.000878266,-0.00965965,0.00124642,-0.0217936,0.000267327,-0.018206,-0.00116484,0.00761199,-0.00493247,0.00392092,0.00235035,0.0151022,-0.000539094,-0.00548249,-0.00419486,-0.0114701,0.00348288,-0.00598087,-0.000638568,0.00952103,-0.00108226,-0.000436409,0.00299445,-0.000402983,-0.00725393,0.00571589,0.00692108,0.00248582,0.000149654,0.00457099,-0.000226413,0.00199025,8.21E-05,0.0114534,-0.000261651,0.0225696,-0.00282967,-0.00905906,0.0109242,-0.000833278,-0.00185423,-0.00488287,0.00262346,0.00222195,-0.0147254,-0.0241928,-0.00698716,-0.0236044,-0.000472555,0.0299807,0.0118149,-0.0111779,0.0170241,-0.000466035,0.000174807,0.000749094,-0.00593733,0.00374507,0.00400783,0.00259973,-0.000584386,0.0102449,-0.00317391,0.0185641,-0.0132593,-0.00155287,0.00415969,-0.00896173,-0.00180189,0.00935809,0.000277871,-0.00589356,0.00234948,13.1,9.4,5.9,197.9,20.9,5.2,15.7,10.6,14.9,15.4,10.6,443,110,1,96,261,5,17,245
462,macrotis,-117.08,33.11,mc47263am,12,-0.0118827,0.00315668,0.0139657,-0.00146907,-0.0195857,0.00759735,-0.00980991,-0.00607127,-0.00344411,-0.00341052,0.0101462,0.010225,0.00227671,-0.00448168,0.00721034,-0.00140367,-0.000860736,-0.0018022,-0.00547357,0.00353244,0.00612016,-0.00179886,0.000223942,0.00014854,-0.0104174,-0.00284997,0.011939,-0.00514899,-0.00031899,0.00101771,-0.0102391,-0.000206113,-0.00133556,-0.000657311,0.00391396,-0.000760251,-0.0122304,-0.00838,0.00297754,-0.00352322,-0.00360334,-0.000600019,0.00428326,-0.0106776,0.00236355,0.0126061,-0.00530266,0.00423209,-0.00416189,-0.00212969,-0.000192926,0.00925584,0.00379174,0.00851274,0.0235337,0.00505296,-0.000335794,-0.000250145,-0.000128851,-0.00044796,0.00493909,0.00803426,0.00113754,-0.00152344,0.000479481,0.000552977,0.00394226,-0.0110968,0.00638556,-0.00555391,-0.00358167,-0.0194981,0.0130787,-0.00737439,0.00168389,-0.00440137,17.2,13,5.2,418.3,30.2,5.2,25,12.7,22.3,22.9,12.2,349,71,2,85,193,7,13,180
463,macrotis,-117.08,33.11,mc47266am,12,0.00309012,-0.00127913,-0.00972743,0.00466008,-0.00865634,0.0102294,-0.020216,-0.00148757,0.00524307,0.0121673,0.00391249,-0.00255928,-0.00200117,-0.00923054,0.00146894,0.00240686,-3.47E-06,-0.000524635,0.00446893,0.00278221,-0.00460701,0.00188243,0.00332658,-0.000310597,-0.000689154,-0.000163588,-0.000759449,0.00200419,0.00766039,0.00212448,-0.00604435,0.000130065,-0.000416845,-0.00128245,-0.00182824,-0.000708317,0.0105919,0.00116094,0.00567848,0.00773027,-0.00465132,-0.0106901,0.00714437,-0.0111119,0.00746077,-0.0101185,0.00912835,-0.0308846,-0.000863812,-0.00157708,0.00422234,0.00739304,0.0317621,0.00173326,-0.0202618,0.00502033,-0.000403576,-0.00273668,-0.000984628,-0.000720048,-0.00325359,0.00340164,-0.000314661,-0.00614997,-0.00590333,0.000878081,0.000688768,-0.00326244,-0.00629716,0.00875032,0.00961324,-0.00257919,0.00765699,-0.0161852,0.00395552,-0.0089946,17.2,13,5.2,418.3,30.2,5.2,25,12.7,22.3,22.9,12.2,349,71,2,85,193,7,13,180
464,macrotis,-117.08,33.11,mc47269af,12,0.00556144,-0.00491216,0.00939605,0.00274291,-0.00194442,-0.011588,-0.0187811,0.00803042,-0.0245774,-0.0056211,-0.0070457,0.00414386,-0.000498333,-0.00487101,-0.00170324,-0.00430672,-0.000870603,0.00405777,0.00162795,-0.00188484,-0.0019269,4.60E-05,0.00510679,0.000272456,-0.00512315,0.00335732,0.00526114,-0.00242771,0.00793299,0.000109263,-0.00761651,0.00196627,0.00266664,-0.000755171,0.00896061,-0.000596489,-0.00978809,0.00274852,0.00343741,-0.0113349,-0.0209338,-0.010584,0.0159701,-0.00548465,0.00272721,0.0121837,-0.00195528,0.0218569,-0.000843023,0.00335061,-0.0160618,-0.0172931,0.0392203,-0.00138095,0.00578042,-0.00674498,-0.000149457,0.000926805,0.000811553,0.00237041,-4.55E-05,0.00537159,0.00137919,-0.00374454,0.000970313,-0.00125754,-0.00194206,0.00635061,0.0073317,-0.00154082,-0.00173823,0.007649,-0.00674349,0.00619729,-0.0102483,-0.00502919,17.2,13,5.2,418.3,30.2,5.2,25,12.7,22.3,22.9,12.2,349,71,2,85,193,7,13,180
465,macrotis,-117.08,33.11,mc47271am,12,0.0225324,-0.00351445,-0.0041475,0.000298003,-0.00547928,0.00489701,-0.0108537,-0.00700384,-0.00793703,-0.0040296,0.00151642,0.00722997,-0.0154617,-0.00387581,0.012412,0.00155007,-0.00500207,-0.00174458,-0.00630782,-0.000670306,0.00385897,-0.00384239,0.00497089,0.0116458,-0.00126403,0.00260042,0.00564763,0.00358338,-0.0011619,-0.00100949,-0.00570211,-0.00395958,0.00796541,-0.00331022,0.000258895,0.00026162,-0.0128147,0.000877262,0.0147837,-0.00391171,-0.0160391,0.00439486,0.0101894,-0.012708,0.00148228,-0.00373252,-0.0022351,-0.0288338,0.000903069,-0.00688114,0.00664135,0.0198478,0.0218993,-0.0117209,-0.000843647,-0.0152117,-1.16E-05,0.00156315,0.000201642,0.00290621,0.000630014,0.00583187,0.000759589,-0.00366009,-0.00202232,-0.000439935,-0.00230559,-0.00214121,0.00601981,0.000869494,0.000650458,-0.000383638,0.000688993,-0.000114067,-0.00214855,-0.00789232,17.2,13,5.2,418.3,30.2,5.2,25,12.7,22.3,22.9,12.2,349,71,2,85,193,7,13,180
466,macrotis,-117.74,34.37,mc49806am,12,0.00724854,-0.000400518,0.00883282,0.0011799,-0.00226203,-0.0169235,-0.0185927,0.00943302,-0.027202,-0.00582869,-0.028353,-0.00323151,-0.00303946,0.00037813,0.00369486,-0.00347313,0.00265734,-0.00131394,-0.00252185,0.000162224,0.00442531,-0.000601888,0.00822114,0.00106719,-0.000842375,0.00332449,0.00501264,-0.0023866,0.000798091,0.000486847,0.0122835,0.00120852,0.0074334,0.00215356,-0.0028946,-0.00268881,0.00317949,-0.0015613,0.000328884,-0.00951049,-0.0188178,-0.0139167,0.00383127,-0.00341817,0.00324742,0.00970699,0.00532375,0.0178273,0.00739796,0.00386467,-0.00609097,-0.00388644,0.0287413,-0.00223404,0.00611884,-0.0278212,-0.00028965,0.000919235,-5.05E-05,-0.00242099,-0.00290828,0.00219686,0.00122384,-0.000989421,0.000942057,-0.00449552,0.00244603,-0.00124359,0.000942466,0.00211047,-0.00258158,0.000326316,0.00250454,-0.00273313,0.00220156,0.000203085,10,14.1,4.5,608.3,27.5,-3.4,30.9,3.5,18.1,18.3,3.1,756,145,3,84,409,20,39,395
467,macrotis,-117.63,34.36,mc49807af,12,0.000456361,0.00419426,-0.00390274,0.0187933,-0.0121438,-0.00839068,-0.00400508,0.00527189,-0.00936849,-0.00165936,0.001502,-0.00795799,-0.00124824,-0.00781114,-0.00322879,0.00232831,-0.00274846,-0.000284226,0.00128529,0.00115858,-0.00763315,0.00168995,-0.00183258,0.00830061,-0.00887678,0.00446235,0.00300271,-0.000938214,0.00743894,0.00444436,-0.017675,0.00345573,0.00411623,-0.00242337,0.00789964,-0.00362757,-0.0131504,0.00254971,0.00761713,-0.00266276,-0.012479,-0.00909331,-0.00157831,-0.00230029,0.00447419,0.00699103,0.000254992,-0.00149732,0.00301173,0.00563939,-0.00938531,-0.00200997,0.0017657,-0.0102677,0.0150126,-0.00786535,-7.08E-05,0.000816963,-0.000459309,0.00139502,-0.00272913,0.00174426,0.00054261,-0.00143236,-0.00163547,0.00183194,0.000598464,-0.00600105,0.0014906,-0.00558543,0.00350925,-0.0118203,0.00574572,-0.00199515,-0.000681376,-0.0139141,8.3,13.9,4.6,590.9,25.4,-4.8,30.2,2,16.1,16.3,1.7,755,139,4,82,398,29,49,389
468,macrotis,-117.63,34.36,mc49809af,12,-0.0125166,0.00772351,0.00190034,-0.0013268,0.00880141,-0.00435583,-0.00960182,0.000893265,-0.00905432,-0.0166493,0.00736255,0.0161102,-0.00923067,-0.0145114,0.00691175,0.000926311,-0.0156442,0.00280489,0.000317646,-0.000274558,-0.00670238,-0.0040293,-0.00282388,-0.000805319,0.00102155,0.00109532,-0.00477384,-0.00236794,0.00372259,0.00316214,-0.00918587,0.00909058,0.00594749,0.000623574,0.00694865,0.00127362,-0.00538323,0.00230422,0.00447857,-0.00982467,-0.00697314,-0.0144663,0.00278668,0.00060126,-0.00702545,-0.00498063,-0.00624466,0.00858061,0.00554699,-0.00110146,0.016393,0.00185029,0.0113024,-0.0267345,-0.00816479,0.0210615,-0.000769247,-0.00395215,-0.00140946,-0.00217144,9.68E-05,-0.00047139,0.00341483,-0.00191605,-0.0086751,-0.00286634,-0.00475474,0.00898737,0.0123426,-0.0068829,-0.000856874,0.00829153,0.00399111,-0.0152947,0.00179244,0.00336269,8.3,13.9,4.6,590.9,25.4,-4.8,30.2,2,16.1,16.3,1.7,755,139,4,82,398,29,49,389
469,macrotis,-117.67,34.2,mc49810am,12,-0.00716488,-0.00272839,0.013959,-0.00256019,-0.0195887,0.0110645,-0.000229289,-0.0101924,0.00457202,-0.00290567,-0.0289856,0.0179211,-0.0207926,-0.00915843,0.0127302,0.00317976,-0.00691302,-0.00818913,-0.00339434,-0.00211567,-0.0128863,-0.000613638,0.0110333,-0.000813367,0.0065743,0.00566124,-0.00107459,-0.00672147,0.0109313,0.00590249,-0.00699974,-0.0024119,0.00191601,0.00526983,-0.00847846,-0.000330432,0.00372359,-0.00183313,0.00206913,-0.00526605,-0.0150239,-0.025486,0.00948852,-0.00386894,0.00676323,-0.00555938,-0.00256879,-0.0149826,0.00635361,-0.00363002,0.0121508,0.0338654,0.0155554,-0.0217707,-0.026032,-0.0141383,-0.000112976,0.000758164,-0.000126818,0.000376294,0.000787978,-0.00410318,0.00113761,-0.000646675,-0.00124561,-0.000222376,0.000562174,0.00233206,0.00671503,-0.00411984,-0.00498312,0.00545526,0.00369128,-0.00488435,0.00161905,0.00878734,13.7,14.9,4.6,601.4,31.6,-0.2,31.8,7.4,21.5,21.9,6.7,719,139,2,90,401,11,26,381
470,macrotis,-117.67,34.37,mc49812am,12,0.000586226,0.00314617,0.0209285,0.000876422,-0.00231268,0.0183183,-0.0121021,-0.00888094,-0.0236472,0.000806946,-0.00194455,0.00230458,0.00685004,0.00474917,0.00891225,-4.34E-05,-0.0127962,-0.00770723,-0.000106496,0.000758077,-0.00143514,-0.00490694,0.00938799,0.00522239,0.0040556,0.0112072,-0.000706604,-0.000352786,0.00752935,-0.00580416,0.000862074,-0.0133152,0.0111434,0.00504525,-0.00449792,-9.92E-05,0.00550702,-0.000241437,0.0142461,0.000384635,-0.00567854,0.0128105,0.0132622,-0.00191773,0.0194139,-0.0268279,0.0154182,-0.0277979,-0.006365,-0.0086867,0.00327971,0.0103657,0.00649009,0.00372298,0.00877223,0.0070471,-0.000248756,0.00190174,-0.000235584,-0.00103054,-0.00153516,0.00668873,0.000463434,1.59E-05,0.00109638,0.00485279,0.00288574,-0.000488033,0.00604502,-0.00735289,-0.00938453,-0.0046337,0.0111697,-0.00716398,0.00525603,0.0070891,8.3,13.8,4.6,588.2,25.3,-4.7,30,2,16.1,16.3,1.7,762,141,4,82,403,29,49,393
471,macrotis,-117.62,34.24,mc49814am,12,0.0142785,0.00362947,0.00669248,0.0027635,0.00197993,-0.0151865,-0.000230282,0.00951649,1.83E-05,-0.0139745,-0.0146617,0.00171717,0.00939325,0.00599288,-0.00801308,0.00295842,0.0121404,0.00332472,-0.000694373,0.00694471,0.0018863,-0.00307779,0.00466341,0.0028998,-0.00540337,0.0017128,0.0150245,-0.00334564,0.0020917,-0.000326999,-0.00678312,-0.00203925,-0.00478589,-0.00162291,0.00220875,-0.00034652,-0.00506586,0.00143821,0.0102192,-0.00434888,-0.00618268,-0.00739194,0.0130436,0.0027011,0.00828806,-0.0105601,-0.00438358,-0.0127568,0.00727017,0.000112578,-0.0154468,0.0116791,-0.000505007,-0.00984793,-0.0041156,-0.0102503,-9.26E-05,0.00163071,0.00107401,-0.000553906,0.00152574,0.000602219,0.000153374,-0.00531007,0.00320609,0.00345608,0.00179911,-0.000300243,0.00292008,0.000690396,-0.00320623,-0.00336354,0.00232853,0.0102107,0.00141951,-0.00430981,7.9,13.8,4.6,576.2,24.7,-4.9,29.6,1.7,15.6,15.8,1.6,812,149,4,82,429,31,53,418
472,macrotis,-119.78,37.94,mc50247af,12,0.0107211,0.00547134,0.0181109,0.00516282,0.00539799,-0.0117632,-0.0232781,0.015457,-0.0030059,-0.00862919,-0.0188472,-0.00535153,-0.00836559,-0.00134286,0.0021125,-0.00109833,-0.00186666,0.00135474,0.000594837,0.00194884,-0.0037256,0.00167377,0.016786,0.00345324,0.00338627,0.00267199,-0.00165785,0.00272845,-0.00140644,0.00254475,-0.0068721,0.00913864,-0.00553859,0.000186318,-0.0110998,-0.00435424,0.00642635,8.32E-05,0.0158411,-0.0020732,0.00613232,-0.0057113,0.00312156,-0.00762993,-0.00580308,0.0131697,-0.00853586,0.0142936,-0.00875824,-0.00315362,-0.00884079,0.00541055,0.0290345,0.00431894,0.000288569,0.000631809,-0.000767296,-3.50E-05,-0.000280129,-0.00271399,0.000599535,0.00682962,0.0029298,-0.000954396,-0.000748111,0.00156224,0.00151787,0.0113367,0.0111731,-0.00808617,-0.011909,-0.00307183,0.00818241,-0.00816744,0.000620748,0.0169318,9.1,14.5,4.5,629.1,27.6,-4.3,31.9,1.9,17.5,17.5,1.9,919,158,6,75,440,33,40,440
473,macrotis,-117.75,34.18,mc53876af,12,-0.0179592,0.00906936,0.0101428,-0.0078804,-0.0144044,0.00038812,0.00304467,-0.00414005,-0.00521118,0.00466096,0.0307903,-0.00666625,-0.0165296,0.00349741,0.0151016,0.00110248,-0.00268289,-0.00185591,-0.0106062,0.00429506,-0.010998,0.00372698,0.00335813,0.000657742,-0.00703767,0.00511985,0.00884375,-0.00733909,0.00363724,0.0143126,0.00438355,0.0107859,-0.0064789,-0.00633784,0.00983474,0.000199745,0.00183573,-0.00926746,-0.00429275,0.00839187,0.00750916,0.0216503,0.00379579,0.00587107,-0.00630337,-0.00375694,-0.00454807,-0.0116592,-0.00950244,-0.00570528,-0.0125886,-0.0105322,0.00309108,-0.00175743,-0.00258744,-0.0160459,-0.000665483,0.00202886,-0.000961428,0.00103839,0.00703798,0.00609119,0.00165947,0.0039059,-0.000485623,-0.00413993,-0.000711627,-0.00130787,0.0101545,-0.00697151,-0.00981429,-0.0193923,0.0117823,-0.00790941,0.0102154,0.00663255,15.9,15.3,4.8,567.6,33.5,2,31.5,9.9,23.2,23.7,9.3,625,126,2,90,357,9,20,337
474,macrotis,-117.05,34.38,mc63710am,12,0.00198369,0.00110649,0.0109773,-0.00121231,-0.0137967,0.0179983,-0.0145161,-0.00803949,-0.0229744,0.000421096,-0.0138614,0.0122242,-0.00435982,-0.00307952,0.00146563,0.000533937,0.00758182,0.00505225,-0.00128923,-0.000620996,0.00166309,0.00107603,0.0105542,0.00324591,-0.00256288,0.000851501,0.0210447,2.36E-05,0.00942492,0.00441555,0.00883689,0.0052108,-0.00569923,-0.0034205,-0.00835228,-0.000449881,-0.00967188,-0.000432686,-0.00116614,-0.00801767,0.000390122,0.00270166,0.00611111,-0.00951586,-0.00078989,0.0202554,-0.0072947,0.0211571,-0.0221208,-0.0020581,-0.0307883,-0.0123435,0.0399665,0.0148786,0.0160462,-0.0100023,-7.31E-05,0.00101946,0.00079476,-0.000728606,-0.00412042,0.0131427,-0.00151207,-0.00187542,0.00329917,0.000669717,-0.00536127,-0.00169017,0.00236077,-0.00924593,-0.00348829,-0.0228447,0.00160995,0.00623525,0.0069905,-0.002643,12.7,16.1,4.6,655.2,31.9,-2.4,34.3,5.8,21.3,21.3,4.9,550,97,2,78,279,23,23,274
475,macrotis,-117.05,34.38,mc63711af,12,-0.00260886,0.000341096,0.0058559,-0.00739591,-0.0154823,0.000214151,-0.0094565,-0.00436109,-0.00437807,-0.00924605,-0.00615846,0.00660407,0.00475079,0.0030974,0.00568529,0.00082579,-0.00189356,-0.00145788,-0.00311337,0.000801563,-0.0007587,-0.000335172,0.00299785,0.00347402,-0.0029521,0.00243659,0.0112822,-0.00724046,0.00901621,0.000654197,-0.00184347,0.0028307,0.00147219,0.00787158,1.32E-05,-0.00260316,-0.00203453,-0.00471477,0.0183513,-0.00694743,-0.0161763,-0.00745349,0.0127712,-0.0114374,0.00837386,0.0128328,0.00512421,0.00716917,-0.00450704,-0.00279583,-0.00189624,0.0121646,0.0261407,-0.00458805,-0.00324995,-0.0269834,-0.000222451,3.85E-05,0.0003065,-0.00099392,0.00313607,0.00597552,0.000532295,0.00033539,0.0049353,-0.00120207,0.0100088,0.00205444,-0.00515754,0.00126843,-0.00355781,-0.00432977,0.00584,-0.00201725,0.00215944,-0.000292435,12.7,16.1,4.6,655.2,31.9,-2.4,34.3,5.8,21.3,21.3,4.9,550,97,2,78,279,23,23,274
476,macrotis,-117.05,34.38,mc63714am,12,0.00426854,0.00462282,-0.000315058,0.00392849,-0.0177036,0.00535849,-0.0221581,0.000481225,-0.013955,0.00505027,0.0106369,-0.0049395,-0.012063,0.00439489,0.00895666,0.00240467,0.00835014,-0.000141315,-0.00718276,0.000781849,0.000138218,0.00346806,0.0102734,0.00652766,0.00150067,0.0034006,0.0094442,-0.00643364,0.0115795,0.00261844,0.000901313,0.000597694,-0.0052346,0.00406266,0.00471836,-0.00525367,0.00300569,-0.00277763,0.00945535,-0.0056065,-0.0136864,0.00959434,0.0158777,0.0027544,0.00900863,0.00696711,0.0140581,0.00107582,-0.0283156,-0.00812296,-0.0164183,-0.000871429,0.0590749,0.0254521,-0.0195858,0.00925793,-1.45E-07,-0.00328557,-0.000498963,-0.000501748,-0.00162758,0.00800539,-0.000237272,-0.000421853,0.00240891,0.00220823,0.00513617,-0.00490815,0.000749201,-0.00261543,-0.00584366,-0.0236252,0.0159597,-0.00476436,0.00888331,0.00537704,12.7,16.1,4.6,655.2,31.9,-2.4,34.3,5.8,21.3,21.3,4.9,550,97,2,78,279,23,23,274
477,macrotis,-117.05,34.34,mc63716af,12,0.00512792,-0.00389996,0.00102611,-0.00342868,0.00648496,-0.0165308,-0.0194887,0.000645801,-0.0272472,0.000734642,0.00779979,-0.00185717,0.0160553,0.00219103,-0.0104883,0.000656574,0.0182045,-0.00375276,-0.00301271,0.00338137,0.00345723,0.000504357,0.00664903,0.00375513,-0.0074477,0.00488594,0.0130251,-0.00642043,0.00574514,0.00463482,-0.00892547,0.00289826,-0.00602647,0.000995369,-0.00472325,-0.000386825,-0.00790704,-0.00112211,0.0177536,-0.00274264,-0.00411673,-0.00448883,0.00486137,0.00507437,0.00142467,0.019699,0.00179521,0.0233083,-0.00344287,0.00634603,-0.00589917,0.00321391,0.0129099,0.00613895,0.00849654,-0.0233523,-0.000160712,-0.000138628,-0.000336734,-0.000495651,-0.000662928,-0.000498159,7.59E-05,0.0017479,0.00100396,0.00142936,0.00276479,-0.00413844,0.00226727,-0.0043571,-0.00436664,-0.0131718,0.0100351,0.000530361,0.00765886,-0.00181186,10.1,15.9,4.7,632.2,28.7,-4.7,33.4,3.4,18.5,18.5,2.7,698,125,3,78,359,31,31,353
478,macrotis,-117.05,34.34,mc63717am,12,-0.00924821,-0.00308947,0.0171529,-0.00672883,-0.0199715,0.0129272,0.000803781,-0.00377254,-0.0133912,0.00901367,-0.00173882,0.0110503,-0.00266032,-0.00775885,0.00410794,0.00045649,-0.00114828,0.00451914,-0.000468505,-5.45E-05,0.00107082,0.00298168,0.0051044,0.00366443,-0.00630451,0.00143495,0.0128749,-0.00302833,0.0141594,0.000628038,-0.00326153,0.00352392,-0.00570593,0.000471098,0.00364747,-0.00268469,-0.00147721,-0.00447179,0.000634138,-0.00363434,-0.0118061,0.000577308,0.0130069,-0.00924325,0.00477553,0.0227944,-0.009844,0.0234054,-0.0182513,0.00406482,0.00379062,-0.0103774,0.0138412,0.0199326,0.0103698,0.00780475,-0.000743629,2.07E-05,-0.000672115,-0.00426191,0.00419098,0.00652388,0.000867593,0.00383005,0.000209481,0.000704032,-1.13E-05,0.00127688,0.00341852,-0.0060849,-0.00645515,-0.00887725,0.00527939,-0.0070541,0.00358948,0.00527776,10.1,15.9,4.7,632.2,28.7,-4.7,33.4,3.4,18.5,18.5,2.7,698,125,3,78,359,31,31,353
479,macrotis,-117.05,34.34,mc63718af,12,0.00476732,-0.00116122,0.00961712,0.00194609,-0.0154089,0.0114966,-0.0158269,-0.00982831,-0.0257442,-0.00721397,-0.0105616,-0.00467483,0.0108943,-0.00964773,0.00483762,-0.00179268,0.00910409,-0.00658568,-0.0123745,0.000442919,0.00174382,0.00108457,0.00560012,0.000521394,-0.000626583,0.00553375,0.00850618,-0.00455445,0.0087319,0.0062382,-0.00614016,0.000137945,0.00598882,0.00340674,-0.0016457,0.00198955,-0.0130349,0.00526468,0.0180929,0.00676308,-0.0089752,-0.0196498,0.0108034,0.00280034,0.00486492,0.0162303,0.00393069,0.0133857,-5.31E-06,0.00182629,-0.0154377,-0.0142163,0.0154451,-0.00356087,0.00340008,-0.0230224,0.000245503,0.000901445,0.000128983,0.000789902,0.00122938,0.00443532,-0.00168501,-0.000382106,-0.000136869,0.00835452,0.000366986,-0.00274515,-0.00346488,-0.000206516,0.00193201,-0.00502024,0.00363351,0.00266034,0.00250263,-0.0136879,10.1,15.9,4.7,632.2,28.7,-4.7,33.4,3.4,18.5,18.5,2.7,698,125,3,78,359,31,31,353
480,macrotis,-117.05,34.34,mc63719af,12,0.000182052,0.000546339,-0.00331236,-0.00633425,-0.0262876,0.0112946,-0.00963145,-0.00587262,-0.00692973,-0.00572074,0.00369866,0.00671528,-0.000839071,-0.00131559,0.00321773,0.000188987,0.00516113,-0.00733046,-0.00764011,0.00123089,0.00838314,0.000173575,0.00625058,-0.000608892,-0.00856296,0.00352381,0.00280897,-0.00816742,0.0034194,0.00442695,-0.00154159,0.00126809,-0.00613382,0.00374589,0.0051645,-4.15E-05,0.00469075,-0.0063983,0.00849243,-0.00355579,0.000511915,0.00344869,0.00227232,0.000376178,0.00230068,-0.00540191,-0.00150496,-0.0136595,-0.0131183,-0.00153199,-0.0243864,0.00265359,0.0379671,0.0066738,-0.0168325,0.00154814,0.000121079,-0.000180277,7.16E-05,-0.00148287,0.0011965,0.00219157,-0.00178218,0.00204345,0.00132098,0.00961174,0.00492428,-0.00570884,-0.00327407,-0.00254151,-0.00188755,-0.0186944,0.0142969,0.00193637,0.010375,-0.00614452,10.1,15.9,4.7,632.2,28.7,-4.7,33.4,3.4,18.5,18.5,2.7,698,125,3,78,359,31,31,353
481,macrotis,-117.02,34.32,mc63722af,12,-0.00857689,0.00551237,0.00496384,-0.00022346,-0.0253017,0.0146262,-0.00604047,-0.0124797,-0.0110215,0.000945815,0.0187081,0.00630305,0.000219598,-0.00700555,0.00162465,-0.00405343,0.00469462,-0.00240471,-0.00355196,0.000198905,-0.00114788,0.00305754,0.00499811,0.00546584,-0.00791902,0.0018276,0.0120116,-0.00639891,0.010857,0.00623457,-0.0106895,0.0002851,-0.00629568,0.000186771,0.00579736,-0.00153622,-0.00460293,0.000217107,0.00589565,-0.00657335,-0.010078,0.00306515,0.00990013,-0.000478068,-0.000296841,0.00699106,-0.000976116,0.00231379,-0.000821844,7.77E-05,-0.00986678,0.00597101,-0.00156044,0.00528684,-0.0123667,-0.0183224,-4.20E-05,-0.00262808,-0.000586761,-0.000836801,0.00143666,0.00420526,-0.000579693,-0.00312506,-0.00364048,0.00247601,-6.30E-05,-0.00887567,0.00119578,0.00499699,0.000147177,-0.0160289,0.0141639,-0.0112663,0.00956869,-0.00348078,8.5,15.9,4.8,609.7,26.8,-6.1,32.9,2,14.1,16.7,1.4,662,117,3,75,335,36,41,330
482,macrotis,-117.02,34.32,mc63725af,12,0.0196681,0.00411253,-0.00877889,-0.00640669,-0.00673593,0.00770071,-0.0103115,-0.00346532,-0.0111513,8.53E-05,0.0157408,0.0014339,0.0118366,0.00864093,0.000849678,-0.00276026,0.00839392,-0.00390121,-0.00376547,0.00434388,0.000201033,0.00184654,0.0111682,0.00263316,-0.00456395,0.00374826,0.0098083,-0.00332948,0.00893956,0.00299611,-0.00170352,0.00379657,-0.00714223,-0.00443926,0.00510052,-0.00297692,-0.00132381,-0.00199518,0.00883297,-0.0126316,0.0047363,0.0138877,0.00266429,-0.000191089,0.00468538,-0.00353849,0.00275623,-0.0101612,-0.00592007,-0.000486745,-0.0169941,0.00512128,0.0176284,0.00771276,-0.0103724,-0.0103401,-0.000137777,0.000660304,-0.000186054,0.000584541,-0.000217633,0.00997806,-0.000301422,-0.000622942,0.00330054,0.00373436,0.00734173,-0.000565026,-0.000100754,-0.00581148,-0.00845031,-0.0195512,0.0190966,-0.00963651,0.0133583,0.00486839,8.5,15.9,4.8,609.7,26.8,-6.1,32.9,2,14.1,16.7,1.4,662,117,3,75,335,36,41,330
483,macrotis,-117.02,34.32,mc63726af,12,0.00752049,0.00748598,0.0121191,-0.00625326,-0.00946615,0.0106091,-0.00290986,-0.00714387,-0.0200171,-0.00495965,0.0116766,0.0136268,0.00518794,0.00995334,0.00585549,-0.00205614,-0.00323265,-0.00085443,-0.00518901,0.00222565,0.00251708,0.00320269,0.00595482,0.00597454,-0.00147777,0.00433011,0.00114647,-0.0026366,0.00431274,0.00317618,-0.00331155,0.00193336,-0.00858687,0.00217782,0.0182068,-0.00557358,0.00550941,0.000327813,-0.00108337,-0.00650903,-0.00973376,0.015529,0.00668162,-0.00529781,0.000506121,-0.00482462,0.000449826,-0.00822424,-0.0100534,-0.00837155,0.00134458,0.0116461,0.0197602,-0.0115435,-0.0234606,0.0148887,-0.000772666,-0.00111011,-0.000783601,-0.00477711,0.00230642,0.0102247,0.000189574,-0.0014136,-0.0035461,0.00506127,0.00174311,-0.0078649,0.0062644,0.00183855,-0.00860856,-0.0143153,0.021218,-0.0203161,0.0123733,0.0110385,8.5,15.9,4.8,609.7,26.8,-6.1,32.9,2,14.1,16.7,1.4,662,117,3,75,335,36,41,330
484,macrotis,-121.89,36.6,mc147876am,12,-0.015333,-0.00234217,0.0225097,0.00549051,-0.0122067,-0.00774659,-0.0379707,0.0136556,-0.00806243,0.0141275,-0.0444776,0.000702049,-0.00393228,0.000688201,0.0130477,0.000553497,-0.0101722,-0.00282813,-0.0010605,0.000845526,-0.0022677,-0.00399766,0.0109102,0.00265573,0.00271999,0.00188866,0.00548035,-0.000619951,0.00202289,-0.00177495,0.00354792,-0.00435257,0.00697447,0.000171834,-0.00571258,-0.00191218,-0.00507824,0.0059858,0.00831171,-0.00612666,-0.0108286,-0.0089378,0.00479998,-0.00987601,0.00416352,0.00421232,0.00810816,0.000745404,-0.00236857,0.00308622,-0.00288582,-0.000758451,0.0382875,-0.00227226,0.0134807,-0.00800886,-0.000164655,0.000489988,0.00060777,0.00218643,-0.000129195,0.00379991,0.000768348,-0.00492536,0.000184591,-0.00399008,-0.00359712,-0.00864603,0.00825404,0.00754487,-0.00218623,0.00642606,-0.00513165,0.00389237,-0.00926646,-0.00063914,13.1,9.4,5.9,197.9,20.9,5.2,15.7,10.6,14.9,15.4,10.6,443,110,1,96,261,5,17,245
485,macrotis,-117.02,32.64,mc147878af,12,0.0120474,-0.00227751,-0.00374508,-0.00807835,-0.00338289,0.0100252,-0.00213448,-0.0134965,-0.00149405,0.00542039,0.0133924,0.0089109,0.0107699,0.0091378,0.00477635,0.000506597,-0.011597,0.000142968,0.00382141,-2.24E-06,-0.00517965,0.000729572,-0.00172928,0.00533288,-0.00137542,0.000326997,-0.000333363,-0.00115138,-0.00280548,-0.000857178,-0.00149436,-0.000158762,-0.0076421,-0.00271183,0.0068641,0.000845095,0.0158649,0.000404707,0.0141804,0.000462401,-0.00872792,0.00621828,-0.000883161,0.0040982,-0.00776929,-0.00655999,0.00915179,-0.0180161,-0.000895952,-0.00167945,-0.00477321,0.00791755,-0.00396942,0.0116996,-0.0344097,-0.00568144,-0.000174929,-0.000863962,-0.000141807,0.000480105,-7.48E-05,0.000721839,0.000114118,-0.00376915,0.00141742,0.00343829,0.0107379,0.00285861,-0.0040544,-0.000785214,-0.0028584,0.00253764,0.0129766,-0.0116864,0.00556377,0.00252871,17.2,11.3,5.4,326.1,27.8,6.9,20.9,13.6,21,21.8,13.4,257,50,1,86,142,4,8,130
486,macrotis,-119.91,37.58,mc147881am,12,-0.00516484,0.00384968,0.0115238,-0.00820006,-0.0177158,0.00877259,-0.0232822,-0.00575424,-0.0203642,0.00976721,0.0203399,0.00893229,0.0113444,0.00323125,0.013561,0.00482039,-0.00360225,-0.00303032,-0.00634881,0.00204252,-0.00844797,0.00117019,0.0081456,0.000200561,-0.00462021,0.00610222,0.010991,-0.00920658,0.0075081,0.00745119,-0.00125817,0.00449268,-0.00478658,-0.00123051,0.0114592,-0.000989721,0.00247636,0.00296721,0.0116907,-0.0094295,0.00235132,0.00741006,0.0104518,0.00595727,-0.00816524,0.00172634,0.00296383,-0.00569486,-0.00770708,-0.00032155,-0.019497,-0.00314226,0.00178185,0.0221924,0.00409892,0.00327202,-0.000109533,4.62E-05,-0.000248333,0.00114862,-0.00033136,0.00778376,0.00173835,-0.00335406,0.00272776,0.00018286,0.0110656,-0.00226419,0.00140844,-0.00129768,-0.00481179,-0.0157188,0.0172538,-0.00661024,0.00582762,-0.00346255,12.4,15,4.5,644.4,31.7,-1.1,32.8,5,20.9,21,5,985,178,3,81,494,18,24,494
487,macrotis,-121.73,36.47,mc154000am,12,-0.0094865,-0.00237313,-0.00423017,-0.00661572,-0.0202526,-0.00823924,-0.0168428,-0.00484418,0.00802808,-0.00134448,-0.00650057,-0.000599744,-0.00294206,0.000968022,0.00765215,-0.00122077,0.00174642,-0.00861041,-0.00453643,0.000766922,-0.00272527,-0.00508061,0.00936444,0.00515313,0.00635009,0.00112251,0.00754034,-0.00308951,0.00986851,-0.00214936,-0.00395926,-0.0020547,-0.00129954,0.00491572,-0.0126649,-0.000958981,0.00330594,-0.00684454,0.016767,-0.00692172,0.00230442,-0.013194,-0.00978797,-0.00459731,-0.00484998,-0.000426206,0.00452708,-0.0142371,-0.00757993,0.000261326,-0.0206162,0.0113358,0.0115337,0.0126153,0.00720752,-0.00986343,-0.000245828,0.00119537,-0.000865261,-0.000605464,-0.00132915,0.00155162,0.00151977,0.000813124,-0.00196799,0.00302706,0.00304984,-0.00619276,0.0089684,-0.0103917,-0.00671002,-0.00091333,0.015218,-0.00922173,0.0107976,-0.00738908,13.1,12,6.2,256.4,23.1,3.9,19.2,10.1,15.9,16.4,10,568,117,1,90,310,6,10,310
488,macrotis,-121.94,36.58,mc154001am,12,-0.0125411,-0.00578753,0.0163763,0.00212214,0.00202185,-0.0151729,-0.029734,0.0084988,-0.0109118,-0.00839431,-0.0256867,0.00333925,0.00101831,0.00118319,0.000170555,0.00192843,0.00998779,-0.00566054,-0.00286597,0.00216289,0.00397069,-0.00421302,0.00238806,-0.00243624,0.00579201,0.000999727,0.0031527,-0.0022607,0.00250538,0.000807303,0.0049389,0.00340192,0.00414246,0.002113,-0.004874,-0.00145501,0.00298109,-0.00154725,0.0112691,-0.0105067,-0.00422007,-0.0125525,0.0042476,0.00277164,-0.0060536,-0.000571041,-0.00680169,-0.00431853,-0.00263216,-0.000262145,-0.0101901,-0.00561953,0.0189753,0.0014472,0.00920089,-0.0169814,-0.000245954,-0.000349674,5.27E-05,-0.00385886,-0.0060307,0.00407485,0.000929406,0.000857577,0.00462214,-0.00811406,0.0038231,-0.00917972,-0.00433196,0.00190173,0.000136201,-0.0039703,-0.00212781,0.00332013,0.00117028,-0.00589552,12.9,9.6,6.1,195.9,20.8,5.1,15.7,10.5,14.7,15.3,10.5,529,128,1,94,309,5,21,292
489,macrotis,-121.94,36.58,mc154003af,12,-0.00800718,-0.00423777,0.00711008,0.00177335,-0.0128801,-0.0155973,-0.0329836,0.000559037,-0.0265115,0.00862721,-0.0310216,0.00366763,0.00588225,0.0104176,0.00072973,0.00160362,-0.00241147,-0.00224953,-0.000391765,0.00117235,-0.00548175,-0.00390059,0.00800401,0.00851836,-0.0010353,0.00501495,0.00615532,0.00609045,0.00478756,-0.000500498,-0.00156698,-0.00708115,0.0101584,-0.00653239,-0.00572291,-0.00294868,-0.00505873,0.00937326,0.0038527,-0.00977723,-0.00713836,0.006868,0.0126485,-0.00910708,0.0141465,0.00180051,0.00564154,-0.00145927,-0.00749224,-0.00309158,0.00408471,0.000803245,0.0478447,0.0154302,-0.00657869,-0.0086673,-0.000328381,0.000161504,-0.000861633,-0.000518818,0.00296533,0.0038626,0.00133315,0.00232578,-0.00431125,0.000595852,-0.00475534,0.00491383,0.00924083,-0.0106786,-0.00481824,0.00188114,0.0038738,-0.0102187,0.00619321,-0.00160942,12.9,9.6,6.1,195.9,20.8,5.1,15.7,10.5,14.7,15.3,10.5,529,128,1,94,309,5,21,292
490,lepida,-108.87,39.21,le29193af,13,0.0193181,-0.00360033,-0.0147979,0.00221576,0.00845906,-0.0132876,0.0181227,-0.00376153,0.00995257,-0.00282152,0.0311265,-0.00203201,0.00832137,0.00938349,0.00476891,0.00125628,0.00294493,0.00257124,-0.0036345,-0.000993435,-0.000208281,0.00205205,0.00459453,0.0035292,0.0045096,0.00393392,0.00605742,-0.00467596,-0.00849367,0.00440814,-0.0102331,0.00468664,0.00120751,-0.00148901,0.00710574,-0.00563607,0.0148772,0.00324608,0.0270879,-0.00513336,0.00224589,0.00557076,-0.00225794,0.0175308,-0.000142882,0.00711848,0.00582672,0.0093708,-0.000720477,0.00249702,-0.0177897,0.0117579,0.0358669,0.0165812,-0.0297002,0.0129223,-3.04E-05,-0.00274682,-0.000338905,-0.00110398,-0.00240171,0.00190118,-0.000265067,-0.0027414,0.00673387,0.00159181,0.0207922,-0.00674103,-0.00874605,-0.000379681,-0.0100149,-0.0126054,0.0322301,-0.0182064,0.026026,0.00198815,10.6,16.9,3.7,959.7,34,-10.8,44.8,17.4,-2.2,22.8,-2.2,236,25,14,18,71,47,58,47
491,lepida,-108.87,39.21,le29195am,13,0.0305292,0.00169362,0.0033141,0.000587747,0.00798756,0.0149092,0.0109745,-0.00706322,-0.00220759,0.00605381,0.015363,-0.00708519,-0.0062878,0.00961399,0.00435068,0.00108477,0.00726798,-0.000835139,-0.00556463,-0.00471988,0.00439033,0.002013,0.0109978,-0.00312674,-0.00575215,0.00645024,0.0116085,0.00167447,-0.0086183,0.00861692,-0.000816013,0.00478371,-0.00410182,0.00255457,0.00755095,-0.00616876,0.0169809,0.00270494,0.0141381,0.00913424,0.0118891,0.0158331,-0.000538003,0.0133276,-0.000582837,-0.00407656,0.010584,-0.00111362,0.00393193,-0.00571713,-0.0107966,0.0267763,0.0300105,0.00785464,-0.0300673,0.0144533,-0.000308695,0.000955186,-0.000657492,-0.00163782,-0.000460504,0.00199074,-0.000608392,0.00173354,0.00172808,0.00136188,0.00724033,-0.00468266,-0.000540622,0.000592365,-0.0098109,-0.017985,0.0232637,-0.00977752,0.0233122,0.00873512,10.6,16.9,3.7,959.7,34,-10.8,44.8,17.4,-2.2,22.8,-2.2,236,25,14,18,71,47,58,47
492,lepida,-108.76,39.82,le34767am,13,0.0141383,-0.00204968,-0.00545849,-0.00224771,0.00512285,-0.00266316,-0.0140099,0.00240205,-0.00470156,0.00714113,0.0248367,0.00340522,-0.00714191,0.00349893,0.00427065,-0.000786656,0.00204787,0.00270644,-0.0027908,-0.00283671,-0.00926244,0.00638468,0.0134994,0.00666011,0.000845536,0.00491526,0.00262013,0.00226699,-0.000985579,0.005695,-0.00456642,0.00347701,4.48E-05,-0.00507941,0.00650233,-0.00564122,0.0159275,0.00560676,0.0233078,0.00122166,-0.00383513,0.00108713,0.0055089,0.00942072,0.00383977,-0.005263,0.00690629,0.00221145,-0.00151821,-0.000624463,-0.00437119,0.00791419,-0.0193475,-0.000108923,-0.00518989,0.026797,-4.41E-05,-0.000720911,6.19E-06,-0.00196843,0.000140042,-0.00174142,-0.000989293,-0.00299606,0.00258129,0.00547133,0.0104379,-0.00212944,-0.00760265,0.000333249,-0.00127572,-0.00613128,0.0167138,-0.00533613,0.0157325,-0.00696298,7.1,16.6,3.7,944.7,30.6,-14.1,44.7,14.2,-5.3,19.3,-5.3,338,35,19,17,98,64,86,64
493,lepida,-108.81,39.17,le34769af,13,0.00220293,-0.000518299,-0.00283008,0.0132405,0.00728538,-0.00501886,-0.00879415,0.0019695,0.00823733,-0.000214438,0.0209341,0.00277383,-0.0099313,0.00766677,0.00454267,0.00113104,-0.00181178,0.00156545,-0.00463805,-0.00628727,-0.00550957,0.00968326,0.0035107,0.000737209,-0.00335113,0.00712865,0.00149813,-0.00411671,0.000376689,0.00776095,-0.00173421,0.00275031,-0.000109243,-0.00382325,0.00444791,-0.0062675,0.0148759,0.00622061,0.0149031,-0.00234787,-0.0035658,0.00952477,0.00463831,0.0200902,-0.00503327,0.000728095,-0.00502539,0.0129732,0.00730554,0.00397162,-0.0132383,0.0107355,0.021797,-0.0114684,-0.0232754,0.0135405,4.30E-05,-0.000836526,0.000268564,-0.000894589,-0.0013427,0.0033367,-0.00155264,-0.00526951,0.00154267,0.00523108,0.00713443,-0.00512919,-0.00765834,0.00111278,0.000943427,-0.014205,0.0162966,-0.00918184,0.0135805,-0.00160454,10.6,17,3.8,954.1,34,-10.7,44.7,17.5,-2,22.7,-2,229,25,13,19,70,46,56,46
494,lepida,-114.39,34.44,le47256af,13,0.0215255,-0.00322981,0.00876866,-0.00800394,0.00559465,0.0214854,-0.00879503,-0.0114844,0.0040604,0.00310067,0.0153912,0.0075981,0.00347179,-0.00500561,0.00801587,0.00290945,-0.004299,0.00331387,0.00126112,-0.00377379,-0.0154404,0.00427641,0.00880341,0.000311073,0.00199592,-0.000335927,0.00588168,0.00428478,-0.00362414,0.000427154,-0.00215908,0.00430803,-0.0036015,-0.0047823,0.00472271,-0.00422265,0.0127761,0.00206655,0.0161736,0.00916948,0.00453185,-0.00157816,-0.012061,0.00968358,-0.00582386,-0.00529403,0.0024378,-0.00612226,-0.00512789,-0.00567292,-0.0251731,0.019503,0.0332535,0.00457138,-0.041038,0.0168711,-5.33E-05,-0.000971344,-0.000296522,0.00102326,0.00421255,-0.00260943,0.000575425,0.000308434,0.00382746,0.000607933,0.0163072,0.00234159,-0.00474514,0.00179957,-0.00687006,0.00204895,0.0154866,-0.00973375,0.00615691,0.00917625,22.7,14.9,4,809.8,42.1,5.1,37,12.6,26.3,33.2,12.6,121,17,1,45,44,8,26,44
495,lepida,-114.39,34.44,le47259af,13,0.0183921,-0.00481311,0.00101613,-0.00329352,-0.0179465,0.0232487,-0.00214924,-0.0151695,0.0109258,0.000738626,-0.00965044,0.0127765,-0.00339108,-0.00237706,0.00988313,2.60E-05,-0.0107246,0.00194925,-0.000121984,-0.0036927,-0.0117204,0.00363262,0.00813105,-0.00328927,0.00148959,0.00308198,-3.59E-05,-0.00292685,0.00134331,0.00312248,-0.00659433,0.00105856,-0.00468939,0.00021094,-0.00580532,-0.00827871,0.00899769,0.00173248,0.00145557,-0.00385554,-0.00437855,0.000225147,0.00163222,-0.00282712,0.00372455,-0.00200603,-0.00471815,-0.00194168,-0.000679761,-0.00408934,0.00303034,0.0245476,-0.00287278,-0.00309103,-0.0334516,0.0179505,-8.73E-05,0.000426454,-0.000806111,-0.000374376,-0.00155303,-0.0014519,-0.00100305,-0.0030579,-0.00780697,0.00222903,-0.002819,0.00387675,-0.00174881,0.00223785,0.00308142,0.00412591,0.0107552,-0.0173355,0.0174967,-0.00201151,22.7,14.9,4,809.8,42.1,5.1,37,12.6,26.3,33.2,12.6,121,17,1,45,44,8,26,44
496,lepida,-117.67,34.46,le49799am,13,0.00979103,-0.0043403,0.00626995,-0.005826,-0.00343398,0.0152971,-0.0025151,-0.00836924,-0.0172519,0.00915285,0.0114444,0.0136225,0.0126554,0.00427511,-0.0036516,0.000662911,0.000234967,0.00242783,0.00477954,-0.00475557,-0.00471791,0.00818239,0.0138105,0.000955594,-0.00421109,0.000301107,0.00430929,0.00158033,-0.00360728,0.00314911,0.00462438,-0.000303225,-0.000540432,-0.00755102,-0.00380194,-0.0053296,0.0145676,0.00627821,0.0104898,-0.00374588,-0.00578348,0.00397172,0.00440316,0.011335,-0.00559158,0.00531691,0.00383583,0.0103018,-0.00484435,-0.000285485,-0.0139868,0.00266376,0.0142109,0.00398506,-0.0123277,0.00163046,-0.000274543,1.59E-05,2.71E-05,-0.00444016,-0.00023115,0.00166337,0.000127775,-0.000475418,0.00489984,0.00299907,0.0119278,-0.00227782,-0.00907396,0.00187344,-0.000424052,-0.00576569,0.00840988,-0.00187327,0.00100166,-0.000864977,14.4,15.5,4.5,673.2,33.6,-0.7,34.3,7.4,23.2,23.4,6.4,391,74,1,84,210,10,20,201
497,lepida,-117.67,34.46,le49800af,13,-0.00814066,-0.00350737,0.00647503,-0.0025832,0.00180707,0.0110305,-0.010458,-0.00407937,0.00606872,0.00989294,0.0078832,0.000106821,-0.00537101,0.00930074,0.00346128,0.000266409,0.00248282,-0.00310566,-0.00201546,0.00110857,-0.00896753,-0.000487261,0.00966354,-0.00201504,0.00175477,0.00236257,0.00605588,-0.000858745,-0.0151225,0.00124422,0.0025135,-0.00186402,-0.0040124,-0.00265161,0.00727339,-0.00419744,0.0101005,0.00630503,-0.00524922,0.003189,-0.00330524,0.00865204,0.00413325,0.0153066,-0.00927591,0.018659,-0.00504539,0.0276496,0.00265296,0.008367,-0.0220697,-0.00147856,0.0189566,0.00966892,-0.00517802,-0.00280549,-4.08E-05,-0.0016214,0.000392693,5.52E-05,-0.00151101,-0.00099769,1.81E-05,-0.00307205,0.00150053,-3.12E-05,0.00055396,-0.000133267,0.00192802,0.000625333,-0.00259553,-0.00619174,0.00341367,0.0047627,0.0058095,0.00477532,14.4,15.5,4.5,673.2,33.6,-0.7,34.3,7.4,23.2,23.4,6.4,391,74,1,84,210,10,20,201
498,lepida,-117.66,34.13,le49801af,13,0.0209884,0.00291767,0.00233519,-0.00685084,0.00191282,0.00102187,0.0036688,-0.00561411,0.00067428,-0.00380962,0.00372126,-0.00157869,0.00477014,0.0142769,0.00864115,0.00516984,-0.0111333,-0.00827934,0.000150979,-0.000815123,-0.00128801,-0.0026798,0.00328869,0.00152588,-0.00619833,0.00525428,-0.00968874,-0.00229215,-0.00750739,0.000470677,-0.0101642,-0.00155391,-0.00330454,0.00546098,0.00925323,-0.00424693,0.0169157,0.00118372,0.0196309,0.00880588,-0.021675,0.00368919,-0.000347826,-0.0102957,-0.00754734,0.00180095,-0.0211666,-0.0354294,4.05E-05,0.00117908,0.0113924,-0.000948384,0.0120192,-0.0224649,-0.0266059,0.00617194,-0.000631137,-0.00211253,-0.000849047,-0.00221593,-0.00691971,0.00569245,0.00252763,-0.00248884,0.00511836,0.000637912,0.0181932,-0.0016937,-0.00535825,-0.00263305,-0.00221481,0.00827028,0.010779,-0.0115925,-0.0047624,0.00672622,16.9,15.6,5,531.2,34.1,3.4,30.7,11.2,23.6,24.2,10.7,586,121,2,92,339,8,18,320
499,lepida,-114.63,34.06,le52489am,13,0.0132221,-0.00310543,-0.00791085,0.00292364,0.0183491,-0.00557671,-0.0148018,0.00164759,0.010937,-0.000195375,0.00577212,-0.000795272,-0.0135306,0.00628835,0.00254403,0.00199522,0.00559974,0.00123577,-0.000532499,-0.00379865,-0.0129952,0.00326036,0.0117438,0.00041192,0.000676038,0.00355944,0.0156303,0.00154841,-0.00191202,-0.00238798,-0.000571138,0.000565173,0.000511254,-0.00341467,-0.00929113,-0.00795438,0.00021307,0.00430298,0.0168915,-0.00411151,0.00936725,0.00299707,-0.00262051,0.00234788,-0.002959,0.0177412,-0.00935584,0.014998,0.0124464,0.00384245,0.000627713,0.0158571,0.0212234,-0.0152633,0.00358642,-0.00300855,0.000332913,-0.000712984,-0.000381271,0.000997276,-0.00383173,-0.00270577,-0.00129579,0.000422399,-0.000282262,-0.00180084,-0.00262604,0.00551953,-0.00452371,-0.00308829,0.000633974,-0.0143369,0.0051926,0.00154578,0.0182009,0.0052975,21.3,14.4,4,788.5,40.4,4.4,36,31.2,24.5,31.6,11.6,139,22,1,49,49,9,36,46
500,lepida,-114.63,34.06,le52493am,13,0.00805737,-0.00150737,-0.00439135,0.00616744,0.00498257,-0.0111785,-0.00664314,0.0062026,0.0239888,-0.0105087,0.0106403,0.00292272,-0.00621954,0.00416192,0.00803852,-0.00121436,-0.003256,-0.00351816,0.0012741,-0.000712936,-0.0132063,0.000704501,0.018832,-0.00174335,0.00373599,0.00196798,0.00655112,-0.00198668,-0.00415417,0.00282011,-0.00279675,0.000128932,-0.00856137,-0.00421809,-0.00201616,-0.00432593,0.0126015,0.00340609,0.0122602,0.00240141,0.000826413,0.00101859,-0.0216526,0.00191066,-0.00570616,0.0178559,-0.00764264,0.016236,0.00603905,0.000885113,-0.00889652,0.022864,0.0206797,-0.0112748,0.0143327,-0.00777093,-0.000355137,0.00108222,0.000316003,-0.00351685,0.0050024,-0.00225256,-0.000962047,-0.000161319,0.00101581,0.000496017,0.0047608,0.0010007,-0.00359004,0.0091291,-0.00496796,-0.00305364,0.00734785,-0.0031349,0.00743794,0.0146155,21.3,14.4,4,788.5,40.4,4.4,36,31.2,24.5,31.6,11.6,139,22,1,49,49,9,36,46
501,lepida,-117.9,34.13,le53877af,13,0.00474327,-0.0108671,-0.00269349,0.00290694,-0.000141174,-0.0137481,0.000821312,-0.00126826,0.00108698,0.000673443,0.00351729,0.014429,0.00369922,0.00377614,0.00796028,0.00116135,-0.00293694,-0.00249082,0.00205663,-0.00024888,-0.0129575,-0.00200053,0.00644137,0.000768249,0.00282569,-0.00344819,0.00107482,-0.000270025,0.000669646,0.00114083,-0.00101121,-0.000483699,-0.0115976,-0.00243438,-0.00748642,0.00333583,0.00992372,0.00178925,0.0308747,-0.0012447,0.00127641,0.00336539,-0.00121448,-0.00465642,0.00863261,-0.00107882,0.001059,-0.0156891,0.00473227,0.000500239,0.0216044,0.0285847,0.000480844,-0.00404662,-0.0231339,0.0179185,-0.000419708,-0.00335122,-0.00121267,-0.00194633,-0.00144724,-0.000268085,0.00124125,-0.0010747,-0.00107109,0.00372538,0.00796843,0.00159062,0.000109981,-0.00481355,-0.00179941,0.00413342,0.0127761,-0.0102059,0.00680765,-0.00256566,17.8,15.2,5.3,452.9,33,4.7,28.3,13,23.4,24,12.4,519,107,1,92,304,7,17,284
502,lepida,-117.1,34.38,le63732af,13,0.0174236,-0.00541851,0.0149451,-0.0050017,0.0136537,0.0132997,-0.0037,-0.0083113,0.00673215,-0.00343633,0.00110477,0.0185391,-0.00484381,0.00269897,-0.0013554,0.00116983,0.00522444,-0.00215247,4.25E-05,-0.00197751,-0.0108236,0.00618392,0.0109411,0.00250145,0.00224179,0.00477771,0.00753819,-0.00122214,-0.000937316,0.00411166,0.00185194,0.00209246,-0.00816662,-0.0029136,0.00282489,-0.00410426,0.0133882,0.00182872,-0.00450228,0.00270507,0.00297633,0.00509498,-0.00975457,0.00419153,0.00127817,0.00826826,0.00699202,0.0078252,0.00254691,-0.00214652,-0.00998614,0.0054897,0.0224481,-0.00212995,-0.00509711,-0.0188391,0.000206712,-0.00173524,-0.000506825,-0.0003551,-0.00292845,0.0035477,-0.00266468,0.000191608,0.00226239,0.00113847,0.00912603,-0.0136812,-0.00958646,0.0151476,-0.00422143,-0.0125361,0.0171157,-0.00938612,0.0134336,0.00918149,13.3,16.1,4.6,661.3,32.6,-1.8,34.4,6.4,22,22,5.4,521,92,2,77,265,20,20,259
503,lepida,-117.07,34.36,le63734af,13,0.00794251,-0.00317083,-0.0110847,0.0135175,0.00136052,-0.00588791,-0.0154241,0.00679575,0.0202658,0.00959038,0.0153962,-0.00230622,-0.0210242,0.0130339,0.00386167,0.000555358,-0.00155024,-0.00504493,-7.55E-05,-0.000464118,-0.006325,0.00364986,0.0180807,-0.00444916,-0.000176793,0.00199397,0.00318124,-0.0025195,-0.00414153,0.00369421,-0.00124103,-0.00328916,-0.00461701,-0.010574,-0.00417146,-0.00270688,0.0132185,0.00683018,0.0138661,0.0072211,0.0102533,0.00953252,-0.0109056,0.00787582,-0.00282864,0.012742,-0.00511298,0.0185378,0.00927587,0.00890778,-0.0254759,-0.000585443,0.0122473,-0.00123038,-0.00688728,-0.0130941,-0.000137534,0.000732327,-0.00065271,-0.00132868,-0.00167828,0.00398241,-0.00079157,-0.00117248,-0.00103483,-0.0016509,0.00723169,-0.00624265,-0.0104268,0.0094703,0.00205641,-0.010701,0.01533,-0.0168024,0.0149031,0.00361226,10.1,15.9,4.7,632.2,28.7,-4.7,33.4,3.4,18.5,18.5,2.7,698,125,3,78,359,31,31,353
504,lepida,-117.06,34.35,le63740af,13,-0.00135865,0.00260475,-0.00669856,0.000857269,0.00579452,0.0102549,-0.0115704,-0.011801,0.0154197,-0.00493921,0.0183117,0.00667774,-0.0261219,0.00486149,0.00803277,0.00067681,0.00223353,-0.00188747,-0.00249914,-0.00208163,-0.0191345,0.0028223,0.0115545,0.00310902,0.00171599,0.0043066,0.00347321,-0.00449887,0.0032122,0.000259304,-0.00494992,-0.00174343,-0.00884892,-0.000754111,-0.00605387,-0.00336958,0.00988648,-0.00178408,0.0222914,-0.00348791,-0.000874354,0.00943937,0.00235918,0.00608611,0.00287507,0.0160484,0.000355618,0.0154533,0.00338991,-0.0016114,-0.00356205,0.0129155,0.0262751,-0.00304003,-0.00566426,-0.0197964,-0.00021369,-0.00158473,-0.000576549,-0.000980459,0.00271764,-0.000675062,-8.87E-05,-0.000189836,-0.00176757,0.000158313,0.00304412,0.000913125,-0.00184002,0.000754678,-0.00192213,-0.00341161,0.0089492,-0.0110628,0.00832074,0.0111218,10.1,15.9,4.7,632.2,28.7,-4.7,33.4,3.4,18.5,18.5,2.7,698,125,3,78,359,31,31,353
505,lepida,-117.05,34.34,le63741af,13,0.00169074,-0.00412485,0.00397623,0.00105093,0.0109552,-0.0141155,-0.00533187,-0.00783331,0.00867723,-0.00678875,0.0104121,0.00045714,-0.0283278,0.0223633,-0.000334604,0.00100809,0.00377701,0.00224534,0.00283142,-0.00241797,-0.00705088,0.00557983,0.0146992,0.00230027,-0.00220262,0.000902918,0.0172284,0.0037952,-0.00232454,0.00336472,0.00709785,-0.00170247,-0.00236565,-0.0107476,0.00167825,-0.00183399,0.00221385,0.0062548,-0.00362639,0.00845748,-0.00581593,0.00792496,-0.00600373,0.00579344,0.000760945,0.014416,-0.000153882,0.0046628,0.00795493,0.00712769,-0.0103612,0.0114423,0.0163659,-0.00675124,-0.00510462,-0.0164987,0.000156179,0.000105584,0.000260797,-0.00314253,-0.00345422,-0.00798913,-0.0033674,-0.00103507,0.000393326,-0.000496529,-0.00170606,-0.0142584,-0.00692676,0.00518489,0.000192999,-0.016928,0.011027,-0.00374764,0.0190855,0.00777854,10.1,15.9,4.7,632.2,28.7,-4.7,33.4,3.4,18.5,18.5,2.7,698,125,3,78,359,31,31,353
506,lepida,-110.21,23.42,le94614am,13,0.00955332,-0.00261796,0.00993579,-0.00681119,0.0121982,-0.0010069,-0.0229605,-0.00950769,-0.0276372,-0.00476092,-0.0243441,0.00787403,-0.00605802,0.00464976,0.000156944,-0.0013313,-0.00435901,0.00526971,0.00218533,-0.0010865,-0.00989279,0.00267153,-0.00437606,0.00103308,-0.00242591,0.000648238,-0.00194082,0.00147924,0.00907703,9.87E-05,-0.00575422,4.34E-05,-0.00337476,-0.00168336,0.000246805,0.000579623,-0.00457893,-0.000385905,0.00243641,-0.00273057,-0.0160484,-0.00270059,0.000378457,0.00451239,-0.00139595,0.00440996,-0.00477068,-0.00479474,0.0127336,-0.00130718,0.0173921,0.0272255,-0.00412646,-0.0167608,-0.00868207,-0.0181997,-0.000564868,-0.00111767,-0.000322067,-0.00261373,0.000647107,-0.0051347,0.00181198,-0.00252532,-0.000520555,-0.00372669,0.00519782,-0.00307074,0.00160239,0.00140435,-0.000533224,0.00718734,0.00377731,-0.00904105,-0.00278873,0.00567773,22.6,13,5.9,346.2,33.5,11.8,21.7,27.6,21.1,27.6,18.8,152,38,0,97,88,2,88,26
507,lepida,-120.26,40.23,le132832am,13,-0.00231554,0.00662878,0.00705761,-0.00987728,0.000171617,-0.00429652,4.49E-05,-0.00572043,0.0043874,-0.000605956,0.0024484,-0.00737964,-0.0166769,-0.021193,-0.0020117,0.0033529,0.00514335,0.00411651,9.12E-05,-0.00285183,-0.00301871,0.00272789,0.00608329,0.00185418,0.00149369,0.000414648,0.00437254,0.00349844,0.0059154,-0.00323019,-9.30E-07,-0.000416523,-0.00448319,-0.00802859,0.00472685,-0.00495172,0.00279245,0.00573884,-0.0087092,0.0108525,-0.000671913,0.00189418,0.00887881,0.0082181,-0.00156898,-0.00460945,-0.000678793,0.00229964,-0.00471321,-0.00133055,-0.0295407,0.00561513,0.0549513,-0.00545009,-0.0323432,0.0137073,-0.000654084,-0.00403053,-0.000656052,-0.00264268,0.00746429,0.00241838,0.000471916,-0.00152633,-0.00400461,0.00133201,0.00330731,0.00315903,0.00155841,0.00139288,-0.00631954,-0.00688168,0.0178488,-0.021539,0.0167535,0.00837243,10,17.4,4.5,720.1,32.6,-5.9,38.5,1.6,19.1,19.5,1,362,61,7,58,164,29,31,163
508,lepida,-119.95,41.79,le133003am,13,0.000140232,0.00326835,-0.0141413,0.00468574,-0.0189969,0.0116444,-0.016006,-0.00202172,-0.00946757,0.00982493,0.00575503,-0.00401178,-0.0149856,-0.00422525,0.000227487,0.00272819,0.00534559,0.00497451,0.00245933,-0.00568637,-0.0106358,0.00737083,0.0060263,-0.00208404,-0.00346049,0.00160754,0.00322607,-0.00171888,0.000460724,0.00139312,0.00242734,0.00252148,-0.0031124,-0.00662424,0.00636481,-0.00714249,0.00330629,0.00574558,0.00402744,0.00531663,-0.00304463,0.00199561,-0.00241046,0.00347008,-0.0104092,0.00333094,-0.00780983,-0.0044776,0.00810964,0.000178589,-0.0189393,3.86E-05,0.0128196,0.00294772,-0.0200665,-0.00555238,-0.000613674,-0.000867013,0.000280581,-0.00704875,0.00450413,0.00433177,-0.00125591,0.00191166,0.00252615,0.00204745,0.00416316,0.00250032,-0.00720603,0.00693834,-0.00436586,-0.0195136,0.0119966,-0.00125231,0.0190671,0.0026728,6.4,15.3,4.2,697.6,27.3,-8.5,35.8,-1.1,15.6,15.7,-1.9,392,48,12,35,139,47,58,127
509,lepida,-120.65,40.54,le143025am,13,-0.000496906,0.00126619,-0.0158399,0.00244915,-0.00396086,-0.0232875,-0.0123379,0.00300276,0.0150546,-0.0129,0.00343082,0.00294675,-0.00623088,0.00622895,0.00659792,0.00233278,0.0029457,0.000692843,-0.00278382,-0.00107663,-0.00773783,0.00166587,0.00637851,0.00215125,0.00565908,0.00230143,0.00785189,-0.00232605,0.00425252,0.000893009,-0.00269958,-0.00103751,-0.00799168,-0.00435607,-0.0133274,-0.003022,0.00193049,0.000411728,0.0119884,-0.00287831,0.00441037,-0.00670514,0.0032069,0.00227269,-0.0121184,0.000528545,-0.00490757,0.0147216,-0.0110218,0.000828234,-0.0129777,0.00351736,0.0560953,0.0120238,-0.0153741,0.0312909,5.19E-05,-0.00320932,4.21E-05,-0.000868286,-0.00206981,0.00266269,-0.0025354,-0.00250121,8.48E-05,0.0048301,0.00093162,0.00267582,-0.00856252,0.00748568,0.00145379,-0.0124471,0.00616941,-0.000198135,0.00874579,0.00388985,7,16.8,4.4,698.4,28.9,-8.7,37.6,-0.8,15.9,16.2,-1.6,460,70,9,53,194,40,44,194
510,lepida,-118.34,42.91,le145110am,13,0.0150179,-0.00153996,-0.00223423,-0.00426559,-0.0165273,0.0163433,-0.00729321,-0.0130284,0.00706077,-0.00105267,0.0163714,0.0096439,-0.00994041,0.00912843,0.00677072,0.00285683,0.00797161,0.00111754,-0.00558217,9.76E-05,-0.00823821,0.00350732,0.0160276,-0.0002065,8.09E-05,0.00296348,0.00956675,0.000260951,0.00540183,0.000285925,-0.00197345,0.00436394,-0.01418,-0.00743377,-0.000854031,-0.00340481,0.0130371,0.000764088,0.00487891,0.00254599,0.00648838,0.0154042,-0.00915156,0.0109871,-0.00584571,0.00508793,0.00122834,0.00660051,-0.00599824,-0.00316457,-0.0377566,0.0141019,0.0321776,0.00307198,-0.0289607,0.0026715,-0.000195592,-0.00118062,-0.000719252,-0.00284198,0.0022212,-0.00138279,-0.00130091,0.00187513,-0.0028806,0.000467736,-0.00173097,-0.00386406,-0.00101255,0.00150503,-0.00173346,-0.0159248,0.0141462,-0.00611261,0.0244061,0.00188013,8.4,16.7,4.3,744,30.6,-8,38.6,-0.3,17.7,18.3,-0.9,251,28,9,27,77,39,49,67
511,lepida,-118.34,42.91,le145112af,13,0.01923,0.00264096,0.000416258,0.000135432,-0.00922433,0.0142554,-0.00331845,-0.00526008,-0.0007751,0.00833686,0.0269203,0.00148216,-0.0110256,0.00393243,0.0070264,0.00131203,0.0091362,-0.00151223,-0.00701299,0.000511581,-0.00970132,0.00446188,0.0134541,-0.000232495,0.00286349,0.00236144,0.00569197,-0.00364573,0.00644632,0.00418406,-0.0041132,0.00394376,-0.00575819,-0.009978,0.00170623,-0.00141717,0.00916197,0.00273397,0.000288015,0.000436377,0.0130649,0.0127261,-2.81E-06,-0.00150386,-0.0065714,0.0153527,-0.00107476,0.0214531,-0.0220361,-0.00849838,-0.0351051,0.00746404,0.0490138,0.01223,-0.0349918,0.0171548,-0.000327548,-0.00126858,-0.00112078,-0.00259364,-0.00178052,0.0072178,0.000222065,0.00105623,-0.00117379,0.002059,0.00413667,-0.000797831,-0.0030359,-0.00229314,-0.000257383,-0.017053,0.0158283,-0.00955505,0.0178429,-0.00512977,8.4,16.7,4.3,744,30.6,-8,38.6,-0.3,17.7,18.3,-0.9,251,28,9,27,77,39,49,67
512,lepida,-115.22,36.39,le147885am,13,0.00745069,0.00397561,0.0109715,-0.00178565,-0.0153712,0.00781217,-0.00176133,-0.00571588,-0.00677217,0.00172909,0.0100159,0.000930116,0.000105715,-5.44E-05,0.00520997,-0.00444286,0.0184256,0.00526362,-0.0145294,-0.00206994,-0.00738109,0.0157138,0.0191736,0.00211324,0.000761206,0.00296562,0.010466,0.00653387,-0.008672,0.00943039,0.00191423,0.00853272,-0.007214,-0.0066228,-0.00213166,-0.0118625,0.0164345,0.00411628,0.0215018,0.011956,-0.00242729,-0.00950558,-0.00337972,0.01362,-0.0113037,-0.0107412,-0.00246177,-0.0010725,0.00214462,0.00523638,-0.0259374,-0.00408162,0.00371433,0.0157297,-0.0134757,0.0124897,-7.44E-05,0.00124924,0.000248593,-0.00223115,0.000482067,0.00155802,-0.00282395,-0.00178052,0.00472121,0.00875837,0.0165736,-0.00420792,-0.0145535,0.00638302,-0.00518656,-0.0158618,0.0278802,-0.0151777,0.0225138,0.00271777,15,15.5,4.1,792.2,35.5,-2.2,37.7,6.8,18.3,25.5,5.3,176,22,5,33,57,25,45,51
513,lepida,-113.86,37.06,le147889a,13,0.0126364,-0.00290132,-0.0024992,0.00950416,0.0125617,-0.0171491,-0.0154192,0.00716566,0.0141711,-0.00930798,0.0111779,0.0019969,-0.00661742,0.0135004,-0.00110648,-0.00100741,0.00471729,0.00495792,0.00476914,-0.00378074,-0.0194338,0.00427299,0.0135203,-0.000398923,-0.00141302,0.00339175,0.014476,0.00585978,-0.00807489,-0.000905415,-0.00483294,0.000307648,-0.0116696,-0.00524844,-0.0033996,-0.00699043,-0.00163575,0.00508052,0.0131921,0.0026239,0.00687405,0.00266292,-0.00658241,-0.00130244,-0.0158884,0.0107675,-0.0176375,0.0144074,0.00932428,0.00124873,0.013342,0.00349744,0.0185746,-0.0171568,-0.00622126,0.00131551,-0.000456529,-0.000277759,-1.58E-05,-0.00469147,0.00726044,-0.000933896,-0.00113342,0.00229311,0.000162055,0.0034559,0.000842099,0.000454516,0.00155096,0.00103698,-0.00842177,-0.00727028,0.00980607,-0.00344412,0.0126035,0.0140512,13.1,16,4.1,804.6,34.3,-4.3,38.6,4.7,16.5,23.8,3.2,307,41,7,33,107,45,62,93
514,lepida,-113.86,37.06,le147890af,13,0.0196184,0.0034461,-0.00453723,0.0039065,0.00675095,-0.00491204,-0.0138947,0.00124137,-0.0044264,0.00420051,0.005746,-0.00617269,-0.0127388,0.011708,-0.00363419,-0.00267983,0.0092963,-0.00320111,-0.00507103,-0.00120902,-0.00901126,0.00677875,0.0147007,0.00293255,-0.00303207,0.00179091,0.010089,0.00450316,0.00166244,0.00577916,0.0041717,-0.00015757,-0.00851304,-0.00195076,-0.00220824,-0.00323503,0.00859752,0.00263948,-0.00455544,0.00436576,-0.00925091,0.01115,-0.0152125,0.0120334,-0.00415195,0.0172796,-0.00981921,0.0292945,-0.00921436,0.00173342,-0.0110266,-0.00146987,0.033662,-0.0110919,-0.0202211,0.01327,3.79E-05,0.000840012,0.000376971,-0.00132867,0.00236753,0.000861392,-0.00333811,-0.00354106,-0.000572437,0.00799552,0.0034724,-0.00629623,-0.00556018,0.00810243,-0.00387672,-0.010877,0.0162178,-0.0121242,0.0121795,0.00941985,13.1,16,4.1,804.6,34.3,-4.3,38.6,4.7,16.5,23.8,3.2,307,41,7,33,107,45,62,93
515,lepida,-113.86,37.06,le147892af,13,0.020347,0.00414858,0.0118785,-0.0100898,0.00472787,0.0106738,-0.00621151,-0.0061522,-0.00231769,-0.00450078,0.0116877,0.012241,-0.00684757,0.00337545,-0.00313925,-0.00306932,0.0106042,-0.000455368,0.00273236,-0.00177153,-0.010752,0.00612814,0.0158715,0.000644195,-0.00692474,-0.00304936,0.0134306,0.00231641,-0.00177963,0.00194305,-0.00222022,0.0014974,-0.0107758,-0.00207225,0.00581008,-0.00140965,0.00962453,-0.00371887,-0.00203239,0.0116484,0.000913361,0.0103718,-0.00580338,0.01079,-0.0120884,0.0171489,-0.0216166,0.0190136,-0.00043344,-0.00374725,-0.00235827,0.000894353,0.00785699,0.000147586,-0.0200204,-0.0122281,0.000210197,0.000964051,-0.000206073,-0.00191819,-7.93E-06,0.003036,-0.00302563,-0.0011035,0.000579756,0.00864547,0.00742103,-0.00709944,-0.0112332,0.00826983,0.00125205,-0.0104455,0.0156956,-0.0058525,0.01424,0.00186524,13.1,16,4.1,804.6,34.3,-4.3,38.6,4.7,16.5,23.8,3.2,307,41,7,33,107,45,62,93
516,lepida,-112.03,36.71,le147893af,13,0.00975757,0.000922452,-0.00305712,-0.00657224,0.000149711,0.0159211,-0.00697766,-0.00878865,-0.00182327,0.00644885,0.0208636,0.0063379,0.00165763,-0.00305931,0.00192039,-0.000948231,-0.00212256,-0.00561892,-0.00299874,-0.00029852,-0.00992254,0.00121201,0.00255549,0.000210257,-0.00207458,0.00902458,0.00230769,0.000578976,-0.000263205,-0.00050193,-0.00791894,-0.00257216,-0.00161249,-0.00464099,0.00397841,-0.00664933,0.0110882,0.0105747,0.019928,-0.00111112,0.00552503,0.00769223,-0.00834014,0.00387116,-0.0016095,-0.00402462,0.0092761,-0.017693,0.0110971,-0.00218266,-0.00182797,0.0145073,-0.0079959,0.00524881,-0.00713271,-0.00770553,-0.00036777,-0.00127536,-0.000524155,-0.00362595,0.00175171,-0.0019105,-0.000148535,-0.00173713,2.03E-05,0.0045075,0.00903663,-0.00520261,-0.00129985,-0.00128885,-0.00611065,-0.0082382,0.0227817,-0.0153634,0.0178976,0.00172137,11.8,15.9,4,823.8,33.1,-6.1,39.2,21.9,15.5,22.6,1.5,238,31,9,29,75,36,64,66
517,lepida,-113.44,37.13,le147900af,13,0.00584485,-0.00224821,0.0179243,0.00336497,0.000241362,-0.0174619,-0.00221951,0.00391194,-0.00132484,0.00147603,0.00116415,-0.00223911,0.000682214,0.00138826,-0.000135065,0.00207113,0.00178701,0.00101457,0.00241428,-0.00327161,-0.00806086,0.0035682,0.0118456,0.00398229,0.00570061,0.00276002,0.000748194,-0.00312275,0.000449551,0.00129804,-0.00214404,-0.00285611,-0.00737036,-0.000614533,-0.00734648,0.00121194,0.00376615,0.000198653,0.0116753,-0.00213532,-0.00388812,0.000721154,0.00615967,-0.00316328,0.00051101,0.0161107,-0.00620661,0.0207789,-0.0031252,0.00909566,-0.00199508,-0.00299316,0.021622,-0.00650086,-0.0197032,-0.0133413,-7.26E-05,-0.000213681,0.000212529,-0.003443,0.000236819,0.000372914,-0.00272783,0.00045346,0.000709282,0.00251443,-0.000402307,-0.00368022,-0.00647874,0.0120854,-0.00201553,-0.0116978,0.0039342,0.00161025,0.00614233,0.0141121,16.2,17.1,4.1,862.4,38.1,-3,41.1,7.5,20.2,27.5,5.4,236,32,6,35,87,34,46,74
518,lepida,-112.52,37.17,le147901am,13,0.0132698,-0.00137353,-0.00261173,-0.00493052,-0.0043472,0.00850597,0.0113211,-0.00248904,0.00953641,-0.0151322,0.0252416,0.00977746,0.0119591,0.00526075,0.00256083,-0.000280277,0.0184511,0.0114692,-0.0154252,-0.00224846,-0.00539609,0.014504,7.68E-05,0.0059238,-0.00435242,0.00231891,0.0100255,0.0137685,0.00221212,0.00568039,-0.0053593,0.0122296,-0.0099083,-0.00926811,0.00906337,-0.0156831,0.0139359,0.0117841,0.0155803,0.0134392,-0.00432406,0.0166933,-0.00816862,0.0119843,-0.00609624,-0.00412941,-0.000331805,0.00761028,-0.00143711,-0.00423965,-0.0120225,0.0164075,0.0173161,-0.0169929,-0.0261397,0.0219189,-7.89E-05,0.00616026,-0.000320379,-0.000647437,0.00354934,0.00782535,-0.00290348,0.00355577,0.00132416,0.0106515,0.00871583,-0.000289102,-0.00912979,0.00546171,-0.00314935,-0.0185511,0.0196253,-0.00478142,0.0178179,0.00319916,10.4,17.5,4.3,787.7,32.1,-8,40.1,2.1,13.7,20.8,0.6,355,44,12,29,118,53,79,114
519,lepida,-121.73,36.47,le154005am,13,0.00962889,-0.0109241,0.00518392,0.00373613,-0.00688719,-0.00483827,0.0136069,-0.00323659,0.00048078,0.013813,0.00746837,-0.00130998,0.00693005,0.0132277,0.00709043,-0.00373808,-0.00640998,-0.00641943,-0.0025996,0.00509793,-0.00976739,-0.00856241,-0.00951349,0.00172349,-8.06E-05,-0.00606431,0.00667288,0.00219465,-0.00310716,-0.00749534,-0.00328832,0.0012065,5.30E-05,-0.00050379,-0.00750553,-0.00610672,0.0040355,-0.00992406,0.0019679,-0.00824006,-0.00147091,0.0100666,0.00253723,0.00996885,0.00322714,-0.00190746,0.0086371,-0.0122999,-0.017717,-0.00066538,-0.0289294,0.00791022,0.035071,-0.0129739,-0.0253591,0.015261,-0.000324668,-0.000409199,-5.15E-05,-0.00319727,-0.00263389,0.00627175,0.00103116,-0.00105991,0.00211259,-0.00583402,0.0038378,-0.00715631,-0.00113363,0.0074024,-0.00186764,-0.00417105,0.00269285,-0.00140962,0.000856002,0.00106825,13.1,12,6.2,256.4,23.1,3.9,19.2,10.1,15.9,16.4,10,568,117,1,90,310,6,10,310
520,lepida,-113.14,36.4,le154006am,13,0.00187617,0.00455211,0.00755982,-0.00265866,0.00469621,0.00985551,0.0137829,-0.0117932,-0.0103342,0.00294225,0.0188975,0.00521379,-0.00701111,0.00726594,0.00741266,0.00137826,-0.00038496,-0.00127269,-0.00466095,-0.00505074,-0.0106797,0.00547602,0.00309527,0.000781908,-0.000303974,0.00356831,0.00628364,-0.00453321,-0.00305381,0.00639845,0.0025799,-0.00280961,-0.00762652,-0.00351986,0.00140475,-0.00600825,0.00655765,0.0029638,0.0130958,-0.0020069,-4.08E-05,0.027377,-0.00780901,0.0155176,-0.0140521,-0.00206505,-0.00446093,0.000874836,0.00144814,-0.00607614,-0.0132226,0.0126427,-0.00920576,0.00455888,-0.0165787,0.00922266,-0.000147692,-0.00206209,-0.00118983,-0.000161667,-0.000147195,0.0024474,-6.96E-05,-0.00171145,-0.000665297,0.00781936,0.0103554,-0.00319745,0.000389144,-0.00845352,-0.00784641,-0.0160654,0.0303495,-0.023197,0.0182135,0.00859608,8.7,15.3,4.3,724.6,28.5,-7,35.5,0.9,11.4,18.4,0.1,449,56,14,33,141,62,119,130
521,lepida,-116.78,32.64,le154007af,13,0.00874063,0.00167097,0.00789866,-0.00129901,0.00693647,0.00142502,-0.0147725,0.000374587,-0.00982003,0.00243888,0.0235437,0.0023378,0.00201311,0.00960447,0.00222639,-0.00304002,0.00502406,0.00926951,-0.00763612,-0.00187301,-0.00536525,0.00511201,0.00244907,-0.00266939,0.0035627,0.00339947,0.00726778,0.00134526,0.00842789,-9.50E-05,-0.00100448,0.00629279,-0.00484334,-0.0043221,-0.00121415,-0.00843226,0.00440085,0.00857104,0.0132844,0.00580463,-0.0105724,0.000355935,0.0117947,-0.0122246,-0.000530152,0.0245058,-0.00115817,0.00423342,-0.028347,-0.00706045,0.00705036,0.00476041,0.0243703,0.00740569,-0.0031916,0.0191641,9.17E-05,-0.000972262,-7.68E-05,-0.00109041,-0.0049821,0.000108701,-0.00100845,-0.00288882,-0.00101187,0.00233706,-0.00321257,-0.00593095,-0.00193601,-0.00450763,0.00404725,-0.00706904,0.00176523,-0.000421678,0.0040961,-0.00257525,16.7,15.1,5.5,437.2,32,4.6,27.4,11.9,22.1,22.8,11.7,355,67,2,83,189,9,14,174
522,lepida,-118.88,42.01,le157816am,13,-0.00916295,0.00420304,-0.00910217,-0.00163776,0.000345422,0.00965586,0.00298737,-0.0111019,0.00122921,-0.00853632,0.0176791,0.0141984,-0.00252504,0.00728809,0.00287585,-0.00080352,0.00670535,-0.00406634,-0.00246244,-0.00105745,-0.00915312,0.000228267,0.00822377,-0.00209323,0.00116318,0.00156976,-0.000835239,-0.0051263,-0.00303651,0.00776856,0.00255855,0.00718014,-0.0156823,-0.00786334,-0.00127865,-0.00293162,-0.00100394,0.00574752,0.0100594,0.00039316,0.0136075,0.0119417,-0.00221799,0.00513506,-0.0126825,-0.00336679,-0.00622397,-0.0106117,-0.0151573,-0.00976747,-0.0205371,-0.00427,0.0410686,-0.00552372,-0.0198051,0.0323415,-0.000264897,-0.000313426,-0.00140939,-0.00141944,-0.00660541,0.00838859,-0.000175766,0.00136848,-0.00133348,0.00264869,0.00270679,-0.00272297,-2.89E-05,-0.00302095,-0.00396051,-0.0224,0.0206099,-0.00971136,0.0216695,-0.0004115,8.1,17.4,4.4,756.2,30.9,-8.5,39.4,11.2,17.7,18.3,-1.1,224,26,9,25,68,38,47,58
523,lepida,-119.01,42.1,le157817af,13,0.00747369,0.00302911,-0.000771913,0.00150833,-0.00614284,0.0137887,-0.00334291,-0.00601777,0.00481175,0.0132565,0.0157834,-0.000521262,-0.0105703,0.00114366,0.00365527,0.000632062,0.0023404,-0.00130687,3.76E-05,0.00153392,-0.0111683,0.00460812,0.00960055,0.00257686,-0.00199015,0.00378261,0.00456429,-0.000217514,0.00351162,0.00419446,-0.00589629,-0.00314132,-0.0117449,-0.00796722,0.00700734,-0.00287525,0.00923145,0.00721612,0.00394016,0.00212348,-0.00136577,0.00515241,0.00142139,0.00585895,-0.013974,0.0014954,0.00328781,0.00925874,-0.0166889,-0.0076031,-0.0218467,-0.0102335,0.0281615,-0.000190268,-0.00927353,0.032904,-0.000338065,-0.00150509,-0.000300045,-0.0024103,0.00246797,0.00394965,-0.000414688,-0.00246175,-0.00144564,0.00223983,0.00585863,-0.000633445,-0.00454839,0.0085497,-0.000756492,-0.0115934,0.0160055,-0.00958673,0.0157357,0.000291871,6,16.6,4.4,716.7,27.9,-9.8,37.7,-2,15.2,15.6,-2.6,289,32,12,24,88,48,58,77
524,lepida,-114.828,32.612,le136648af,13,0.0165898,-0.00866313,-0.0124825,0.00792314,-0.00653996,0.0103685,-0.00324872,0.00337348,0.0129836,0.00337004,-0.00405165,0.00570213,-0.0066231,-0.0113867,-0.00118717,0.0051302,-0.00533238,0.00236906,0.00908307,-0.00347203,-0.0161116,0.00259378,0.012603,0.00417737,-1.29E-05,0.00381126,0.00180799,0.000954486,-0.00925477,-0.00118594,0.00178897,0.00264616,0.00486867,-0.00326614,0.00473861,0.000518642,0.00596629,0.00107379,-0.0017292,0.00885019,-0.0113943,-0.0116015,-0.00549237,0.0114912,-0.00975556,-0.00601378,-0.000698157,-0.000558254,8.54E-05,-0.010968,-0.0140444,0.00755293,0.0145503,-0.00152409,-0.0362521,0.000578198,2.02E-05,-0.00260469,0.000230886,-0.000689907,0.000825199,-0.00485636,-0.00140584,-0.00338838,-0.00144186,0.000940505,-0.00310342,0.00165579,-0.00144182,-8.75E-05,-0.000177884,-0.00637186,0.00389278,-0.00318168,0.00894709,0.00436446,22.7,17.6,4.8,718.8,41.6,5,36.6,28.9,25.3,31.9,13.6,67,11,0,58,26,2,23,25
525,lepida,-120.624,39.607,le136996am,13,0.0215523,-0.000380838,0.00235579,-0.0028909,0.0142718,0.00361714,-0.012908,-0.00926733,-0.000601885,-0.000452144,0.00424813,0.00501696,-0.00150273,0.00145005,-0.00448969,-0.00389583,0.00632727,0.0065812,0.00877257,-0.00390382,-0.00962531,0.00362755,0.00597256,0.000588137,-0.00620501,0.00469162,0.0119025,0.00637671,-0.00631958,-0.000497198,-0.00284163,0.00156783,-0.00315832,-0.00879427,0.0058251,-0.00350897,0.012207,0.0099885,9.38E-05,0.00728076,0.00236188,0.00535837,-0.00746645,0.00352736,-0.00346719,-0.00140666,-0.000842392,0.00506603,-0.00751944,-0.0102291,-0.00330108,0.0109438,0.0218785,0.00251091,-0.0131728,0.0149099,8.20E-05,-0.0014176,0.000680336,-0.000289353,0.00272994,0.00178657,-0.00212044,-0.00491334,0.00269024,0.00411478,0.00553417,-0.00604222,-0.00696435,0.00620072,-0.000502438,-0.00904954,0.00990825,-0.00253325,0.00849143,-0.00447498,7.2,14.7,4.4,630.7,26.2,-6.5,32.7,0.8,15.5,15.6,-0.1,1195,208,9,74,578,48,52,569
526,lepida,-117.289,34.108,le348296am,13,0.0284339,-0.000396714,-0.00143322,0.0041172,0.000142988,0.00529077,-0.00538619,-0.00424008,0.000153366,-0.0102261,-0.0200224,0.00696254,-0.022432,-0.0097781,-0.00334204,0.00132557,-0.000808827,0.00670374,0.0091661,-0.00331581,-0.00488387,0.00509637,0.0123735,0.00198877,0.00660221,0.0046176,-0.00128231,0.000794902,0.00151898,0.00116618,-0.00728172,-0.000419405,-0.00182124,-0.00323303,-0.00977434,-0.00482422,0.00651774,0.00519582,0.00564995,0.000660812,-0.00231115,-0.00697512,0.0056557,0.0133372,-0.00227309,0.00678067,0.00132452,0.0024346,0.00232843,0.00642958,0.00622477,0.0201552,0.0530944,0.00577402,-0.0226132,0.0227469,3.61E-05,0.0014746,5.31E-05,0.000572506,0.00186804,-0.00220728,-0.000508769,-0.00290367,-0.000679401,0.00109595,0.0056102,0.000103303,-0.00385561,0.000616484,-0.00146346,0.000136572,0.0101168,-0.0139884,0.00549082,0.00559555,18.1,16.1,5.1,526.5,35.4,4.1,31.3,12.5,24.7,25.3,11.8,296,60,2,85,162,8,13,157
527,lepida,-117.289,34.108,le398298am,13,0.028125,-0.00523195,-0.014913,-0.00343629,0.00605374,0.00515295,0.00477549,-0.00426684,-0.00560269,0.00375685,0.00054653,0.0099923,-0.00815187,-0.0177621,-0.0086627,0.00249797,0.00475455,0.00657156,0.00687709,-0.00352611,-0.0107593,0.00500765,0.0074973,0.000719134,0.00149396,0.00144311,0.00430881,-0.000841802,0.00156975,0.00044775,-0.00206937,0.00112607,0.00201049,0.00133505,-0.00379205,-0.00286041,-0.001933,-0.000530401,0.0193476,-0.000813163,-0.0238756,-0.0168515,-0.0225757,0.0184905,-0.00764772,0.0352543,0.00186667,0.0216277,0.00530352,0.0066857,-0.00239782,0.00188526,0.0156982,0.00488362,0.00731967,-0.00141151,0.000272032,-0.00101201,-0.000101864,0.00133904,0.000189872,-0.00727706,-0.00310696,-0.00101972,-0.000774394,0.00225974,0.000175799,0.00034917,-0.0110445,0.0105937,0.00573262,-0.00146903,0.00125411,0.00405632,0.0082604,-0.0068524,18.1,16.1,5.1,526.5,35.4,4.1,31.3,12.5,24.7,25.3,11.8,296,60,2,85,162,8,13,157
528,cinerea,-112.44,42.87,c6750af,14,-0.00406942,0.00505902,-0.003653,0.0029968,-0.015734,-0.000834625,0.00491498,-0.00264602,0.011107,0.0136103,-0.0192733,-0.0162725,0.0195579,-0.00453422,0.000733524,-0.000496992,0.00268046,-0.00521124,-0.00399167,-6.14E-05,-0.0023741,0.000419963,-0.0036662,-0.00386473,-0.000137554,-0.00318972,0.00318687,-0.00123652,0.00101035,0.000650078,-0.00304758,-0.00629858,0.00810814,0.00213692,-0.00285097,0.00141488,-0.0118075,-0.00045467,-0.0165005,-7.24E-05,-0.0064968,-0.00787056,-0.00042521,0.00588798,0.0102865,-0.0109952,0.00851114,-0.0168515,0.0033879,-0.0021917,0.00375917,-0.0107624,-0.0284002,-0.0103832,0.016678,0.0178193,-0.000122424,0.000212292,0.00111545,0.000198843,0.000568369,0.00848279,0.00113469,0.00202803,0.00496606,-0.00645343,-0.00107493,-0.00538059,-0.0025242,0.00461439,0.00641653,0.0186377,-0.0197952,0.0157117,-0.0168529,-0.0217999,7.6,14.7,3.6,883.7,30.6,-10.1,40.7,6.8,18.4,19,-3.9,319,37,17,20,98,57,64,81
529,cinerea,-105.23,41.41,c15734am,14,-0.0133019,4.23E-05,-0.00863096,0.0150339,0.00521545,-0.00414495,-0.00361672,0.00941789,0.00165268,0.000700935,-0.0170437,0.00178765,0.0249313,-0.0104282,-9.43E-05,0.0021079,0.00566769,0.00290815,-0.000652235,-0.000512547,0.0144855,-0.0046508,0.00543503,0.00138273,-0.00319491,0.00155047,0.0189637,-0.000157967,-0.00620468,-0.00246435,0.00970524,0.00165077,-0.00204926,0.00245708,-0.00868572,-0.000171103,0.00525553,0.00104483,-0.0181163,-0.00649636,0.00985416,-0.0056942,0.0100899,-0.00106557,0.0103913,-0.0175827,0.00978304,-0.0242423,0.0112446,0.005796,0.0187168,0.00851061,-0.015193,-0.00781421,-0.0043557,-0.0053672,0.000290821,0.00182225,0.00196556,0.000193346,0.00265964,-0.00604745,-0.00311103,-0.00205648,0.00206932,-0.00319013,-0.0110583,-0.0132751,-0.00629489,-0.000167215,0.00879858,-0.000908262,-0.0177567,0.0170073,-0.000406077,-0.0142128,5.5,14.7,3.9,796.9,26.3,-10.9,37.2,13.5,-4.1,16.2,-4.1,374,60,12,50,163,37,141,37
530,cinerea,-103.66,41.69,c15746a,14,-0.00507917,0.00112288,0.00988242,-0.000316786,0.00899486,0.00853735,0.0135122,-0.0023363,-0.0066082,0.00641698,0.0330664,-0.00234234,0.027028,0.0158017,0.00536998,-0.00328894,0.00843719,-0.000650356,-0.0105697,0.00451192,0.0108684,0.00634129,-0.00352319,0.00033273,-0.00295327,0.00353936,0.00108739,-0.00127608,-0.00299064,0.00379576,0.00393287,0.00415356,-0.00634911,-0.000246721,0.0102558,-0.0068375,0.0164265,0.00102125,-0.0164479,0.00165278,0.0122739,0.0216249,0.0121633,0.0120504,-0.00640388,0.0195087,0.00936563,0.00120032,-0.00613918,0.00511448,-0.00761394,-0.00526954,-0.029354,-0.00909178,-0.00592132,0.0146231,-0.000307306,0.000231059,-0.000115169,-0.00220324,-0.00102136,-0.000695036,0.00146367,3.52E-05,0.00563625,-0.00224661,0.0131201,-0.0037711,-0.00732781,-0.00748947,0.00104149,-0.00326499,0.0075261,-0.00373936,0.00331243,-0.00965778,8.4,16.1,3.8,901.6,30.7,-11.2,41.9,17.8,-2.8,20.4,-2.8,397,73,10,64,199,31,161,31
531,cinerea,-109.58,41.01,c17236af,14,-0.0198526,-0.00284623,0.0111115,0.00485934,-0.0114355,0.0216022,-0.00785852,-0.0101893,0.000618897,-0.00270531,-0.0150965,-0.0263436,0.0194284,0.015333,-0.000348849,-0.00323929,3.75E-05,-0.00447404,0.000273945,0.000652862,0.0124421,-0.00218935,-0.00572127,0.0022621,-0.000395214,0.00437474,0.0102672,0.0051371,-0.00693049,0.00185533,-0.00143663,-0.0076782,-0.000197349,0.00822796,-0.0101006,0.00605823,-0.00987865,0.0130456,-0.00580758,0.0147129,-0.00576345,-0.00430449,-0.0081104,-0.00680565,0.00255765,-0.021379,0.0105446,-0.0290457,0.00801708,-0.0125304,0.0226421,-0.00854397,-0.0183417,-0.0309993,0.00698218,-0.0178408,0.000301984,-0.000671441,0.00106232,-0.0014398,-0.000812303,-0.00594033,-0.0021,-0.00174755,0.000314974,-0.000819462,-0.0134578,-0.00787409,-0.00477198,0.00243349,0.00998432,0.00798283,-0.0207318,0.0222786,-0.00247652,-0.0170958,6.9,16,3.7,895.9,29.9,-12.5,42.4,11.2,-4.6,18.5,-4.6,242,32,9,34,87,32,68,32
532,cinerea,-120.97,56.29,c21327af,14,0.000759995,-0.00467329,0.00579036,-0.003951,-0.0115709,0.0146309,-0.00537611,-0.0053722,-0.0191557,0.0065958,-0.0308897,0.00302337,0.0378336,-0.0115142,-0.0017832,0.00356035,0.00178002,-0.000837632,0.000376977,-0.00279125,0.0110147,-0.0044065,-0.0047699,-0.00456011,-0.000640926,5.71E-05,0.0111816,-0.00420079,-0.00604357,0.00116555,0.00467738,-0.00190032,0.0133117,0.00636877,-0.0122227,0.00392501,-0.0119029,-0.000601644,-0.0194383,-0.000459574,0.00396131,-0.0190831,-0.0042858,0.00085232,-0.00287691,-0.00926595,-0.0112048,0.00334383,0.0106891,-0.00854697,0.0203199,-0.00214855,-0.0277917,-0.0198485,0.0091192,0.00921761,0.000157904,8.22E-05,0.000764661,-0.00132002,0.00389712,-0.00417438,-0.00120611,0.00165227,-0.00221476,-0.0012673,-0.0119655,-0.00414968,-0.00163338,-0.00358472,0.00885092,0.0110088,-0.0164663,0.012968,-0.000619003,-0.029384,1.4,10.2,2.5,1077.8,21.3,-19.3,40.6,14.3,-4.7,14.3,-13.1,474,78,21,46,205,71,205,84
533,cinerea,-120.97,56.29,c21329af,14,0.0248359,-0.00708792,-0.00699355,-0.00262209,0.0193697,0.00391164,0.00667643,-0.00598776,-0.0301806,0.00509957,0.00113584,0.00439238,0.0200334,0.00076763,0.0106584,0.00411703,-0.0014104,-0.0057153,-0.00649921,0.00558333,-0.000836077,0.00335298,-0.0038643,0.00163863,-0.0110356,-0.0008995,0.00572292,-0.00937779,-0.00197007,0.00698268,0.00821989,-0.00253456,0.00306316,0.00708811,0.0169113,-0.00362963,0.0041799,-0.0074881,-0.0274063,-0.00419043,0.00212835,0.0171947,0.00548532,0.00210445,-0.00811328,-0.00582035,0.0104476,-0.00884104,-0.0169148,-0.0212606,-0.0201201,-0.0290723,-0.0223046,-0.0121703,-0.00797282,0.0206485,-0.00015737,0.000979997,0.000212856,-0.00250446,0.000803967,0.00898725,-0.0016706,0.00371857,0.00175544,-0.000436677,-0.000184815,-0.00229331,-0.00864696,0.00440045,0.00381076,-0.0167832,0.000559399,0.00686828,0.0123108,-0.0108551,1.4,10.2,2.5,1077.8,21.3,-19.3,40.6,14.3,-4.7,14.3,-13.1,474,78,21,46,205,71,205,84
534,cinerea,-104.06,41.15,c26065af,14,-0.00859159,0.00133846,-0.00534237,-0.00467344,-0.00133489,0.00524997,0.0192494,-0.00571737,-0.000639986,0.0136584,-0.0161604,-0.00453479,0.0357394,-0.0116972,0.00101337,9.38E-05,-0.00123651,-0.00384447,0.00343961,-0.000427894,-0.00114507,-0.00194698,-0.00941667,-0.00300401,-0.00431424,-0.00222012,0.0180059,-0.000561649,-0.0123082,0.000585933,0.00451962,-0.0028396,-0.00176921,0.00502602,-0.0157472,-0.000558098,-0.00949668,0.00127618,-0.0156459,-0.000516645,0.00441791,-0.0099763,0.00509125,-8.37E-05,0.0153287,-0.0207043,0.00460465,-0.0188651,0.00332919,0.00260483,0.0166967,-0.0184723,-0.0140521,-0.0260905,0.00417278,0.0171748,-0.000117986,-0.000318314,0.00098024,-0.00136698,0.00615159,0.00222646,-0.000417843,0.00104857,0.00264425,-0.000163728,-0.00343133,0.000164585,0.00167447,-0.000900421,-0.00167078,0.00729352,-0.01098,0.0080838,-0.00790745,-0.000738247,7.9,16.8,4,867,30.5,-11.1,41.6,16.7,-2.8,19.4,-2.8,401,68,7,65,198,27,176,27
535,cinerea,-107.55,40.74,c29197af,14,-0.00989059,0.000803035,-0.0088353,0.0115404,-0.00577625,-0.00240425,0.00959784,0.00231789,-0.0154806,0.0014631,0.0108064,0.0043062,0.0299235,0.00684707,0.0102751,0.00261232,-0.00466529,-0.000984574,-0.00642227,-0.00336445,-0.000146135,0.00126843,-0.00115062,-0.00158774,-0.000893148,0.00375016,0.0123235,-0.00733941,0.000930065,0.00444259,0.00824661,0.00367756,0.00245939,0.000843101,-0.00485021,-8.68E-05,0.00353246,0.00171468,-0.0197387,-0.00424023,-0.00245526,0.00605828,0.0100422,-0.00208591,-0.00348984,-0.00369928,-0.000826477,-0.00614473,-0.0156322,-0.00839248,0.00286442,-0.0155018,-0.0284917,-0.019037,0.00839208,0.00981254,0.00029401,-0.000584009,0.000813285,-0.000523488,0.00141837,-0.000384987,-0.0013221,0.00107907,0.0028229,0.0040329,-0.000302932,-0.00979538,-0.00678544,0.00214065,0.00606196,-0.002842,-0.00718376,0.014038,-0.00523394,-0.0128151,5.1,17.3,3.9,919.2,28.8,-15.4,44.2,4.3,-5.1,16.9,-7,393,38,26,12,109,86,94,87
536,cinerea,-107.55,40.74,c29200am,14,0.0141063,-0.004301,-0.0184287,0.0106896,0.00115342,-0.0196696,0.0178769,0.00844197,-0.0164608,-0.00722409,-0.0223412,-0.000968423,0.0254635,-0.00400227,0.00388381,-0.00264942,-0.0133422,0.000741573,0.000633847,0.000286897,0.0117203,0.000328203,-0.00843754,0.00245136,-0.00589009,0.00419713,0.00378584,0.00141019,-0.000774958,0.00107879,0.00468749,0.00112868,0.0152619,0.00553039,-0.0215276,-0.00349088,-0.0167429,0.00121882,-0.0059533,-0.00560125,-0.00820984,-0.0200502,0.00176338,-0.00905007,0.00975482,0.012649,-0.00190466,0.013364,0.000654252,0.009112,0.0205384,0.000524852,0.000696887,-0.00783515,0.0186608,0.0176073,0.000248014,0.00141783,0.00123761,-0.00173537,-0.00164226,-0.00159368,-0.00132473,0.000720719,0.00191339,-0.00469255,-0.0139116,-0.00358564,-0.00192349,0.00630029,0.00725422,0.0196618,-0.0274341,0.022499,-0.00946828,-0.0115344,5.1,17.3,3.9,919.2,28.8,-15.4,44.2,4.3,-5.1,16.9,-7,393,38,26,12,109,86,94,87
537,cinerea,-106.86,38.82,c29207zm,14,-0.0199821,3.11E-05,-0.00156654,-0.00188523,-0.0113807,0.0118054,-0.00395945,-0.00184445,-0.00758858,-0.00328219,-0.0127692,0.0145841,0.0266094,-0.00690337,-0.000711234,0.000802733,0.011362,-0.00647361,-0.00135627,0.00350232,0.00225951,-0.00607329,0.0120142,0.00010267,0.000936445,0.00134716,0.018762,-0.00466126,0.00435165,0.00150533,0.00500073,-0.000935095,0.00448216,0.00475491,-0.00540803,0.00155833,-0.0130644,-0.00115128,-0.00135147,-0.00576918,-0.0105456,-0.0114698,0.00798474,-0.0108977,0.00912964,0.0133888,0.0108912,0.0064489,0.00421938,0.00818965,0.0124269,0.00851452,-0.0360881,0.00198256,0.0221354,-0.00792772,0.000220842,-0.000834659,0.00149042,-0.00128867,0.0032357,-0.0101496,-0.00176666,-0.000627204,0.00296086,-0.0019615,-0.00524741,-0.0116489,-0.00605956,-0.001955,0.00720281,-0.00128992,-0.0130061,0.0178327,-0.00223337,-0.0199663,0.2,17.3,3.9,880.9,21.6,-21.8,43.4,10.7,4.1,11.2,-11.4,534,55,30,17,150,104,136,149
538,cinerea,-106.72,38.11,c29222am,14,0.00409478,-0.00118737,0.00167151,-0.0014062,-0.000526573,0.000316228,0.0066303,-0.00228418,-0.00466429,-0.00632893,0.00980694,0.00601456,0.00780955,0.00221174,-0.00350365,-0.00172865,0.00681448,-0.00520536,-0.00141448,0.00173864,0.0137934,-0.00210844,0.00306936,-0.000734173,-0.00132397,0.00253153,0.000988939,-0.00123699,-0.00233677,0.00464429,-0.00194678,0.00244523,0.00221207,-0.0009407,0.00437313,-0.000654269,-0.00586443,-0.00206219,-0.00455388,-0.00734898,0.00144612,0.00763811,0.00629278,-0.00420493,0.0120117,-0.00149873,0.011111,-0.00838221,-0.00117182,-7.17E-05,0.00532546,-0.0140336,-0.0229161,-0.00414168,0.0219711,7.97E-05,9.70E-05,0.00120042,0.000440284,-0.00106519,0.00181264,-0.00344887,-0.00193344,-0.000983402,0.000431837,0.00123808,-0.000653916,-0.000912215,-0.0105286,0.00235135,0.00822389,-0.00832763,-0.0028099,0.00264805,0.00156729,-0.010532,-0.1,16.4,4.1,811.2,19.8,-20.1,39.9,9.7,3.4,10.2,-10.5,636,73,33,20,197,117,174,158
539,cinerea,-107.82,44.83,c32710af,14,-0.00498346,-0.000205201,-0.00681441,0.00951775,0.000267139,-0.0125626,0.00670528,0.0072495,-0.00863278,0.0020229,-0.0135179,-0.00112273,0.0316837,-0.0014417,-0.00370685,0.00184126,0.00186668,-0.000791405,9.47E-05,0.000178894,0.000492433,-0.00688717,-0.010789,-0.00480922,-0.00229116,0.00139093,0.0100993,-0.00345808,-0.00147169,0.000920954,0.00180622,-0.00416963,0.010134,0.00468044,-0.00607849,0.00425702,-0.0108535,0.0040537,-0.0129159,-0.000879235,-0.007693,-0.0168839,-0.00579999,0.0120069,0.0147026,0.00807046,0.0134121,-0.00598627,0.00276295,0.0050234,-0.00485295,-0.00412626,0.00268472,-0.0106109,-0.00673334,0.0103918,-6.75E-05,-0.000631936,0.000638134,-0.000160613,0.00252792,-0.00476341,-0.00149675,-0.00230405,0.000220826,-0.00331675,-0.00602916,-0.0040097,-0.00359502,0.00776577,0.00633675,0.0097452,-0.0130984,0.009202,-0.00583078,-0.00723912,-0.9,13.3,3.8,748.7,19.1,-15.9,35,1.5,-9.5,9.3,-9.5,612,73,37,26,216,115,161,115
540,cinerea,-105.17,44.82,c32712am,14,0.00324888,-0.0053589,0.00177792,0.00979231,0.0116232,-0.00426355,-0.0140805,0.00391123,-0.0163867,0.00407902,-0.0264337,-0.000343389,0.0159348,0.0115715,0.000436503,-0.00279764,0.000426066,-0.00166032,0.000693431,0.00197417,0.0149086,-0.00132787,-0.000752044,0.0021311,-0.00741903,0.00138025,0.0198445,0.00193201,-0.00573347,0.000828085,0.00853624,-0.00150266,0.0105794,-0.00109408,-0.00752834,-5.99E-05,0.00491401,0.00425107,-0.0227274,0.00105269,0.000215352,-0.00347259,0.0064794,0.0056613,0.00721118,-0.0160616,0.0012293,-0.00435809,0.0109603,-0.00760837,0.0169588,0.0152073,-0.0400604,-0.0374013,-0.0133201,0.00640336,0.000472749,-0.00260291,0.00061159,-0.00330151,-0.00417813,-0.00263004,-0.00268308,-0.000705833,-0.000927612,-9.02E-05,-0.0112229,-0.0106811,-0.00897134,0.00128185,0.0127035,-0.00530833,-0.0146426,0.0143979,0.00121728,-0.0171066,6.8,15.6,3.5,970.1,30.2,-14,44.2,16.6,-5.7,19.4,-5.7,373,70,10,62,178,35,139,35
541,cinerea,-113.37,48.29,c33992am,14,0.0062134,0.00156931,0.00641625,-2.67E-05,0.000442253,0.0110366,0.0124117,-0.00801031,-0.00165384,0.00897788,0.0035871,0.00327172,0.00284517,0.00534481,0.00375922,-0.00250675,-0.00301288,-0.0022045,-0.00649258,0.00248123,0.011571,0.00482541,-0.00163629,0.000206107,-0.0090066,0.00602772,-0.00160663,-0.00444052,0.00270262,0.00125783,-0.00245479,-0.00718066,0.00499052,-0.000243634,0.0164227,-0.00560141,0.00487331,0.00327054,-0.0279326,-0.0100106,0.00533047,0.019556,-0.0016493,-0.0067008,0.00674055,-0.00884713,0.00822452,-0.0302251,-0.0114721,-0.019356,-0.00766211,-0.0108075,-0.00661641,-0.015368,-0.0102938,0.00993213,-0.000339347,0.00161913,0.000417508,-0.00363734,0.00173419,0.00736502,2.59E-05,-0.00185663,3.46E-05,0.000161015,-0.00081069,-0.0026294,-9.70E-05,0.00464888,-0.000293432,-0.0040586,0.000509531,-0.00200114,0.00142854,-2.59E-05,2.5,12.9,3.6,764.2,22.4,-13.4,35.8,-6,11.9,12.5,-6.9,699,79,41,20,205,142,169,196
542,cinerea,-106.84,38.7,c34822af,14,-0.00536826,-0.00557994,-0.000816197,0.00644913,-0.00731765,0.00209625,-0.0049958,-0.000433287,-0.0048814,-0.00432418,-0.0283784,0.00200731,0.0268934,-0.0064775,0.00693615,-0.00144941,-0.0025976,-0.00348613,-0.00203194,0.00430752,0.00708713,-0.00398998,0.0112846,0.00171623,-0.00260604,0.00429147,0.0131601,0.00287584,-0.00679665,0.00171946,0.00381603,-0.00181145,0.00420341,0.00110496,-0.0113234,-0.00138279,-0.0120364,0.00844233,-0.00721996,0.00145146,-0.00697228,-0.0140044,0.0091353,-0.0173606,0.00757019,0.0300829,0.00317837,0.0353761,-0.0283428,0.0050914,-0.0178506,-0.0294081,0.00604628,0.00867546,-0.000300394,0.0131055,-3.54E-05,-0.000671794,0.00120738,-0.00269412,0.00672304,-0.00893838,-0.000837821,-0.000823068,-0.0019378,-0.00267828,-0.0157687,-0.00313371,0.00812121,-0.00371537,0.000721426,0.0093674,-0.015978,0.0144687,0.000141482,-0.0117939,1.9,18.8,4,935.1,24.8,-21.7,46.5,12.8,6.5,13.4,-10.8,417,47,24,19,128,81,115,112
543,cinerea,-112.71,47.88,c42591af,14,-0.000482843,-0.00612938,-0.000812285,0.00781792,-0.010258,-0.000683166,0.0186543,0.000622955,-0.00565031,-0.00572044,-0.0299128,0.00982928,0.0151291,-0.00292608,-0.00258808,0.000851298,0.0112228,-0.00689424,-0.00451494,0.00291829,0.000774178,-0.00249765,-0.00259385,-0.00237038,-0.00182246,-0.00345805,0.00465821,6.64E-06,0.00334047,-0.000723447,0.000195695,-0.00646396,0.0126537,0.00410289,-0.0084169,0.000417933,-0.0113574,-0.00143204,-0.0116107,-0.00470066,0.00161484,-0.00344015,-0.00369367,0.00194326,0.0122349,-0.00150621,0.000190344,-0.00738537,0.00508334,-0.00461904,-0.0057142,-0.00375897,-0.0143783,-0.0361658,0.00307289,-0.00880655,5.43E-05,-0.00184482,0.000363194,-0.00181595,-0.00126481,-0.00492447,0.000189211,0.000210159,-0.000781545,-0.0042038,-0.00829048,-0.0111378,-0.00183842,0.000453126,0.0101965,0.00951406,-0.015254,0.0146266,-0.00286376,-0.0274463,2.8,13.4,3.7,763.2,22.7,-13.4,36.1,6,-1.7,12.8,-6.6,535,77,30,32,195,102,165,108
544,cinerea,-115.5,40.16,c47229af,14,-0.00859189,0.000240054,0.0233284,-0.000619693,-0.00190468,-0.00682352,-0.00062109,0.00224353,-0.000844306,-0.00892488,-0.0283393,0.0163179,0.0159712,0.00119157,0.00278932,0.00156465,-0.00193025,-0.00153933,-0.00240632,-0.00052287,0.00296905,0.000888663,0.00687094,-0.00140916,-0.00210296,-0.000789683,0.00539196,-0.00219289,-0.00564016,-0.00565279,-0.00278868,-0.00721974,0.00353039,0.00570541,-0.0113747,-6.95E-05,-0.0115328,-0.00779514,-0.0206518,-0.00935313,-0.00274659,-0.0079024,4.49E-05,0.00187048,0.00433127,-0.022021,-0.000439711,-0.00997021,-0.00152299,-0.00547912,0.00463691,-0.00503263,-0.0344188,-0.0197335,0.00386192,0.0335374,-0.00015831,-0.00103178,0.000267108,0.00212998,0.00126602,-0.00365737,-0.001066,-0.00344271,-0.00478504,0.00105837,-0.0194833,-0.00509986,0.00555784,0.000213615,0.00966001,0.0159047,-0.0201827,0.0167205,-0.00403208,-0.0257099,7.2,16,4,802.4,29.6,-10.3,39.9,5.6,17.4,17.9,-2.6,358,38,16,23,109,59,66,99
545,cinerea,-115.5,40.16,c47237af,14,0.011034,0.000483971,0.0255565,0.00141994,-0.00165392,-0.0107728,0.00309452,0.00212938,-0.00294762,0.00420774,-0.00513558,-0.00481185,0.0160792,0.00726366,0.00308487,-0.000191553,0.00453998,-0.00586307,-0.00494554,-0.00161042,0.00280533,0.00200973,0.0137664,-0.00126023,0.00284448,0.00146836,0.00548535,0.000159264,-0.0017482,0.00232509,-0.00178608,-0.00805015,0.0107046,-0.000837903,-0.00292506,-0.00251606,0.00311159,0.000246017,0.0100475,0.00398136,0.0115171,-0.00423334,0.00152476,0.000422457,0.0151837,-0.0237308,0.0150989,-0.0256035,-0.0135334,-0.00621889,-0.022734,-0.011568,0.0104134,0.0119139,-0.00511342,0.0105736,1.28E-05,0.00205924,-0.000177996,-0.00131998,-0.00111638,0.00694423,-0.000494951,-0.00041133,-0.000798956,-0.00205723,0.000960787,-0.00780384,-0.00415562,0.00768815,0.00344724,0.00336495,0.00129939,-0.00363729,0.00585173,-0.00541419,7.2,16,4,802.4,29.6,-10.3,39.9,5.6,17.4,17.9,-2.6,358,38,16,23,109,59,66,99
546,cinerea,-116.54,45.18,c47241af,14,0.0253001,-4.75E-05,-0.000796728,0.0067544,0.00762712,-0.0280607,0.0129129,0.0120514,-0.0234451,-0.00998236,-0.0317352,0.00893866,0.0279596,0.0112684,0.00503657,0.000418563,0.00278974,-0.00789345,-0.0070287,0.00475665,0.00900257,-0.00434705,-0.0045733,-0.00625436,-0.00117165,0.00148209,0.00853769,-0.00182536,0.00396331,0.00326058,0.0013886,-0.00256099,0.00404541,0.00477246,-0.0132246,0.00290786,-0.0177072,0.00264645,-0.014842,-0.0177401,0.000469859,-0.0109523,0.00715818,0.000480043,0.00863901,-0.0104936,-0.00200886,0.00344952,0.00976303,-0.00107735,0.0137376,-0.0103684,-0.0304771,-0.0172299,0.0087494,-0.00149398,0.000434586,-0.00132306,0.000913467,-0.00174814,-0.00621979,-0.00619697,-0.00219498,0.00173693,0.00192849,0.000117265,-0.0130726,-0.00118465,-0.0146733,0.00348912,0.0179022,0.0100064,-0.0307647,0.031921,-0.0106235,-0.0295411,1.3,15.2,4,725.5,22.6,-14.6,37.2,-6.6,10.5,10.8,-7.7,724,92,26,32,257,102,121,247
547,cinerea,-116.86,44.76,c47251af,14,-0.0196553,-0.00353479,0.0103723,-0.00218816,-0.000525818,-0.0192536,0.00776041,0.00725333,-0.00145613,0.00200871,-0.00288752,0.00269846,0.0196829,0.00346829,0.00104211,-0.00220203,-0.00293649,-0.00128498,-0.000505076,0.00552646,-0.000349975,0.00042561,-0.0082771,0.000807795,0.0027628,0.00260099,0.0132389,0.0050343,-0.00875723,-0.00159692,-0.00137465,-0.00628567,0.0162288,0.00761059,-0.0210495,-0.00387594,-0.027626,8.69E-05,-0.0149851,-0.00710725,0.00229686,-0.0172656,-0.00174769,0.00856273,0.00350522,0.00430701,0.0174329,0.0190926,-0.00158985,0.0069298,-0.0214473,-0.0191688,0.00631051,-0.0138354,0.0084376,0.0207131,-4.23E-06,-0.00102189,0.00170587,-0.00204969,0.00292409,0.00751619,0.000735372,0.00282903,0.00431433,-0.00391895,-0.01102,-0.000871056,0.00322733,0.00423702,0.0031254,0.0166827,-0.0281747,0.0282952,-0.0175535,-0.0190492,4.5,15.4,3.9,805.2,26.9,-12.4,39.3,-4.7,14.4,14.9,-5.9,577,79,17,39,224,71,86,214
548,cinerea,-123.82,45.27,c53821af,14,-0.000865336,-0.00152099,-0.0146249,0.0141273,-0.0129027,-0.0161508,0.000577855,0.00607515,0.000251156,-0.00515121,-0.0231252,0.00366943,0.0351594,0.0044042,0.00519395,0.00165716,-0.00836432,0.000609081,0.00606509,-3.63E-05,-0.00276383,-0.00119675,-0.0198392,-0.00370732,-0.00895616,-0.00204387,0.0230754,0.00408653,-0.0107831,-0.0042693,0.0265548,-0.002257,-0.0043476,-0.00529874,-0.0377518,-0.00585235,-0.0120675,0.00220946,-0.023819,-0.00520872,0.0153208,-0.00394165,0.000631741,-0.0026196,0.00225384,-0.00519608,0.0136127,0.0179597,0.0138531,-0.00231581,0.0176712,-0.00470143,-0.0284644,-0.0313431,0.0122095,0.00815715,0.000334127,-0.00148796,0.000779094,-0.00347655,0.0039329,-0.00287478,-0.00151843,0.00440012,-0.00149797,-0.00518481,-0.014714,-0.0104767,-0.00917624,0.0105937,0.0176772,0.0118673,-0.0310555,0.0201377,-0.0162276,-0.0211129,9.8,10.1,5,366.1,21.3,1.3,20,5.8,14.3,14.7,5.4,2328,380,34,63,1093,153,164,1017
549,cinerea,-106.14,41.35,c91221am,14,-0.014948,-0.00808458,0.0119573,-0.000123959,-0.00734838,0.00416937,-0.0164839,0.00708081,-0.0112081,0.0129193,-0.00100285,-0.00531082,0.0169475,0.00690829,0.00503505,0.00300826,0.00294228,-0.00673365,-0.00450909,-0.000328994,0.00337418,-0.00371499,0.00164495,-0.00104915,0.00453609,-0.00180843,0.00506433,-0.00238492,-0.00564421,-0.000341124,0.000387203,0.000335193,-0.00188029,0.00464048,-0.000589846,0.00163272,-0.000287446,-0.00748748,0.0105822,0.00490826,-0.00173259,0.00532054,-0.00842558,-0.000565714,0.00160771,0.0021106,0.00836041,-0.00222295,-0.00245425,-0.0034623,-0.00609109,-0.00313783,-0.0238364,0.00254408,-0.000523941,0.000498733,3.16E-05,-0.000534499,0.00122386,-0.0010642,0.00369172,-0.00598996,-0.000852137,-0.00480434,0.00648206,-0.00159175,0.00817503,-0.0139442,-0.00599461,0.00148655,-0.000398004,-0.00574171,0.00407906,0.000890162,-0.00171165,-0.00359627,1.1,13.5,3.9,750.1,20.9,-13.5,34.4,8.6,-7.7,11.1,-7.7,518,55,31,18,159,102,150,102
550,cinerea,-103.85,43.93,c101434af,14,0.00412919,-0.00452981,-0.00161977,0.0109383,0.00695391,-0.0120084,0.00625017,0.0125396,-0.0123668,-0.000724622,-0.0267086,0.00254125,0.0268587,0.00387592,-0.00589643,-0.00214131,0.00395162,-0.0040754,0.00328951,0.0013666,0.00229564,-0.00733708,-0.00539049,-0.00349034,0.00131311,0.00379654,0.00961089,0.00189504,-0.00544709,0.000227931,0.00350431,-0.002071,0.00370406,0.0010161,-0.0115745,0.00139774,-0.00148901,0.00890522,-0.0155889,-0.00700946,0.00232228,-0.00657507,0.00180225,0.00205857,-0.00669499,0.0164407,0.00883947,0.010667,-0.0115574,-1.33E-05,0.0112325,0.00202401,0.00247681,-0.00122706,0.0106445,-0.000987396,0.000149899,-0.000800423,0.0010666,-0.00118319,-0.00327201,-0.00563051,-0.00104861,-0.00229421,0.00150096,-0.00335632,-0.0102687,-0.00717464,-0.00228916,-0.00232477,0.00744121,0.00674855,-0.016607,0.0211005,0.00245235,-0.0202185,4.8,13.2,3.5,827.8,25.2,-11.9,37.1,13,-4,15.9,-5.2,587,95,19,53,262,67,224,67
551,cinerea,-103.43,43.34,c102011af,14,0.00158463,-0.000249769,0.0177805,-0.0033222,-0.00655511,0.0157735,0.00759982,-0.00196465,-0.0056426,0.00843796,0.00678247,0.00603327,0.00369751,-0.00293422,-0.00342986,0.000824802,0.00245154,-0.00482087,0.000403206,0.00285569,-0.00763497,-0.0047155,0.00138617,0.00391741,-0.000555347,0.00258132,0.00355325,-0.0024173,0.00314553,0.00226665,-0.00255507,0.00139178,0.0162924,0.00902769,0.0050166,0.00104077,0.00257488,-0.00338577,-0.0201474,-0.00692022,0.00185133,-0.00195843,0.00170203,0.000585972,0.00767505,-0.0105293,-0.00931829,-0.0191545,-0.00257896,-0.00387156,0.0138393,0.00209637,-0.0246051,-0.00241263,-0.0157667,0.0207024,7.10E-05,-0.000232079,-0.000372831,-0.000107025,0.00504608,-0.00241384,-0.00109708,-0.000478409,-0.00278289,0.00203648,-0.000591527,-0.00762176,-0.00692127,0.00628093,0.0104741,0.00403523,-0.0019223,0.000274449,-0.0004183,-0.0200052,8.5,16.7,3.7,964.7,32,-12.5,44.5,18.4,-3.8,21.2,-3.8,409,74,8,66,207,29,172,29
552,cinerea,-103.96,44.32,c112605am,14,0.000189849,-0.00331542,-0.00311814,-0.0123062,0.00724613,0.00873526,-0.00211284,-0.0061588,-0.00360199,-0.0184108,-0.0267047,0.0204606,0.00581019,-0.025147,-0.0035399,-2.16E-05,-0.000538215,0.0020293,0.00272016,0.000337551,0.0120274,-0.000949672,-0.00367137,-0.00597347,0.000855475,0.00397732,0.0107614,0.000928954,0.000217961,0.00316559,0.00321618,0.00445795,0.0135285,0.000898492,-0.00662597,0.000821654,-0.0160649,0.00680745,-0.0240408,-0.00600993,-0.00300404,-0.00728829,-0.00467217,-0.0059817,0.0210298,-0.00814426,0.00707315,-0.0152155,0.0199155,0.00567827,0.0230197,-0.00238375,-0.0248942,-0.0234747,-0.00802752,-0.00842478,0.000320262,0.0012997,0.000675502,-0.000886094,-0.000770752,-0.0131981,-0.00283432,0.000279823,-0.0071787,-0.00340995,-0.0256524,-0.00744794,0.00043787,0.00151302,0.0139075,0.00835393,-0.0257875,0.018588,-0.000384398,-0.0169248,5.4,12.5,3.3,854.5,25.8,-11.5,37.3,8.9,-5.1,16.8,-5.1,618,97,24,47,266,81,213,81
553,cinerea,-103.51,44.36,c113438am,14,0.00158727,-0.00849312,0.00954009,0.00452511,0.00600039,0.00672103,0.00154104,0.00271703,-0.0170103,0.00348489,-0.0267228,0.00838082,0.0193433,-0.015542,-0.00677749,0.000166916,0.00681443,-0.00330382,0.00496637,-0.000574572,0.00719005,-0.00438887,0.00456355,0.00123691,-0.0055625,0.0027633,0.0140549,0.00404916,-0.00503272,0.00105704,0.0124727,-0.00196063,0.00460278,0.00678669,-0.0099076,-0.00198149,0.010428,0.00279378,-0.0194285,-0.00768939,0.00276205,-0.0136516,-0.0157166,-0.00748135,0.00443737,-0.0310338,0.00152755,-0.0438011,-0.000229931,-0.0142216,0.023996,0.0223721,-0.0308791,-0.0280756,-0.00991249,0.00473287,-8.80E-05,0.000252599,0.00095806,-0.000194587,0.00433957,-0.00602163,-0.000163075,-0.00295745,-0.000546443,-0.00155279,-0.00918508,-0.00603162,0.000812032,-0.00342207,0.00921899,0.00795271,-0.0169931,0.0118876,-0.0111138,-0.0152891,6.6,13.6,3.4,887.5,27.7,-11.7,39.4,10.7,-4.4,18.4,-4.4,598,101,18,56,275,63,217,63
554,cinerea,-108.33,45.22,c136447am,14,0.00303416,-0.00376843,0.011439,0.00417683,0.00562577,-0.023355,0.0131957,0.0146278,-0.020578,-0.0147899,-0.0219738,-0.000775673,0.0344982,-0.00207178,-0.012927,-0.00226957,0.00478573,0.000445124,0.00653503,-0.00124886,0.0102089,-0.000322491,-0.00745481,-0.00146573,-0.00250565,0.00269252,0.00985134,0.000884409,-0.00774592,-0.00235398,0.00268459,0.000691898,0.0127908,0.00754887,-0.0126345,-0.000241571,-0.00664914,-0.0097922,-0.0118774,-0.00495329,-0.0170906,-0.0228833,-0.00273964,0.00227019,0.0052051,0.012834,0.00535222,-0.00757737,0.0121244,-0.000435042,0.0160382,-0.00477672,-0.0441804,-0.0118511,0.0166148,-0.0191325,0.000311504,0.00073373,0.00235952,0.000575672,-0.00298417,-0.00780653,-0.00240229,-0.000112541,0.007606,-0.00299353,-0.00865647,-0.0108236,-0.0128567,-0.000750038,0.011059,0.0142621,-0.0303547,0.0283302,-0.0115651,-0.0194897,6.1,15.1,3.6,897.6,28.7,-13.2,41.9,10.4,-5.3,17.9,-5.3,376,62,15,45,160,51,108,51
555,cinerea,-120.38,40.38,c143019am,14,0.00342408,0.00739926,0.0211123,-0.00715946,-0.000416051,0.00490619,0.00516427,-0.00799855,-0.0195863,-0.00224389,-0.00229839,0.0053908,0.0216414,-0.00339377,-0.000775531,-0.000374344,0.0216609,0.000769087,-0.011748,0.000637246,0.0141202,0.00654206,-0.00383994,-0.00143075,-0.00365187,0.00198896,0.00429299,-0.00744282,0.00300273,0.00330617,-0.006279,-0.00540217,-0.0111677,0.00372546,-0.00445187,0.000861577,-0.00580312,-0.00179973,-0.00210688,-0.00385507,0.0120233,0.00831669,-0.00782518,-0.0133511,-0.000472536,0.0143821,-0.00776159,-0.00751368,-0.0232463,-0.0109414,-0.016278,0.00348293,0.00236361,-0.000122829,-0.0131868,0.0270776,-6.25E-06,0.000308888,0.000695145,-0.00235424,0.00359463,0.00239989,-0.000489819,-0.00131572,0.00193651,0.00158716,0.0017782,-0.0103848,0.00049515,-0.000410933,-0.00145955,-0.00819222,0.00584101,0.00313142,0.00779671,-0.00601623,8.9,17.3,4.4,723.4,31.5,-7.1,38.6,-0.1,18,18.4,-0.1,349,58,8,55,155,31,35,155
556,cinerea,-121.74,44.41,c147788af,14,0.00516665,0.00617549,0.011009,0.00567891,0.0075056,-0.0226798,-0.000166409,0.00817424,0.00217101,0.000733344,-0.00621389,-0.00839411,0.013885,0.00838553,0.00376427,-0.000512873,0.00701457,-0.00263301,-0.00779967,0.0029945,-0.00480486,0.0027044,-0.0026556,-0.0023918,-0.00186602,0.00148963,0.00142548,-0.000350794,0.00430833,0.00363853,-0.00559882,-0.00449619,-0.00211524,-0.00402451,-0.00599817,-0.00029751,-0.00844043,0.00580579,-0.0140017,0.00507425,0.0126414,0.00339771,0.00152605,-0.000979039,0.00792105,-0.00453271,-0.000631951,-0.0104635,0.00374115,-0.0112081,0.0020009,0.00600056,-0.0186522,-0.0246512,-0.0143672,-0.00910933,-6.47E-05,-0.000502103,0.000659753,-0.00134708,0.00500096,-0.00194529,-0.000838279,-0.00329133,-0.000291326,-0.0035106,-0.00349577,-0.00602784,-0.00341226,0.004825,0.00633484,-0.00383586,-0.00523929,0.00356905,0.000499058,-0.0117738,6.4,13.8,4.3,613.2,25.6,-6.3,31.9,-0.6,14.5,14.5,-1,1056,180,19,62,508,85,85,475
557,cinerea,-121.09,46.95,c147804af,14,-0.00392129,0.0061156,-0.0041772,-0.00459462,-0.00251965,0.00710359,0.00731682,-0.00432327,-0.00231525,0.0116852,-0.0194108,-0.00127796,0.00991127,-0.0120247,0.00749091,-0.000757125,-0.00120095,-0.00529043,-0.00562258,0.0030439,-0.000931559,0.000157764,-0.00451618,0.00149426,-0.00429468,0.00206968,0.00418647,0.000537105,0.000604095,0.00601445,0.0031468,-0.00558558,0.00788138,0.00166293,0.00706773,0.00262236,-0.00147769,0.00157906,-0.0299298,0.00161102,0.00217697,0.00670449,-0.00246934,0.000512557,0.00437275,0.0121335,0.0101809,0.00145738,-0.00463724,-0.0188022,0.0162586,-0.0102473,-0.0594202,-0.0263646,0.0237411,0.00269011,0.000225052,0.000967383,0.00128888,-0.0040507,0.00839988,0.00520817,-0.000796545,0.00284201,0.00156028,0.00236846,-0.00444008,-0.00863752,-0.00181033,0.00335577,0.00349118,-0.00592505,-0.00975957,0.0139665,-0.00510312,-0.0141456,5.3,10.2,3.5,655,22,-6.8,28.8,-2.2,13.8,13.8,-2.7,1177,203,20,64,577,95,99,535
558,cinerea,-109.52,40.54,c147810am,14,-0.0114997,-0.00144061,0.012876,-0.00542092,0.00192114,0.000301567,0.0252637,-0.00471057,0.0216942,-0.00676716,0.00249489,0.00413483,0.0099344,-0.00489443,0.00683379,0.00193771,0.0107144,-0.00173734,-0.00705945,0.00380849,3.40E-05,0.000157549,0.00381741,0.00395375,0.00356733,6.46E-05,0.0145965,0.00149545,-0.00855716,0.00273981,0.000361141,0.00465822,-0.00263726,0.00325384,0.00610025,0.00252447,0.004139,-0.00493789,-0.0418219,0.00155605,0.0099366,0.0111415,0.00536742,-0.000954845,0.00214435,-0.0136757,0.00613764,-0.0227795,-0.0197909,-0.0170714,-0.00222559,0.00844934,-0.0349577,-0.0185184,-0.023936,0.0223924,-0.000552105,0.00063292,0.000716699,-0.00553221,0.0125265,0.00102555,-0.00016853,-0.000847772,0.00192811,-0.00179846,0.00506442,-0.0147369,0.00151157,0.00612106,-0.00685937,-0.00780154,0.0113666,-0.0114175,0.0070684,0.00392399,7.2,16.6,3.6,975.8,31.1,-14.5,45.6,14.3,-6,19.4,-6,226,27,12,25,69,39,58,39
559,cinerea,-106.71,42.49,c153693af,14,-0.0114379,0.00339022,-0.00786283,0.0163666,0.00247169,-0.0202354,0.000949191,0.0140709,-0.00483303,0.000526641,0.0272486,-0.0100893,0.0112628,0.0203404,-0.00116598,-0.000406988,0.0141499,-0.00339374,-5.35E-05,0.00430618,0.00506659,0.00642564,-0.0240324,-0.00691721,-0.0144161,0.0011695,0.0214799,-0.00351612,-0.0157556,0.00208597,0.021945,0.00342693,-0.000807327,0.00210272,-0.00551822,-0.00500936,-0.0162273,-0.00653563,-0.0194395,0.00535165,-0.00101113,0.011071,-0.00449246,0.0130383,0.00435024,-0.0200354,0.00244298,-0.0282914,0.00425864,-0.00730104,0.0062682,-0.00782561,-0.0315534,-0.0265046,0.0189685,0.00471178,-9.35E-05,-0.00241212,0.000140555,-0.00035536,0.00932503,-0.00212332,-0.000699658,0.00278882,0.00257777,-0.00304562,0.00632645,-0.00858301,-0.00677142,0.00804241,0.00198114,-0.00542221,0.00168444,0.00118593,0.00124419,-0.00118245,6.8,14.1,3.4,911.3,29.5,-11,40.5,10.7,-4.6,18.9,-4.6,279,49,11,44,117,36,76,36
560,cinerea,-118.67,42.09,c157815am,14,0.00619758,0.00777235,0.00684453,0.0152608,-0.00553784,-0.0205366,0.00413031,0.00691709,-0.0163748,-0.00737364,0.00102194,-0.0110253,0.0205535,0.0226095,0.0140378,0.000734374,0.0089089,-0.0108396,-0.0158766,0.00449425,0.0145927,0.000783496,-0.00346418,-0.0056146,0.0022513,0.00440489,0.01092,-0.00911337,0.00146449,0.00358987,0.00163707,-0.00784315,0.00154278,0.00526548,0.00460289,0.00329917,0.00278739,-0.00317152,-0.020864,-0.00530337,0.00594822,0.00569475,0.00145781,0.00840548,0.00516514,-0.0190393,0.0117868,-0.0286054,-0.00363303,-0.0172405,-0.00991631,0.00258746,-0.0177979,-0.0117776,-0.00169602,0.0117938,2.45E-05,0.000357924,0.000243145,-0.00181302,0.0013113,-0.00233082,-0.000107319,-0.00344849,-9.09E-05,0.00181506,0.00039623,-0.0123589,-0.00146613,0.000473697,0.00497879,-0.00111221,0.00110036,0.000596143,-0.000360978,-0.0110666,4.5,16.1,4.3,707.3,26.2,-11,37.2,-3.2,13.7,14.1,-3.9,345,38,14,25,109,55,66,99
561,cinerea,-116.14,46.14,c31325am,14,-0.005061,-0.00450132,0.0203976,0.000400611,-0.000683419,0.011983,0.000487494,-0.0072782,-0.0276493,0.00764407,0.00655788,0.00243428,0.0236266,-0.00843991,0.00247558,0.00202497,0.00537128,-0.00588358,-0.00518636,0.00105891,0.0108879,0.0032257,-0.00167014,-0.000911146,-0.0001529,-0.000478268,0.00481995,-0.00145557,0.00779409,0.00631294,0.0047615,-0.00682323,0.010261,-0.00235722,-0.00869051,0.000153341,-0.0134744,-0.00204384,0.00863917,0.00138963,0.00583829,-0.00683546,-0.000785001,-0.00976,0.0108309,-0.0103519,0.0125497,-0.0104371,-0.0121622,-0.0162324,-0.00126034,-0.00877677,0.00353122,-0.0253967,-0.00740436,0.0326269,6.96E-05,0.00108797,0.000727688,0.00031541,0.0038462,-0.00336339,-0.000518874,-0.00207269,0.00130659,-0.00354749,-0.00211421,-0.015822,-0.00475425,0.00361258,0.0083378,0.0105848,-0.00954618,0.00725883,-0.00481211,-0.0255635,7.4,13.1,3.8,712.5,27.5,-6.6,34.1,10.4,16.4,16.8,-1.4,632,77,29,25,206,107,127,151
562,cinerea,-124.009,54.55,c53597a,14,0.0053011,0.00239301,0.00834129,0.0230081,0.0120986,-0.0042557,-0.0166156,0.00435859,-0.030826,0.00426524,-0.0114747,-0.00518862,0.0305139,0.0192257,0.000625356,-0.000104323,0.000681459,-0.00545225,-0.000420878,0.00193268,0.0054213,-0.000843318,-0.00690611,-0.00207893,0.000499507,0.00179302,0.0079087,-0.000642821,-0.00927617,0.00361863,0.0108193,-0.00347253,0.0126493,-0.00110074,-0.0101851,0.00568614,-0.00929969,0.00448424,-0.0196547,0.00367012,0.00409183,-0.00304448,-0.00370744,0.00232704,0.0105159,-4.06E-05,0.0111768,0.00614851,0.0108308,-0.00312918,-0.000378718,-0.00539876,-0.0292069,-0.0256704,0.0297254,-0.0209171,0.00048133,-0.00102927,0.00076468,-0.0013227,-0.000427453,-0.00397245,-0.00233865,0.000403075,-0.00344678,0.00759036,-0.017396,0.00138368,-0.00427516,-0.0060858,0.0133045,0.00204602,-0.0211804,0.0221905,-0.00456849,-0.0290479,2.3,11.9,3,916.5,21.9,-17.4,39.3,13.6,-2.8,13.6,-10.1,524,54,22,22,156,88,156,141
563,cinerea,-120.332,39.316,c55784af,14,-0.000460528,0.00180844,0.00750274,0.00346706,0.00280225,0.00276325,-0.0136878,-0.00298852,-0.0335289,0.016162,-0.03086,-0.000157002,0.0330899,-0.0104988,-0.00417092,-0.00249172,-0.000456386,-0.00551135,-0.000908262,-0.00137516,0.0106752,0.00299832,-0.00397117,0.00073733,0.000846249,0.00365099,-0.00103731,-0.00148102,-0.00493957,0.00370543,0.00391359,-0.00808795,0.0158859,-0.000641802,-0.00936086,0.00542705,-0.0144463,-0.00462175,-0.0113942,-0.00126085,0.00375703,-0.0113488,-0.00722336,0.00814423,0.00660308,-0.0050476,0.0144984,0.00978261,0.0113178,0.00415968,0.00514833,-3.75E-05,-0.0178452,-0.0257843,0.0170513,0.0172828,0.000370762,-0.000603911,0.000792489,-6.52E-05,0.00241739,-0.00235671,-0.00209616,-0.00466448,-0.000660936,0.00458623,-0.00954602,-0.0116832,-0.00598,0.00131907,0.0112726,0.000909996,-0.012954,0.0139721,-0.00575623,-0.0317513,5.1,14.5,4.4,629.6,24.1,-8.6,32.7,-2.1,13.5,13.6,-2.1,1074,187,12,72,511,54,58,511
564,cinerea,-117.3283,49.412,c66694af,14,-0.0029963,0.00391876,0.0162613,-0.00573795,0.00555382,0.00144908,0.0090944,-0.00647532,-0.0123266,-0.0039609,-0.0275717,0.00608941,-0.000261585,0.00400867,0.00399185,0.000855121,-0.00359341,-0.00218524,-0.00221314,-0.00124787,0.00824273,0.00170029,-0.00668278,-0.00617243,-0.00163262,-0.00218604,0.00736958,-0.0021278,-0.00357671,0.00278722,0.011149,-0.00672919,0.0174698,0.000998416,-0.00373845,0.0013238,-0.0119222,0.00147881,-0.0188902,0.00274351,-0.00749851,-0.00895584,0.0076976,0.000645962,0.00874319,-0.0124339,0.00849205,-0.00327366,0.00346687,-0.01163,0.0145085,-0.0112582,-0.0249568,-0.0317481,-0.0018676,0.00511714,0.000189074,-0.00142795,0.000917384,-0.00261915,0.00425797,-0.0131557,-0.0011559,-0.000880347,-0.00226026,0.00118554,-0.0135979,-0.00360852,-0.00141163,-0.0143471,0.0109655,0.0110115,-0.018176,0.0121409,-0.00228412,-0.0344472,1.8,9.6,2.9,749.1,20.3,-11.9,32.2,-6.6,11.3,11.6,-7.3,823,105,46,28,296,145,167,274
565,cinerea,-121.2745,50.727,c66978am,14,0.00815768,0.00486679,-0.00224905,0.00597946,0.00550972,0.00242173,0.000147727,-0.00449075,-0.0168518,0.00566242,-0.0285446,0.00258221,0.0155092,-0.0107937,-0.000250308,0.00264118,0.000295696,-0.00311402,-0.000278762,-0.000616855,0.00461222,-0.0017139,-0.00335856,0.00165021,-0.00542922,0.000689578,0.0135809,-0.00396376,-0.000284618,0.0060018,0.00242826,-0.00422702,0.0137909,0.000476632,-0.00386413,0.00062848,-0.00665509,0.00142047,-0.0169935,-0.00691777,0.00116586,-0.00696663,-0.00797473,0.00352596,0.00545702,-0.00376682,0.00767417,-0.0131545,0.00800257,-0.00731959,-0.0166718,-0.0042315,-0.0410888,-0.0126959,0.031002,-0.00716404,0.000117022,-0.00219943,0.000195387,-0.00255173,0.000951675,-0.00821985,-6.86E-06,0.00191005,-0.00326033,-0.000423435,-0.0123172,-0.00609251,-0.00136494,-0.00239464,0.0130285,0.00974146,-0.0195643,0.015841,-0.00884752,-0.0255749,8.4,10.7,3,842.7,27.3,-7.9,35.2,-2,8.7,19.1,-2.7,315,40,15,27,110,51,80,101
566,cinerea,-119.7109,50.785,c67415am,14,0.00251366,0.00205495,0.00172977,0.00477312,2.58E-05,0.0190506,-0.00176766,-0.010433,-0.0284014,0.011313,-0.0214871,0.00776958,0.0348209,-0.0126854,0.000329087,-0.00173574,-0.00990529,0.00479651,0.00665632,-0.00389486,-0.00594085,0.00689367,0.00158714,0.0144689,0.00372265,0.00179734,0.00544488,0.0013009,0.00184976,-0.000208729,0.001607,-0.00520962,0.0187925,0.0127637,-0.0061595,0.00130426,-0.00419633,-0.0111005,-0.00354967,-0.00122056,-0.0190782,-0.0162774,0.000223846,-0.00609982,0.0119297,-0.0160674,-0.000703953,-0.00346798,-0.0108093,-0.019091,-0.0064327,-0.00775228,-0.0024105,-0.0308281,0.00702157,0.0195768,-0.000268586,-0.00177819,8.02E-05,0.000732546,0.0013855,-0.00254097,1.05E-05,-0.00177608,-0.00170294,0.00124547,-0.0135771,-0.00430768,0.000211759,0.00204718,0.0137687,0.0197751,-0.0259932,0.0171015,-0.022936,-0.0245764,7.4,11.6,3.1,847.4,27.4,-9.2,36.6,-2.8,2.9,18.2,-3.7,447,50,23,21,134,78,128,123
567,cinerea,-119.7109,50.785,c67416am,14,0.00335188,0.00155425,0.000415781,0.00132751,0.00148277,0.00393138,-0.000964657,-0.00402562,-0.00910711,0.00568204,-0.0203141,-0.000168564,0.0061114,-0.0122478,0.00406595,0.000423536,-0.00272047,-0.00694173,-0.00544534,-0.00100382,0.00823641,0.00217289,-0.00389578,0.00262862,-0.000558923,-0.00205228,0.00229882,-0.00619448,0.00148564,0.00402783,-0.00448546,-0.00498638,-0.00273499,-0.000515238,6.71E-05,0.00281812,-0.00230557,-0.00656675,-0.00861093,-0.00420103,-0.00254817,-0.0061278,-0.00880535,-0.00665844,0.00161883,0.00675142,0.0134892,0.00246392,-0.0185341,-0.0156649,-0.00533911,-0.00531749,-0.00585496,-0.0107254,0.00189161,0.0458542,-0.00014985,-0.000795662,0.00017491,0.000740821,0.00252817,0.00688794,0.000908138,-0.00347993,0.000686227,-0.00060496,-0.00112003,-0.0129061,0.00219879,-0.00158201,0.00395891,0.015162,-0.00565292,0.000462581,-0.00728837,-0.0262669,7.4,11.6,3.1,847.4,27.4,-9.2,36.6,-2.8,2.9,18.2,-3.7,447,50,23,21,134,78,128,123
568,cinerea,-120.505,41.06,c67882af,14,0.00286116,0.000929911,0.0133035,0.00195913,-0.00315429,0.0146558,0.00598443,-0.00557724,-0.00860482,0.0201483,0.00141195,-0.00161062,0.0149993,0.00719511,0.00549811,0.0015584,0.00729593,-0.00491035,-0.0078997,-0.00145835,-0.00125893,0.00264885,-0.00271732,-0.0031214,0.00306319,-0.0014251,0.00204161,-0.00296989,0.00372906,-0.00285834,0.00227311,-0.0088622,0.00744405,0.00287237,-0.0049377,0.00294494,-0.00994012,-0.00526839,-0.0107591,0.0017486,0.00634326,0.00499776,-0.0128246,0.00538312,-0.00445979,-0.0132915,0.00206549,0.00909019,-0.00739071,-0.0215652,-0.00376287,2.11E-05,-0.0343736,-0.0316277,0.00620658,0.0331573,0.000172048,0.000497891,0.000243338,0.00151345,0.00250299,0.00476814,-0.000995768,-0.000723688,-0.00329306,0.00699507,-0.00845673,-0.00378265,0.00735667,-0.0118122,-0.000987513,0.00925347,-0.000104484,-0.000329121,0.0089213,-0.0174977,5.9,16.5,4.4,677.8,27.3,-9.6,36.9,-1.4,14.8,14.9,-2.2,422,53,10,37,150,46,55,138
569,cinerea,-120.525,41.461,c67883af,14,0.00021191,-0.0012,0.00044112,0.00372663,-0.002826,0.0127025,0.00754414,-0.00188588,-0.00275732,0.016965,-0.0102079,0.000825059,0.00754603,0.00116169,0.00269473,8.12E-05,0.0050079,-0.00193296,-0.0074245,-0.00269645,-0.00437701,0.00464295,-0.000611605,-0.00354376,-0.00620453,0.00185113,-0.00189729,-0.000174294,-0.00141709,-0.0025121,0.000374305,-0.00951495,0.00106104,-0.00241827,-0.00666883,-0.00365658,-0.00565546,0.00198065,-0.0216553,-0.00785521,0.00767518,0.0189854,0.00805169,0.0105794,0.00804345,0.00164215,0.00172767,0.00398137,0.000776891,-0.0112318,-0.00951875,-0.00152708,-0.0283507,-0.0103217,-0.00434119,-0.0111109,-4.22E-06,0.000616723,0.000377246,-0.00128725,0.0041118,-0.00263413,-0.00197163,-0.00126286,-0.0033005,-0.000199042,-0.009725,-0.0101873,0.00403164,-0.00341047,-0.000681508,-0.0082083,0.00233527,-0.00667318,0.00968944,0.000106268,8.3,18,4.5,703,30.8,-8.4,39.2,0.2,17.2,17.5,-0.4,322,41,7,39,117,34,42,108
570,cinerea,-117.522,51.267,c68713am,14,0.0226807,-0.00147323,0.00835845,0.00187241,0.00113786,0.00862076,0.0113943,-0.00441175,-0.0290828,0.0111495,-0.0361768,0.00012646,0.0261226,-0.0148926,0.00262632,0.000914136,-0.00965037,-0.00303562,0.00096793,-0.000147086,0.00710558,0.00255771,-0.00371124,-0.00112948,-0.00045048,0.000272614,0.00507725,0.00143175,0.00043812,-0.00220392,0.00176157,-0.0097022,0.0101829,0.00250346,-0.00870365,-0.000596355,-0.0209992,0.00305153,-0.0202034,0.000442564,-0.00724199,-0.0116201,-0.00820761,-0.0014163,0.00524606,0.0128424,0.00960349,0.0164832,-0.00130864,-0.00691377,0.00353799,-0.00796314,0.00260216,-0.0239433,0.0323627,0.00218588,0.000324505,-0.00120384,0.00179903,-0.00220966,-0.000671178,-0.0131304,-0.000618051,0.00208905,0.00355718,0.0021431,-0.0122493,-0.000963949,-0.0123582,-0.0130476,0.019321,0.0188302,-0.037252,0.0292128,-0.0243884,-0.0344022,0.7,9.5,2.8,790.1,19.2,-13.9,33.1,-8.9,4.8,10.9,-9.5,1194,168,60,37,470,202,224,451
571,cinerea,-117.522,51.267,c68714af,14,0.00910178,-0.00348991,0.0130555,0.00836833,0.0103807,0.0151203,-0.000931846,0.00146939,-0.0285791,0.0261313,-0.030086,-0.0147039,0.0239364,-0.00988206,0.00387601,-0.000317153,-0.00662918,-0.00666387,-0.00380821,0.00510295,-0.00841622,-0.00206779,-0.00528995,-0.000339311,-0.00750042,-0.00305229,0.0090452,0.00250061,0.000832179,0.000582665,-0.00755953,-0.00971395,0.00734843,0.00288288,-0.00987599,0.00188802,-0.0179803,0.00142828,-0.0297834,0.000381765,0.0030155,-0.00681392,-0.0177483,0.0147075,0.00895652,0.00658479,0.00369846,0.0175699,0.00963723,0.0027787,0.000381745,-0.0134267,-0.0367576,-0.0311128,0.0299865,0.0013006,-0.000280679,-0.00202361,0.00064635,0.00093956,0.00601581,-0.00978939,-0.000103107,-0.00198352,-0.0019173,-0.0017164,-0.0127377,-0.00741902,-0.000555168,-0.00810361,0.0139434,0.0195769,-0.0232712,0.0136051,-0.0162658,-0.0404976,0.7,9.5,2.8,790.1,19.2,-13.9,33.1,-8.9,4.8,10.9,-9.5,1194,168,60,37,470,202,224,451
572,cinerea,-117.926,52.946,c75914am,14,-0.00120013,-0.00209861,0.008567,0.00679168,-0.0025972,0.0130855,-0.00829073,-0.00179445,-0.014113,0.00577724,-0.0135504,0.00887079,0.0249107,-0.00821227,-0.000561959,-0.00133049,-0.000945778,-0.00387897,-0.0027209,0.000631882,0.00546659,0.0016613,-0.00070407,0.00118835,-0.00294102,0.000764574,-0.00405192,-0.0021528,-0.0052367,0.00108282,0.00351395,-0.000417151,0.00950686,2.82E-05,-0.00506385,0.00066904,-0.00953778,-0.00346497,-0.0160139,-0.0031731,0.0111059,-0.0101761,0.00226852,0.00135363,0.00308123,-0.0176517,0.00547895,-0.00481211,-0.0199407,-0.01242,-0.0198485,-0.0248531,0.00566009,-0.0224165,0.0173125,0.0220586,8.77E-05,-8.00E-05,0.000757077,0.00402145,-0.00219505,0.0050988,-0.0012027,-0.000582159,-0.00140758,0.0052061,-0.0104387,-0.0104298,-0.00640255,-0.00147961,0.0147223,0.00538103,-0.0180241,0.0201863,-0.00858239,-0.0371767,-1.7,10.7,3.1,787.7,16,-17.6,33.6,8.2,-6.8,8.2,-11.9,602,82,32,33,229,102,229,122
573,cinerea,-117.926,52.946,c75918af,14,0.0249236,-0.00427973,0.000760392,0.00458255,0.00411399,0.00685362,-0.0160092,0.00428922,-0.0378704,0.0138897,-0.0345803,0.00133172,0.0360897,-0.0109092,0.00166889,0.00236266,0.00434768,-0.00359321,-0.0028987,-8.02E-05,0.00556112,-0.00414322,0.0013074,0.00497484,-0.00185592,-0.000956166,0.00588194,0.00183533,-0.0002149,-0.00638656,0.00469577,-0.0117332,0.0121507,0.00644807,-0.0124979,0.00400741,-0.010685,-8.53E-05,-0.0245329,-0.0025622,-0.00375652,-0.00457916,0.0101363,0.00424865,0.0117564,-0.0214564,0.00808374,-0.00142747,-0.0135023,-0.014179,-0.0135373,-0.0195415,-0.00732837,-0.0320844,0.00137303,0.0224293,-0.000169103,-0.000250408,0.00155232,0.00244145,0.00565903,-0.00394677,-3.83E-05,-4.57E-05,-3.82E-05,0.00275114,-0.0139768,-0.00453022,0.000316339,-0.00355748,0.0125225,0.00994481,-0.0277324,0.0274286,-0.0207568,-0.0285923,-1.7,10.7,3.1,787.7,16,-17.6,33.6,8.2,-6.8,8.2,-11.9,602,82,32,33,229,102,229,122
574,cinerea,-129.858,54.213,c90325am,14,0.0305188,0.00425775,0.018115,-0.000193945,0.00290778,0.0102619,-0.0119799,-0.00513532,-0.0345443,0.0109766,-0.0212497,-0.00411581,0.0407425,-0.00150242,0.0104484,0.000774256,-0.00186169,-0.00700338,-0.00258437,0.00117671,0.00396617,-0.0010979,-0.00316731,0.000308939,-0.00235493,0.0028695,0.0109813,-0.00638775,0.000617786,0.00352345,0.00947882,-0.00252711,0.0161253,0.00391841,-0.00457906,0.00419032,-0.00218337,-0.00457321,-0.0214654,0.00164725,0.0121647,-0.00698372,-0.00773813,-0.00970976,0.0130108,0.00439946,0.00678753,-0.00540952,-0.0202511,-0.00946947,-0.000886604,-0.0142936,-0.0023587,-0.0071928,0.0107116,0.0473626,0.000432135,0.000161811,0.00103131,-0.00158384,0.00325058,-0.0115133,-0.00247799,-0.00121363,-7.64E-05,0.000398019,-0.00944987,-0.00983272,-0.01231,0.00572716,0.0159439,0.000295869,-0.0184245,0.0226444,-0.00391972,-0.0329023,6.8,6.7,3,529.8,18.4,-3.3,21.7,3.4,11.8,13.6,0.2,2329,352,90,42,924,292,303,742
575,cinerea,-115.965,41.838,c94194am,14,0.00503911,-0.00375585,-0.00175088,-0.00387071,0.00125126,0.00725749,-0.0137786,-0.010451,-0.0138057,0.00857239,-0.0392793,0.00559433,0.00938374,-0.00106255,0.00538195,0.000871164,-0.0044077,-0.00488722,-0.00761801,-0.00270662,0.0143885,0.00233995,-0.0118026,-0.000697923,-0.00885809,-0.00117834,-0.00918833,-0.000179917,-0.0040487,0.000389464,-0.00766657,-0.0107331,0.015724,0.00231357,-0.0147198,-0.000434568,-0.0144908,-0.00626735,0.00723548,-0.00413978,0.000745026,-0.00595271,0.00268399,0.00762816,-0.00549825,0.00601243,-0.00114458,0.0176223,-0.00277778,-0.00911385,0.00349578,-0.00917554,-0.00260506,0.0182161,0.0291543,-0.0315208,-4.93E-05,0.000385221,0.00145024,0.00115666,0.0028296,-0.00207489,-0.000423485,-8.23E-05,0.00402767,-0.00560876,-0.00535348,-0.00775964,7.87E-05,0.00666453,0.00272966,0.0123062,-0.0178022,0.0184967,-0.00907247,-0.00794741,5.3,18.3,4.4,747.5,28.8,-12.4,41.2,-3,14.8,15.2,-4,344,39,14,28,112,51,63,101
576,cinerea,-119.292,50.255,c95065a,14,0.0122657,-0.000386669,0.0169827,0.0160959,-0.000248298,-0.0101169,0.000762572,0.00710799,-0.0255457,0.0229409,-0.00766534,-0.0231385,0.0178101,0.0062961,-0.00344372,0.000247045,0.00694123,-0.00729167,0.000899128,0.00290079,0.0128895,0.00171513,-0.00316815,-0.00601463,-0.00236604,0.00119723,0.00763868,-0.00924467,0.00467122,0.00552769,-0.00430672,-0.00949809,0.00668869,0.00290635,0.0060984,0.00715931,-0.00324446,-0.00232072,-0.0321938,-0.00472345,-0.0010519,-0.00265709,-0.0160904,0.00693324,0.00701443,-0.0218011,0.00443562,-0.0155766,-0.00561569,-0.0236886,0.00645076,0.0157211,-0.0227956,-0.0331424,-0.0160484,0.0344138,5.10E-06,0.000682221,0.00107387,-0.00240656,0.00352994,-0.00175059,0.000622346,-0.00044582,0.00190368,0.00349184,-0.00301577,-0.00328414,0.00460794,-0.0122067,-0.000306806,0.00201796,-0.00504476,0.0108616,-0.00178225,-0.0178678,6.8,11.2,3.1,823.6,26.3,-9.1,35.4,-3.1,2.3,17.3,-4,444,52,25,20,132,81,124,123
577,cinerea,-134.992,59.8458,c130205af,14,0.00378698,-0.00382523,0.0127019,-0.00158616,0.00583212,0.0180605,-0.00315659,-0.0069752,-0.0102865,0.0105648,-0.0089107,-0.00236173,0.0162945,-0.00773639,0.000527506,0.0041844,-0.00710496,-0.00916583,0.000929513,0.000234134,-0.00889586,-0.00520835,-0.00389774,-0.00318284,0.00108865,-0.000663574,-0.000961394,-0.00923927,-0.00601786,0.00177219,-0.00596899,-0.007037,0.0141796,0.00541102,-0.00500283,0.00458748,-0.0185616,-0.00395633,-0.00553014,0.00524862,-0.000904079,-0.00723186,0.000301148,0.00674117,-0.00162209,-0.00696597,-0.00498948,0.00664869,0.00721342,0.00107285,-0.0103238,-0.0208129,-0.011786,-0.0147223,0.00302384,0.0221836,7.12E-05,-0.000277902,9.88E-05,-0.00107344,0.00185196,-0.00352777,-0.000705909,0.000418641,-0.0011625,-0.00188588,-0.00526641,-0.00644357,-0.00655034,-7.16E-05,0.0121813,0.015249,-0.0140937,0.00512849,-0.00689094,-0.0255323,-1.7,10.6,2.7,935.3,17.5,-20.5,38,5.2,-1.9,9.9,-14.2,425,48,15,29,138,59,112,117
578,cinerea,-134.992,59.8458,c130206af,14,0.00903784,-0.000761271,0.0209854,0.00270523,0.00283606,0.0193998,-0.010506,-0.00916034,-0.0161731,0.0149132,-0.0112619,0.00549765,0.0153072,-0.00515947,0.00652622,0.00405634,-0.00792389,-0.00582097,-0.000720656,0.000169813,-0.00719412,-0.00167778,-0.00201026,-0.00282206,0.00155788,-0.000339329,0.00488212,-0.0106699,-0.000970708,0.00415286,-0.00251804,-0.000140805,0.00809983,0.00561157,-0.00963392,0.00404689,-0.0119052,-0.00567351,-0.00299742,-0.0042029,-0.00166809,-0.0128138,0.0102315,0.00405583,-0.00112481,0.00822764,-0.00652513,0.0237931,0.00119085,0.00594748,-0.0236198,-0.0137248,-0.0156496,-0.0111332,0.0285915,0.0117268,0.000224639,-0.000898199,-0.000312983,-0.0015588,-0.000248255,-0.00479567,-0.00150897,-0.00122329,-0.00426158,0.00593574,-0.0102151,-0.000662542,-0.00338826,-0.00444609,0.0106869,0.0113755,-0.00953225,0.0063725,0.00208709,-0.0283474,-1.7,10.6,2.7,935.3,17.5,-20.5,38,5.2,-1.9,9.9,-14.2,425,48,15,29,138,59,112,117
579,cinerea,-134.992,59.8458,c130207am,14,0.00542154,-0.00682092,0.0115941,-0.000190772,0.00113925,0.0235971,-0.00774781,-0.0099403,-0.01802,0.00823869,-0.00924414,0.00524731,0.0313532,0.00066822,0.000136303,0.00430075,-0.00428647,-0.014347,0.00138112,0.00392369,-0.0116213,-0.0057541,0.00133485,-0.00212945,0.00209824,0.00095118,0.00572635,-0.0072705,0.00337706,0.00417312,0.00219038,-0.00574336,0.0192935,0.00044867,-0.00471841,0.0076316,-0.0205693,0.00340618,-0.0147116,-0.000208768,-0.00509513,-0.00703141,-0.00288803,0.00172223,0.00222551,0.00100878,-0.00495586,0.0108131,0.0135162,0.00286544,0.00270211,-0.0130851,-0.0470934,-0.0269461,0.0254759,0.00687254,0.00031541,0.00131456,0.000542459,-0.00159209,0.00582716,-0.00615065,-0.00144876,-0.00028536,-0.00180443,-0.000752141,-0.0100562,-0.0118168,-0.00249847,0.00642955,0.00882535,0.0137409,-0.0153325,0.0101244,-0.00651847,-0.0214484,-1.7,10.6,2.7,935.3,17.5,-20.5,38,5.2,-1.9,9.9,-14.2,425,48,15,29,138,59,112,117
580,cinerea,-127.25,51.683,c135020af,14,0.00388931,0.00860082,-0.0161391,-0.006526,-0.00430342,0.00654846,-0.00691227,-0.00404869,-0.0114736,0.0184877,-0.00162846,-0.00435247,0.0254983,0.00627663,0.00583067,0.00144356,0.0113061,-0.00491826,-0.00996248,0.000530096,0.000101805,0.00166382,-0.00652989,-0.00292592,-0.00372527,0.00319806,0.0134332,-0.00470148,0.00338423,0.00474998,0.000747236,-0.00632191,0.00333029,0.00167498,0.000845596,-0.000453525,-0.00872572,0.00742304,-0.0217897,0.00352881,-0.00805143,0.00474607,-0.00848965,0.00121925,0.000621536,0.012212,-0.000699999,0.00520008,-0.00961629,-0.0201308,-0.013135,0.0166805,-0.0192533,-0.0361187,0.0255156,-0.00877826,0.000547598,0.000498554,0.00128846,-0.00503557,0.00910442,-0.000113539,-0.00152,-0.0042234,0.00141728,0.00539184,-0.00607094,-0.0125673,-0.00239892,0.00192535,0.00436689,0.00764243,-0.00844124,0.00943868,-0.000150366,-0.0203463,5.9,6,3.2,460.1,16.5,-2.2,18.7,3.2,11.9,12,0.5,2225,294,79,43,877,274,343,771
581,cinerea,-120.88,40.99,c140215am,14,-0.00840081,0.00944995,0.000914813,0.00602973,-0.0156194,0.0140547,-0.00895849,-0.00905914,-0.0108038,0.00221585,-0.013576,0.00266159,0.0310983,0.000555759,0.000397133,0.000150624,0.0089369,-0.00469779,-0.00298223,0.000832591,0.00699039,0.00126946,-0.00340314,-0.00372872,-8.43E-05,-0.00147187,0.00998513,0.00128271,0.0069801,0.00286219,0.00677208,-0.0118859,0.00214529,-0.000197357,-0.0147069,0.00263298,-0.0165314,0.00415816,-0.0216729,0.00057935,0.00443786,-0.000616706,-0.00518433,-0.00708383,0.0182451,-0.0232867,-0.000231793,-0.0151634,0.0119141,-0.0106029,0.0164113,0.0152565,-0.024285,-0.0324547,-0.0058527,-0.000585349,0.000195074,0.00116209,0.00128493,-0.00122628,0.00590918,-0.00225503,-0.00169044,-0.000739158,-0.00120211,-0.00277054,-0.0138314,-0.0115609,-5.04E-05,0.00164394,0.00762082,0.00880662,-0.0195573,0.0116145,-0.00672037,-0.01427,6.3,16.3,4.4,668.2,27.3,-9,36.3,-1,14.9,15.1,-1.8,501,65,9,45,193,46,53,183
582,cinerea,-120.372,40.1712,c147830am,14,-0.00161723,0.0134123,0.023117,0.00611444,0.000143676,-0.00324962,-0.00044759,-0.00708966,-0.0117062,0.000784239,-0.0330776,-0.000699101,0.0133197,-0.00414007,0.0068238,-0.00324215,-0.00644876,-0.00246592,-0.00561771,-0.000941406,0.0027261,0.00286195,-0.00167134,-5.40E-05,-0.00503292,-0.000655835,0.000780414,0.000543471,-0.00249325,-0.000124552,-0.0044908,-0.00957425,0.00813511,-0.00244213,-0.00691434,-0.00339889,-0.0177399,0.00569322,-0.00764144,-0.000862292,0.00941502,-0.000605173,-0.00859282,-0.00521458,0.00149272,0.00158827,0.0124572,0.00518056,-0.00810396,-0.00907629,-0.0139326,0.00347847,0.0259197,0.00149608,0.00179977,0.0314359,-6.13E-05,-0.00240157,0.000382493,-0.00285637,0.00161745,-0.00701542,-0.00119835,-0.00043911,-0.00225901,-0.00404101,-0.0131251,-0.00404976,-0.000642091,0.0024407,0.00818052,0.0117807,-0.0177702,0.0122689,-0.00159924,-0.0156258,9.8,17.5,4.5,712.1,32.4,-5.9,38.3,1.5,18.7,19.2,0.9,415,72,7,62,190,31,33,190
583,cinerea,-120.65,40.4,c147834af,14,0.00349966,-0.00144467,-0.00888717,0.0146831,-0.00418294,-0.0049614,-0.0111141,0.0157806,-0.00383342,0.0266696,-0.0299283,-0.0172894,0.012098,0.0103474,0.00542943,0.0024074,-0.00617122,-0.00198761,-0.0043972,-0.000177112,-0.00174369,-0.000638618,-0.00991142,-0.00585598,0.00482139,-0.00212333,0.00160285,0.00234631,0.00379987,-0.00533412,-0.00905992,-0.0126702,0.0108242,-0.000819685,-0.0111479,-0.00110252,-0.0133159,0.00587892,-0.0131059,-0.00190206,0.00576403,0.00645674,0.0030519,0.000180701,4.18E-05,-0.0136754,0.0158214,-0.0206234,0.00301195,0.00317557,-0.018931,-0.0146833,0.00543111,-0.00435252,0.00926913,-0.00391816,-0.000186213,-0.00127988,2.59E-05,0.00265342,0.00274027,0.0043306,-0.00191687,-0.00284764,-0.00423412,-0.000521641,-0.0108348,0.00175281,2.19E-06,0.0118551,0.0081533,0.0117362,-0.0132987,0.00646574,-0.00653848,-0.013845,9,17.4,4.5,713.9,31.7,-6.6,38.3,0.1,18,18.5,0.1,452,82,7,66,218,31,32,218
584,cinerea,-131.159,57.902,c170728am,14,0.00609548,-0.00732288,0.000493295,-0.00274849,0.00521696,0.00449252,0.0149062,-0.00535031,-0.0201899,-0.00157446,-0.0184998,0.00784,0.0192013,-0.0168569,-0.0131244,-0.00110656,0.00216561,-0.00429997,0.00999322,0.00166916,0.000323834,-0.00167223,-0.0153067,-0.0061175,-0.00122893,0.00421218,0.00595399,-0.00746454,-0.00386295,0.00432463,0.00724716,0.000956466,0.013478,0.0111011,-0.0107957,0.00159415,-0.0186053,-0.00145098,-0.0141049,-0.00345793,-0.0101922,-0.0268041,0.00151471,-0.000301412,0.00723437,0.0034772,0.0158509,0.0196815,-0.00920796,-0.00169335,-0.0155615,-0.0384296,0.00118588,-0.00579377,0.0399367,-0.00240428,0.00015863,-0.000365896,0.00090429,-0.00262518,0.0038982,-0.00347153,-0.000398485,0.00116304,-0.00113152,-0.00158633,-0.0143053,-0.00295747,0.00178495,-0.00048455,0.00769126,0.0172396,-0.0222775,0.0194922,-0.00650844,-0.0233971,1.3,11.3,2.8,996.9,21.5,-18.2,39.7,8.3,2.4,13.3,-12.2,398,55,12,38,140,49,101,108
585,cinerea,-131.159,57.902,c170729af,14,0.0117955,-0.00687953,-0.00755226,0.0106996,0.00879037,-0.00354766,0.00244475,-0.00109599,0.004715,-0.00174806,-0.0222298,0.0118947,0.00570683,-0.00343814,0.00187637,0.00194749,-0.00144018,-0.00321016,0.00266893,-0.000416779,-0.0111819,-0.00416401,-0.00248137,-0.00577061,0.00296333,-0.000266597,0.00862678,-0.00209632,0.00735548,0.00595444,-0.00375485,-0.00174998,0.0141049,-0.000957796,-0.0125005,0.00703605,-0.0199792,0.00839762,-0.0151459,0.000399696,0.0101222,-0.0130372,-0.0027234,0.00719236,0.00165526,0.0135457,0.008108,0.0416476,-0.00774358,-0.00160632,-0.0177495,-0.0132703,0.00792015,-0.0205639,0.00940617,0.0244987,0.000318089,-0.00218978,0.000707557,-0.00115003,-0.000185281,-0.00527535,-0.00254174,-0.00246058,-0.00501353,0.000827272,-0.0237325,-0.00378851,-0.000436399,-0.000369292,0.0131357,0.0030572,-0.0250587,0.0250084,-0.00245411,-0.030963,1.3,11.3,2.8,996.9,21.5,-18.2,39.7,8.3,2.4,13.3,-12.2,398,55,12,38,140,49,101,108
586,cinerea,-131.159,57.902,c170730am,14,-0.00573746,-0.0024529,0.00378984,-0.000329382,-0.00310256,0.010352,-0.00585304,-0.00351647,-0.0245082,-0.00180383,-0.0431282,0.00756818,0.0181483,-0.0205522,0.00422606,0.00120037,-0.00447196,-0.00492824,-0.00334415,0.00134696,-0.00422029,-0.00569176,-0.0104799,-0.000507287,-0.000668401,0.000807649,0.00299376,-0.00217467,0.00162727,-0.00198907,0.0027268,-0.00688973,0.0161862,0.00501363,-0.0187649,0.00348464,-0.0255937,-0.000428162,-0.0194684,-0.00603503,-0.00943875,-0.0252888,-0.0027428,-0.00195197,0.00865513,0.0118397,-0.00184804,0.0125683,-0.00378403,-0.0124736,-0.00410354,-0.0100101,0.00278841,-0.0193281,0.0336722,-0.0127525,-0.000793523,-0.0031828,0.000950711,-0.00386255,0.0112767,-0.00663818,0.000536124,-0.00290482,0.00174018,-0.00508454,-0.0133641,-0.00253107,0.00180979,0.00276517,0.0125039,0.0300344,-0.0338999,0.0177574,-0.0305424,-0.0232691,1.3,11.3,2.8,996.9,21.5,-18.2,39.7,8.3,2.4,13.3,-12.2,398,55,12,38,140,49,101,108
587,cinerea,-121.905,56.031,c170735af,14,-0.00894042,-6.00E-05,0.0039695,0.0153648,-0.00957366,0.0123408,-0.00786956,0.00435848,-0.00622514,0.0132593,-0.00296858,-0.0148033,0.0128344,0.00297935,-0.00178935,0.00173591,0.00386848,-0.00157156,0.000826387,-0.000297539,0.00644172,-0.00201002,-0.00551168,0.00264813,-0.00522798,0.00196448,0.0037815,-0.00154191,-0.00838147,-0.00551444,0.0125017,-0.00363477,0.0127416,0.00575741,-0.0074969,0.00127416,-0.00106681,-0.00646501,-0.0298498,-0.00560035,0.00503452,0.000913043,-0.00432935,0.00263796,-0.000365675,0.00922284,0.00323263,-0.00135428,-0.00440304,-0.0070034,0.000312955,-0.00902269,-0.0383291,-0.0147923,0.0169727,0.0276027,0.000324443,-0.00037228,0.000819238,-0.00237775,0.00366693,-0.00443057,-0.00107156,-0.00149201,0.00297997,-0.00181319,-0.002277,-0.0155936,-0.0102205,0.0105752,0.0106962,0.00537602,-0.0141694,0.0161888,-0.0101891,-0.0249466,2.8,10.9,2.7,1020,22.3,-17.1,39.4,15.1,-3,15.1,-11.1,499,79,18,44,208,74,208,94
588,cinerea,-112.254,42.796,c176577am,14,-0.00454886,0.000697909,-0.0057702,0.00235359,-0.0149649,0.00312616,0.00755723,-0.00397501,0.00361442,-0.0112859,-0.0353226,0.0124204,0.0221457,-0.00977236,0.000759799,-0.00104331,-0.00562153,-0.0106067,0.00506803,0.00157982,0.00472005,0.000385726,0.00224138,-0.0057171,0.00202092,0.00310642,0.00270563,-0.00216523,-0.000340776,0.00490857,0.00527194,-0.00826959,0.0174919,0.00450446,-0.0141825,-0.00111953,-0.0039339,0.00288699,-0.000938173,-0.00159765,0.0026819,-0.0180963,0.00111928,-0.00202351,-0.00114963,-0.00751934,-0.00487363,0.00188717,0.0171951,0.0017959,0.00840491,-0.0224518,-0.0303344,-0.0138887,0.0347958,-0.00133761,0.000172714,1.56E-05,-2.97E-05,-0.00170498,-0.0012871,0.00541385,-0.00107266,0.000554407,-0.00213441,0.00476066,-0.0103457,0.00501373,-0.0034796,0.00106655,0.0102483,0.0124426,-0.0175246,0.0128017,-0.00802019,-0.019948,6.5,14.6,3.6,872.7,29.3,-11,40.3,10.5,17.2,17.8,-4.8,354,41,20,18,106,66,74,92
589,cinerea,-112.003,42.312,c176578am,14,0.0109532,-0.00656872,-0.000603468,0.00245976,-0.0143451,0.016215,0.0244701,-0.00723162,-0.00546824,-0.00103239,0.00907564,0.00592892,0.0109466,0.000109745,0.00884082,-0.000899681,0.00980047,-0.00713618,-0.0104344,-0.000925474,0.00176347,0.00264925,0.00338536,-0.00472552,0.00032416,-0.00409702,0.000745263,-0.00328465,-0.000276553,0.00689976,0.00800364,0.00264648,0.00594325,-0.00234486,0.00169722,0.00215794,-0.00109872,-0.00809042,-0.0081293,0.00497008,0.00158324,0.00448419,-0.00874806,0.000963156,-0.0067972,0.0105502,-0.00151059,0.00467033,-0.0191322,-0.0130485,-0.00247845,-0.0151164,-0.00413367,0.00455307,0.00591938,0.0470701,4.63E-05,-0.00032223,-0.000105587,0.00117603,0.00304755,-0.000822527,-0.000569399,-0.00144859,-0.000557863,-0.000970132,0.00230014,-0.013735,-0.00183482,0.00375629,0.00235652,-0.00262554,0.00478753,-0.00636132,0.000283486,-0.0104837,7,15.3,3.6,895.2,30.5,-11.1,41.6,11.2,17.9,18.5,-4.7,386,46,21,18,117,74,80,98
590,cinerea,-111.29,43.408,c177090am,14,0.00840587,-0.00572908,0.0197348,0.00157136,-0.0154299,0.0151827,-0.000509304,0.00351149,-0.00405353,0.0188534,-0.0342775,-0.000632115,0.0215139,-0.00461324,0.00728446,-0.000237205,-0.0232795,0.00153327,0.00495365,-0.000361938,-0.0015331,0.00111399,0.0051594,-0.00483054,0.0107448,-0.0036757,0.00232271,0.00706168,-0.0024787,-0.0051221,0.0028419,-0.0040611,0.0202521,3.39E-05,-0.025017,-0.00151059,-0.0140166,0.00459199,-0.00481758,0.00352567,0.000285734,-0.0199306,0.00562988,-0.00422652,0.0101783,-0.0148719,-0.00187454,-0.000556115,0.00990407,-0.0120466,0.0155318,-0.00385003,-0.0253991,-0.0345784,0.0130015,-0.0182243,0.000114068,-8.82E-05,0.00114112,0.00244679,-0.000448905,-0.00506299,-0.00238565,0.000297905,0.000810044,0.00836864,-0.0154615,0.0162382,-0.00610207,-0.00900051,0.0136289,0.0175456,-0.0327165,0.0260801,-0.0199305,-0.016777,5.8,15.1,3.7,874.3,28.7,-12,40.7,9.8,16.4,17,-5.6,441,55,28,19,136,95,102,109
591,cinerea,-127.645,55.25,c202926am,14,0.00957174,-0.00206289,0.00139009,0.0121758,0.00403044,0.0070651,0.0075748,0.00352693,-0.0324185,0.00320052,-0.015912,0.00207947,0.0438355,-0.0170564,0.00324446,-0.000734343,-0.00361085,0.00343535,-0.00833304,-0.00506769,0.00406272,-0.00343045,-0.0032598,-0.00212617,0.00215393,-0.00284088,0.00265215,0.00151569,-0.00825487,-0.0071522,-0.00334621,-0.00673826,0.0188813,0.00291977,-0.00976432,0.00604689,-0.0240646,0.00205791,-0.0166228,0.00497725,-0.00605623,-0.0279031,-0.0102463,-0.00637689,0.00743761,0.0147859,0.00649111,-0.00278152,0.0019422,-0.00770591,0.000770438,-0.0106023,-0.01289,-0.0083004,0.0503411,-6.71E-05,0.000367119,-0.00243646,0.000816799,0.00016897,-0.00202786,-0.00130314,-0.00284861,-0.00195948,-0.00162547,0.00736597,-0.0173702,0.00202504,-0.00806631,-0.00144666,0.015907,-0.000827932,-0.0255578,0.0274162,-0.0095382,-0.0308079,4.3,10.3,2.8,830.2,22.3,-13.7,36,4.7,0.1,14.4,-6.9,549,66,22,31,180,78,143,147
592,cinerea,-129.0038,58.183,c206074af,14,0.00754809,-0.00902959,-0.0135435,-0.00294666,0.0122595,0.0134786,0.00380749,-0.00978654,-0.0235954,0.00749191,0.0129447,-0.000709732,0.00745783,0.0112461,0.00449582,0.00158991,0.00990166,-0.00708641,-0.00609966,0.00556803,-0.00203133,0.00809165,-0.00425862,-0.00667119,-0.00717854,0.00574008,0.00605682,-0.0113909,0.0139393,0.00925106,0.0106656,-0.00205106,-0.00185152,-0.000887952,-0.00296057,0.00381858,0.00351363,0.000288336,-0.0307939,-0.00186253,-0.00886555,0.0178802,-0.0122488,0.00881203,0.00632105,-0.0228962,0.0187961,-0.0162131,-0.0114705,-0.0201143,-0.00208581,-0.0270706,-0.0229335,-0.0135934,0.0354963,0.00280826,0.000290289,-0.000421253,0.000540556,-0.00242064,0.00823497,0.000758594,-0.00210795,-0.00304658,0.000193192,0.00673163,-0.000210536,-0.00941533,-0.00989944,0.00935841,0.00912777,-0.00480141,-0.00240697,0.00518682,-0.0033855,-0.0225547,-3.5,11.5,2.9,966,16.5,-23,39.5,7.5,-9.1,8.5,-16.1,490,65,16,32,173,71,170,115
593,cinerea,-118.65,53.91,c210236af,14,-0.00724224,-0.00854591,0.0118273,-0.000250166,0.00712373,0.00412043,0.00170287,-0.00485673,-0.0182399,0.00410967,-0.0062285,0.0119604,0.0412631,0.00097762,-0.00462175,-0.000325447,0.00600261,-0.00650266,-0.00289975,0.00315729,0.00304645,-0.00156235,-0.00741186,-0.00299006,-0.00338932,-0.00185417,0.00447812,0.000211578,-0.000137747,0.00245524,0.0015043,-0.00451966,0.00620336,0.00205422,-0.00910406,0.00275045,-0.0094915,-0.00262263,-0.0181424,-0.00921255,0.00648049,-0.00572597,0.00808759,-0.0164703,0.00022312,-0.00120145,0.00144701,-0.0116675,-0.0177354,-0.00334794,-0.0227285,-0.0202494,0.00493694,-0.0219414,-0.0121937,0.0252436,7.69E-05,-0.00103026,0.00102339,-0.000833423,0.0102961,-0.0090713,-0.00107023,-0.00067188,-0.000471962,0.0035268,-0.00823071,-0.00405282,-0.00370549,-0.00134067,0.0110563,0.00410815,-0.0174193,0.0166791,-0.0141456,-0.0256547,1.6,11.5,3.2,820.8,19.6,-15.3,34.9,11.8,-3.6,11.8,-9.1,571,80,28,38,228,93,228,106
594,cinerea,-113.377,53.59,c234104a,14,-0.00103057,0.000861357,0.00551491,0.00779849,0.00996973,-0.0125731,0.00966103,-0.00140286,-0.0141701,0.00837841,-0.0477328,0.00190864,0.018259,-0.0117485,-0.00116131,0.00206477,-0.00782716,-0.00479045,0.00432855,0.00345955,-0.0017247,-0.00296516,-0.00492043,0.00115858,-0.00169939,-0.00159537,0.00155757,0.00362289,0.00133055,0.0021231,0.0072104,-0.00976612,0.0227805,0.00158415,-0.0206959,0.00522465,-0.0224231,0.00619022,-0.0234624,-0.010758,0.00829534,-0.0105756,0.00356296,0.00886388,0.0140832,-0.0112326,0.00178743,0.0168921,0.0165152,2.27E-05,-0.00583773,-0.0212173,-0.0201511,-0.0417303,0.00901958,-0.00462557,1.04E-05,-0.00220573,0.00134099,-0.00100072,0.00625477,-0.0014326,0.000119632,-6.97E-05,0.000335088,-0.00284547,-0.0152206,-0.0124664,0.00313289,0.00395094,0.00778321,0.0133433,-0.0272951,0.0242794,-0.0205704,-0.0264313,2.7,11.3,2.6,1086.5,23,-18.9,41.9,15.8,-3.8,15.8,-11.9,452,90,15,68,238,53,238,60
595,cinerea,-123.791,56.9011,c256543af,14,0.00620972,-0.00335311,0.0211178,2.43E-06,-0.00508251,0.0123606,0.0023715,-0.00791641,-0.0121039,0.013734,-0.0114796,0.0089263,0.00843674,0.00545916,-0.000338951,0.00208684,-0.00326673,-0.00927193,-0.00598665,0.000812957,0.00258528,-0.000168383,0.000879987,-0.0021126,-4.08E-05,0.00335648,-0.00511837,-0.00887711,0.00453413,0.0028126,0.00015422,-0.00591162,0.0144079,0.00377664,0.00880331,0.00345721,-0.00412387,-0.00995617,-0.0319633,-0.00597679,0.00272285,0.00770036,-0.0130422,0.00539699,0.00775177,-0.0212173,0.00264125,-0.00565231,-0.00321632,-0.0185583,0.00937388,-0.0130575,-0.0388659,-0.0205937,0.0110652,0.00715166,6.67E-05,-0.00026757,-0.000201535,-5.04E-05,0.00882656,0.00168174,-0.00148661,-0.00149217,-0.00644866,0.00909534,-0.00697338,-0.0022859,0.00229952,-0.000274534,0.0048462,-0.00656548,0.00375716,-0.00461272,0.00309166,-0.0199195,-3.4,10.5,2.7,977,16.3,-22.4,38.7,8.9,-9.3,8.9,-16,534,82,22,37,210,85,210,113
596,cinerea,-123.791,56.9011,c256546am,14,-0.00215779,-0.00859002,0.0140408,-0.00853468,-0.00882185,0.0116553,-0.0108977,-0.0119244,-0.0163333,0.0230902,-0.0202417,0.001114,0.000959276,0.000199641,-0.00170293,0.000852497,0.00589527,-0.00572505,0.000405569,0.00119685,0.0067255,0.00230602,-0.00591986,-0.00309899,0.00309736,0.0020225,-0.00256734,-0.00337028,0.0107214,0.00477332,-0.00587853,-0.0074343,0.00482455,0.00288024,-0.00572314,0.00655568,-0.00691219,0.00325192,-0.00955608,-0.004922,-0.0042566,-0.00708631,-0.00292003,-0.00158497,-0.00443879,0.0213501,0.000142244,0.0187756,-0.0217126,-0.011868,-0.00605717,-0.0200151,-0.00301491,-0.0145237,0.0243606,0.0203385,-2.31E-05,-0.000583125,-0.00015796,0.00219546,0.00598908,-0.00237219,-0.000670078,-0.000463007,-0.00138848,0.00242707,0.000933339,-0.00556159,-0.00700911,0.00218443,0.0113293,0.00358509,-0.00581851,0.000529122,-0.012561,-0.0220863,-3.4,10.5,2.7,977,16.3,-22.4,38.7,8.9,-9.3,8.9,-16,534,82,22,37,210,85,210,113
597,cinerea,-123.791,56.9011,c256548am,14,0.00432853,-0.00441168,0.00285034,-0.00226314,-0.00997563,-0.00521079,-0.0123233,-0.00574974,-0.0118058,0.0157715,-0.0452498,-0.00414548,0.015235,-0.0233155,0.00209656,-0.000588595,0.00565695,0.00396214,-0.00575471,-0.00628379,0.00973037,-0.000534776,-0.00363638,0.00120573,0.00444449,0.00110547,0.00611631,0.00614393,-0.00539909,-0.00105921,0.00558588,-0.00671232,0.00831735,-0.00593773,-0.0140623,9.64E-05,-0.0136542,0.0095274,-0.0225571,0.00271259,0.00533015,-0.00997904,0.00657111,0.00107169,0.000900004,0.00212377,-0.0145224,0.0091957,0.00956716,-0.0086894,0.0269987,-0.014815,-0.0537261,-0.0294144,0.0450163,-0.018031,-0.000162374,-0.00289579,-0.000567299,-0.000811157,0.0005872,-0.00808927,0.0005366,-0.00127481,-0.00682936,0.00272562,-0.0148515,-0.000601377,0.00558781,-0.00914834,0.011595,0.0132653,-0.0145015,0.00900081,-0.00670058,-0.029899,-3.4,10.5,2.7,977,16.3,-22.4,38.7,8.9,-9.3,8.9,-16,534,82,22,37,210,85,210,113
598,cinerea,-113.783,42.607,c294972af,14,-0.00231185,-0.00507954,0.0278488,0.00225226,0.00301766,0.00173221,-0.00437851,-0.00271453,-0.00256213,-0.00591575,0.00328219,0.0073458,-0.000104613,0.0133378,0.0104129,-0.00152848,0.00614384,-0.00493439,-0.0126415,-0.00174286,0.00802345,0.00439158,0.00875477,-0.00454649,-0.00268366,0.00125835,0.000754888,-0.00924099,0.00197568,0.00489107,-0.00104225,-0.00277648,0.000781875,0.0020962,0.00534574,-0.00110196,0.00778048,-0.00955066,-0.0177149,0.00412803,0.00637787,0.0143071,-0.0103176,-0.00841048,-0.0048955,0.0128384,-0.00681759,-0.0162992,-0.00784334,0.000521408,-0.0185788,-0.0296897,-0.0305103,0.00488283,0.0245287,0.0165515,-5.53E-05,0.000609367,0.000200209,-0.00155739,0.00416427,0.00645968,-0.00101913,0.0010953,0.00145186,0.00235657,0.00413695,-0.00656048,-0.00730913,0.00541942,0.00362579,-0.0142558,0.00438064,0.00027871,0.00213936,-0.0116788,8.6,14.7,3.7,836,30.8,-8.3,39.1,12.4,18.9,19.6,-2.1,255,31,11,26,79,40,49,71
599,cinerea,-119.83,39.58,c564207af,14,0.0079494,-0.000363738,0.0177391,0.000178342,0.00555063,0.0120124,0.00537296,-0.0114377,-0.0305434,0.00640612,0.00784316,0.0094874,0.0165624,0.0226297,0.00523032,-0.00334106,0.00736084,-0.00837909,-0.00735723,0.00145562,0.000766024,0.00432191,-0.000148788,-0.00234749,-0.0025117,0.00127344,-9.77E-05,-0.0102547,0.0051992,0.00435556,-0.000428966,-0.00535543,-0.0042634,-0.00260928,-0.00216011,0.00307595,0.00368667,-0.00899134,-0.012401,-0.00504473,-0.00300468,0.0188916,-0.00774822,-0.00240617,0.00486904,-0.00667881,0.0122785,-0.00639118,-0.00704877,-0.0086392,-0.020823,-0.0291174,-0.0274626,-0.00852085,0.0125171,0.0232265,-4.97E-05,0.0012574,0.000506888,-0.00257406,0.00355476,0.0095431,-0.00186911,0.00204342,0.00196674,0.00464252,0.0011731,8.02E-05,-0.0061066,0.00865238,-0.000408648,-0.0177242,0.00339228,0.00710822,0.00587477,-0.00233351,9.5,17.3,4.4,723.1,31.3,-7.3,38.6,0.7,19.1,19.1,0.7,221,37,8,47,92,28,28,92
600,hodomys,-100.55,17.19,HA38660am,15,0.0023088,0.00356164,0.014623,-0.00130846,-0.0171967,0.00469006,0.0011039,0.00088201,-0.00935603,-6.35E-05,0.00768961,-0.00727267,0.0105605,-0.0150826,-0.00263375,0.00374905,-0.00128488,0.00194582,-0.00309644,-0.000854594,0.00934231,0.00133443,-0.00645152,-0.00235524,0.00604102,0.00183328,-0.00983971,-0.00150776,0.0120716,-0.000962659,0.000729947,0.00383756,0.011893,0.00109218,0.00663329,-0.00141609,0.0180364,0.00298499,-0.00947551,-0.000200008,-0.0131086,-0.0171203,0.00898187,0.00493506,0.0033635,-0.00825142,0.0033041,-0.0266099,0.0158418,0.012317,-0.0173067,-0.00842828,-0.011107,0.0198769,0.00353012,-0.00159583,0.000147913,0.00185338,0.000767872,0.00303931,-0.00212049,-0.00389451,-0.000781983,-0.000542881,0.00623672,-0.00080333,0.00951944,0.00688627,-0.0151943,0.002185,0.00986089,0.0112613,-0.00849636,0.0103164,-0.00758296,-0.0171053,28.1,11.7,8,68.5,35.2,20.7,14.5,28.4,27.8,28.9,27.1,1098,321,1,113,713,6,417,24
601,hodomys,-103.77,19.2,HA40166af,15,-0.0100554,0.00368989,0.00890136,-0.0018696,-0.0134612,-0.0155742,-0.00765259,0.00951616,0.00715246,-0.0162827,0.0026564,-0.00511893,0.00711918,-0.00903251,-0.00654668,0.00332481,0.000911688,0.00944671,-0.00409785,-0.0070626,0.00374846,0.00357583,-0.0087417,-0.00322321,-0.00273262,-0.00155088,-0.0145118,0.00449757,0.0101712,-0.0056561,-0.0122799,0.0021635,0.00823788,0.00206724,0.0132778,-0.000600139,0.00688283,-0.00643236,-0.0037376,0.00949185,-0.0117006,-0.0204527,-0.000936745,0.00277993,-0.0115164,0.00587807,-0.0128276,-0.0104631,0.000262374,0.00638094,-0.0124444,-0.00288191,-0.0165791,0.0332902,0.0201107,-0.016796,-0.000250409,-2.52E-05,0.000719698,0.00181982,0.000411849,-0.00208331,0.00333537,-0.00185236,0.00525356,-0.0096233,0.0130882,0.000303047,0.00313522,0.000158866,-0.00330684,0.0211378,-0.00103097,-0.00646729,-0.013114,4.85E-05,25.7,14,7.1,149.9,34.8,15.2,19.6,26.8,24.4,27.4,23.6,859,198,3,108,589,11,321,45
602,hodomys,-105.18,21.07,HA64536am,15,0.0106177,-0.000242174,-0.0144349,-0.00213081,-0.0202989,-0.00393819,0.000384277,0.00412681,0.023883,-0.00446855,-0.00484801,0.00431253,-0.00941913,-0.00327231,0.000668328,0.00676309,0.0010249,0.00314333,-0.00648972,-0.00388059,0.0126618,-0.00165263,0.00312775,0.00198972,0.0026467,0.000425445,-0.0106536,0.00161584,0.00777025,-0.00271551,0.00136215,0.00258914,0.00944834,0.00144048,0.0176508,-0.00300557,0.02664,-0.00233515,-0.020532,-4.83E-05,-0.00514927,-0.00507144,-0.00352703,0.00425577,0.00608203,0.0116138,-0.014069,-0.00220799,-0.00300829,-0.00154338,-0.0162765,0.0144283,0.00740653,0.0238648,0.0137959,-0.00446793,-0.000110596,-7.31E-05,0.00027815,0.000709704,0.0012821,-0.000321919,0.000636593,0.00144771,0.00471671,0.000434757,0.00838045,0.00571457,-0.0069351,-0.0108672,0.00273741,0.00671157,-0.00122551,0.000829396,0.00109061,-0.0116046,25,12.4,6.7,243.7,32.8,14.5,18.3,27.7,23.9,27.7,21.7,1368,367,4,119,1016,19,1016,42
603,hodomys,-105.18,21.07,HA64541am,15,0.0172882,0.00203649,-0.00115383,-0.0034598,-0.0307634,0.0114302,0.00801369,-0.00334191,0.00843355,-0.00750355,-0.0114236,0.00401946,-0.00144485,-0.0226746,-0.00112046,0.00624934,-0.0013636,0.00437338,-0.00632383,-0.00389411,0.0148388,0.00162074,-0.000328233,0.000187217,-0.00262008,0.00147327,-0.0179139,0.00014379,0.00936782,-0.00421241,-0.00495351,0.000985703,0.00668509,0.00408778,0.00869962,-0.00459344,0.0173985,-0.00273565,-0.0115167,0.000377763,-0.00878096,-0.0146816,0.00399596,-0.00393108,0.011358,0.010728,-0.013744,-0.0111174,0.0120649,0.0167501,-0.0199019,0.0116743,-0.00714277,0.0362355,0.0349234,-0.0332061,-0.000151488,0.000566475,0.00119656,0.00222538,0.00606132,-0.00673692,0.00111903,-0.00305439,0.00439956,-0.00303866,0.00539528,0.00820696,1.46E-05,-0.0142393,0.00121059,0.0162202,-0.00398922,0.00284583,9.16E-05,-0.0217303,25,12.4,6.7,243.7,32.8,14.5,18.3,27.7,23.9,27.7,21.7,1368,367,4,119,1016,19,1016,42
604,hodomys,-105.18,21.07,HA64542am,15,0.00224913,-0.00213386,-0.00414324,0.0083734,-0.0439642,0.015977,-0.00151677,0.000517163,0.0050561,0.00104596,-0.00811091,0.00695957,-0.00228069,-0.0103056,0.00944117,0.00702016,-0.00193088,3.81E-05,-0.00973416,-0.00142188,0.0102695,-0.00403755,0.00782713,-0.000494935,0.0122712,0.000854133,-0.0191625,-0.00151101,0.0095994,0.000848844,-0.00250122,-0.00287446,0.0128647,0.00103867,-0.00043754,-0.00454975,0.020977,0.00177161,-0.00712353,-0.00346459,0.00366561,-0.00979411,0.00200568,-0.00418591,0.010964,0.00534355,-0.0263763,-0.0116616,0.0115891,0.00391199,-0.00890947,0.0232611,-0.00385737,0.0224822,-1.21E-05,-0.035323,0.000140265,0.00371619,0.000622392,0.00444831,-0.000846796,-0.00169054,0.00231967,0.00129254,0.00389091,-0.00314532,0.00969001,0.0108784,-0.00434009,-0.0145833,0.0058138,0.012505,-0.00509643,-0.00156766,-0.00779815,-0.0125029,25,12.4,6.7,243.7,32.8,14.5,18.3,27.7,23.9,27.7,21.7,1368,367,4,119,1016,19,1016,42
605,hodomys,-105.18,21.07,HA64543af,15,0.00891833,-0.0027877,-0.01552,0.00234204,-0.02555,0.00827796,0.00742267,-0.00141403,-0.00101166,-0.00755077,-0.0207632,0.0045803,0.00186147,-0.0169472,-0.00114098,0.00555539,-0.0107728,0.000820128,0.00115808,-0.00705217,0.0177448,0.00346046,0.00294831,-3.13E-05,0.0011083,0.00280734,-0.00824305,-0.00260858,-0.000781641,0.000738497,0.00739902,-0.000106363,0.0172678,0.00787397,0.00163712,-0.000501877,0.00810896,-0.00507633,-0.00689764,0.00214219,-0.0174368,-0.0214935,-0.00468244,-0.00286842,0.0120938,0.00247076,0.000901563,0.000100374,-0.0102504,-0.000342035,-0.0350092,-0.00051661,0.0251625,0.0207573,-0.00424715,-0.010035,-0.000479648,-0.000972733,0.00167555,0.00183452,-0.00211257,0.00587764,0.00164568,-0.00241406,0.010862,-0.00250848,0.00702102,0.0141801,-0.00674606,-0.00668758,0.00626777,0.0177105,-0.0202128,0.0207329,-0.0210287,-0.0221986,25,12.4,6.7,243.7,32.8,14.5,18.3,27.7,23.9,27.7,21.7,1368,367,4,119,1016,19,1016,42
606,hodomys,-105.27,20.81,HA64544am,15,-0.00993837,0.00588395,-0.0230793,0.00182557,-0.00821358,-0.0155657,0.00396849,0.00746188,0.00581894,-0.0112765,0.00225707,-0.00784757,0.0207167,-0.0189842,-0.0112946,0.00538862,-0.0137701,0.00628374,0.00658754,-0.00711877,0.0145399,-0.00177217,-0.00811665,-0.00089204,-0.00514068,0.000674942,-0.0185343,0.00114963,-0.000854273,-0.00579722,0.00132787,0.00344292,0.0205431,0.00650712,0.000240359,0.000624776,0.00416927,0.00122953,-0.0186061,0.00248236,-0.0132821,-0.0275139,-0.00423605,-0.000351558,0.00761339,-0.0235589,-0.00809491,-0.0455398,-0.00626621,-0.00291902,-0.000520898,-0.00363618,0.0113252,-0.00231011,-0.00188107,0.0249081,0.00030635,0.00114523,0.00240163,0.00646924,-0.00293526,0.00602996,0.000447463,0.00135418,0.00714254,-0.00909374,0.0019125,0.016611,-0.00526829,-0.00134358,0.00846977,0.0246278,-0.0254567,0.014487,-0.0222227,-0.0161605,25.3,12.4,6.8,238,33.2,15,18.2,28,24,28,22.1,1169,325,4,118,856,19,856,41
607,hodomys,-105.27,20.81,HA64545am,15,0.00943779,0.00261457,-0.0124064,0.00742695,-0.016312,0.00658853,-0.00303799,0.0017953,0.00735814,-0.00769312,-0.00725115,0.00117313,0.00591856,-0.0190833,-0.00285064,0.0069374,-0.00353756,0.00528609,-0.00407981,-0.0047938,0.0122941,8.61E-05,0.00443006,-0.00337441,0.000213805,0.0015117,-0.0179782,-0.00697823,0.0175535,0.00186642,-0.00811747,0.00328394,0.00896034,0.00212494,0.0162415,-0.00058633,0.0202301,-0.00368407,-0.032088,-0.000335344,-0.00193945,-0.0139119,0.00213269,-0.00461967,-0.00269227,-0.00666131,-0.0166429,-0.0367747,-0.00656292,-0.00326969,-0.0038189,0.00300553,0.00991305,0.015418,0.0257308,-0.00462509,-9.90E-05,0.00125973,0.000167295,-0.000641212,0.00556776,0.00438771,0.000117084,-0.000143159,0.000702542,-0.00147796,0.00459707,-0.000539998,-0.00937759,0.00170111,0.0106778,0.0108373,-0.00650642,-0.00454885,-0.00864435,-0.0244863,25.3,12.4,6.8,238,33.2,15,18.2,28,24,28,22.1,1169,325,4,118,856,19,856,41
608,hodomys,-105.27,20.81,HA64548am,15,0.0177137,0.000172056,-0.0173594,0.00147515,-0.0169952,0.00964493,-0.0124618,0.00252433,0.0167725,-0.0171682,0.0158698,0.00941417,0.00400592,-0.00376682,-0.00785333,0.00318975,0.00280832,0.00478401,-0.00377309,-0.00454327,0.014384,0.00311186,-0.00187308,-0.000222843,-0.00970028,-0.00361872,-0.0185169,-0.00355459,0.0133748,-0.000447829,-0.00753073,0.00646942,0.0114781,0.00517828,0.0113849,0.00230714,0.0182155,-0.0110825,-0.0309978,0.0060597,-0.00794046,-0.0137146,-0.00740828,0.0011944,0.00509934,-0.00348327,-0.0110231,-0.021699,-0.00650615,-0.00121135,-0.0215269,0.00501272,0.000526521,0.00325281,0.0231571,0.000197465,-0.00040014,-0.00127536,0.000636963,-0.00349165,0.00770133,0.00215818,0.000666629,0.00117961,0.000531848,-0.00219538,-0.00285625,0.00933888,0.00466184,-0.00277206,-0.00342283,0.0105135,-0.00485322,0.00503489,0.00673615,-0.0138893,25.3,12.4,6.8,238,33.2,15,18.2,28,24,28,22.1,1169,325,4,118,856,19,856,41
609,hodomys,-105.27,20.81,HA64549af,15,0.00981092,0.0024746,-0.00487794,-0.00147853,-0.0242485,0.0113337,0.0043439,-0.00631181,0.0152639,-0.00747975,0.0131394,0.00176379,-0.000517134,-0.00849891,-0.00317763,0.00439147,-0.00670684,0.0098685,-0.00129664,-0.00577081,0.0118051,0.00161046,-0.00416922,0.00337617,-0.00258256,-0.00120503,-0.0226566,0.00418936,0.00558265,-0.00430539,-0.0036333,0.00543356,0.0165354,0.00123104,0.0191044,-0.00596962,0.011823,-0.0016021,-0.0136566,0.00783456,-0.00560263,-0.00717234,-0.00929837,0.000523395,0.0112934,-0.00630502,-0.00613826,-0.0273287,-0.00824511,-0.00484806,-0.0287975,-0.00423477,0.00954514,0.0184504,0.0181395,-0.00110221,-0.000165207,0.0020926,0.000504463,0.000787933,0.0017646,0.00456206,0.00139167,-2.80E-05,0.00241696,0.00319443,0.00414291,0.0133165,-0.00221778,-0.0112775,0.00400254,0.00371113,-0.00484957,0.00408015,-0.00569928,-0.0121555,25.3,12.4,6.8,238,33.2,15,18.2,28,24,28,22.1,1169,325,4,118,856,19,856,41
610,hodomys,-105.45,22.52,HA85382af,15,0.025682,0.00496118,-0.000887421,-0.00119797,-0.0155107,0.00274341,0.00957969,0.00220378,-0.00796765,-0.0110276,-0.0229324,-0.00385899,0.0113524,-0.00524328,-0.00526283,0.00515826,0.00755167,0.00120883,-0.0100441,-0.000387749,0.0211098,-0.000646271,0.0011135,-0.00408133,-0.00378402,-0.00319589,-0.00452991,-0.00156964,-0.000484572,-0.00287648,0.00156403,0.002655,0.00500135,0.00384157,0.00366351,-0.00330849,0.00619696,-0.00479406,0.000450163,0.00634251,-0.00127075,-0.0125834,0.00380227,-0.00143801,0.00318192,-0.0419119,0.000651784,-0.0530682,-0.00153469,-0.000545323,-0.0198322,-0.00202819,0.0104968,0.0264975,-0.0109625,0.0105183,1.54E-05,0.00507594,0.00102244,0.00114154,0.000212675,-0.000633623,0.000720272,-0.005672,0.00634033,0.0021106,0.0120952,0.00196231,-0.00921228,-0.00604195,0.00610319,0.013672,-0.0012057,0.000126708,-0.0075127,-0.0184713,24.8,11.6,6.1,272.3,32.9,14.1,18.8,27.7,23.8,27.8,21.2,1163,303,1,120,873,12,709,67
611,hodomys,-105.45,22.52,HA85383af,15,0.0272525,0.00459243,-0.013456,-0.00446654,-0.0124432,0.0130839,0.00286202,-0.00845162,-0.00974996,-0.00113765,-0.021057,0.00815588,0.0134694,-0.020101,-6.98E-05,0.00399735,-0.00654347,0.00201458,-0.00559178,-0.00259698,0.0156074,0.00159299,-0.0101398,-0.00354709,-0.00373773,0.000642641,-0.00469486,-0.00016422,0.00477554,-0.00192382,-0.00153885,-0.00116533,0.013382,0.0036199,0.00975818,-0.00213172,0.00411252,-0.000974704,-0.0100277,-0.00287396,-0.0138185,-0.0223863,0.00537726,-0.00640669,0.00974016,-0.0166465,-0.00333979,-0.0160584,0.000183537,0.00214071,-0.00104605,0.00549508,0.0197714,0.0168251,0.0120784,0.0230128,-0.00020936,0.0029611,0.000956986,0.00310489,-0.0011154,-0.000322111,0.000477479,-0.00748148,0.00273815,-0.00343749,0.00484889,0.00968447,-0.00951207,-0.00307372,0.0156726,0.0190034,-0.0121834,0.00163994,-0.016228,-0.0310609,24.8,11.6,6.1,272.3,32.9,14.1,18.8,27.7,23.8,27.8,21.2,1163,303,1,120,873,12,709,67
612,hodomys,-105.45,22.52,HA85386am,15,0.011089,-0.00142515,0.00798589,-0.00867159,-0.000927776,-0.00997727,0.00866659,0.00478095,-0.00517246,-0.00691443,-0.0199434,-0.00498479,0.0134338,-0.00810173,-0.00266465,0.00126881,0.0123474,0.00225072,-0.00479666,-0.00353012,0.0222579,0.00583314,-0.00318724,-0.000769291,-0.00517231,-0.00350963,0.00717268,0.00018903,0.00747393,-0.000745102,0.00617399,0.00427522,-0.00604288,0.000858026,-0.0128791,-0.002562,0.0111914,-0.00220545,-0.00788106,0.0066934,0.0112231,-0.00936612,0.00898777,0.00792797,0.0066919,-0.0148918,0.00421176,-0.019317,0.0065339,0.00286356,-0.0074308,0.0117418,0.0243417,0.00153859,-0.000220209,-0.0120925,-0.000124281,0.000813398,0.00179473,0.00304741,0.00200581,-0.00380747,0.00122842,-0.000473807,0.00880734,-0.00893822,0.00803387,0.00464451,-0.00674173,-0.00882129,0.00549116,0.021303,-0.0157634,0.00820398,-0.014426,-0.0200136,24.8,11.6,6.1,272.3,32.9,14.1,18.8,27.7,23.8,27.8,21.2,1163,303,1,120,873,12,709,67
613,hodomys,-104.7,19.24,HA87659af,15,0.015598,-0.00232705,0.0305819,-0.0146326,-0.0165033,0.01188,0.0071849,-0.0089353,0.00111176,-0.00605598,-0.00798786,0.0136368,0.0112512,-0.011353,-0.0140569,0.00347897,0.0110134,0.000859713,-0.00500097,-0.00233262,0.0011449,-0.00250782,-0.0028023,-0.00368543,0.00148677,-0.00434333,-0.015747,-0.00251707,0.0056423,-0.00219996,-0.00735144,-0.00365732,0.00736635,0.00201487,0.019092,0.00228996,0.012817,-0.00128797,-0.00296687,0.00158845,0.000591274,-0.0120186,-0.000866173,0.00170092,0.0121184,0.00477842,0.0015222,-0.010915,0.000260136,0.00605464,-0.0231288,0.00572364,0.00266123,0.0374555,0.00414717,-0.00806995,-0.000178804,-0.00142172,-0.000209475,-0.00149868,0.00221366,-0.00127071,0.000785858,-0.00313815,0.00146187,-0.00722621,0.00889856,-0.00635426,-0.00811087,0.00439299,0.00491308,-0.00189938,0.00771255,-0.0113046,0.00821078,-0.0170088,26.3,11.8,7.2,155,33.1,16.9,16.2,27.9,24.4,28.1,24.2,880,244,2,109,598,13,442,33
614,hodomys,-105.77,22.65,HA93086af,15,0.00444042,0.00436328,-0.00755788,-0.00130848,-0.00264294,-0.00464874,0.00201099,0.000307325,-0.00104412,-0.0143585,-0.000622317,-0.0020338,0.0115314,-0.00943861,-0.00232907,0.0043085,-0.00614605,0.00328438,0.000292198,-0.00337367,0.0188825,0.00227801,-0.00991245,-0.000728957,0.0250153,0.00273682,-0.0130534,-0.0012724,0.00820205,0.000447349,0.00966759,-0.00232797,0.00205233,0.00171045,0.0172079,-0.00119532,0.00797447,-0.000527338,0.00429068,0.0025325,-0.0130301,-0.00152211,0.00416034,0.00161783,0.00917051,-0.00267915,0.00577092,-0.00197226,-0.00655052,-0.00738559,-0.0108856,-0.010455,0.0239307,0.015349,-0.00945969,0.00534109,-0.000139291,0.00310073,0.000347709,-0.00139411,-0.00833456,0.0202537,0.000855205,-0.000556538,0.00126272,0.00338659,0.00176576,0.0248689,-0.0112004,-0.0009957,0.0123514,0.00319922,-0.0132016,0.00714983,-0.010306,-0.0165127,24.9,10.7,5.9,291.2,32.7,14.6,18.1,28.1,23.8,28.2,21,878,209,0,102,578,8,442,63
615,hodomys,-102.9,19.37,HA111952af,15,-0.00785032,0.00147372,0.0142825,-0.00176834,0.000343779,-0.0141929,-0.00770188,0.0048904,-0.00363921,-0.0146106,0.0149919,-0.000416409,0.00756051,-0.000680722,-0.0128827,0.000648822,0.00506049,0.00516395,-4.68E-05,0.00217745,0.0138859,-0.00337337,-0.0111343,-0.00153058,0.0023301,-0.000224731,-0.00192149,-0.00101913,0.0106051,-0.00538184,-0.0140195,0.000610235,0.00177423,0.00169965,-0.00913202,0.00392165,0.0010124,0.00100312,0.00274522,0.00418207,-0.00285794,-0.0150695,0.000311924,0.0108018,0.00244818,-0.0133265,-0.000610724,-0.0114991,0.00780332,0.00109095,-0.0180443,0.00821142,-0.0050781,0.0133049,-0.0160042,0.0293326,3.91E-05,0.000915445,0.00090076,0.00135087,0.00281003,-0.00329775,-0.000135837,-0.000962843,0.00192877,0.00387322,-0.00265723,0.0135033,0.00404558,-0.0134726,-0.00415542,-0.00573602,-0.00103463,0.0083058,0.00415595,-0.00268528,26.6,14.6,6.5,172.6,37.8,15.5,22.3,27.7,26.5,28.8,24.2,865,183,3,104,533,14,201,31
